segment_id,Start_Lat,Start_Lng,predicted_risk,intervention,cost,effectiveness
seg_0,51.525916,-0.086058,0.8277620933002683,lighting,20000,0.1436298369122063
seg_1,53.442717,-1.320674,0.8683973319596184,signage,20000,0.23258554011212373
seg_2,51.558475,-0.211789,0.8687294422211866,speed_bump,30000,0.25337230406056266
seg_3,53.5048,-2.173881,0.8588482408307422,speed_bump,50000,0.13332722860569488
seg_4,54.920465,-1.612777,0.8508048371475456,speed_bump,50000,0.1087716566835832
seg_5,53.532415,-2.313775,0.8583658519756138,signage,50000,0.18791747506026774
seg_6,53.204871,0.020127,0.7340938802497082,lighting,30000,0.2548048171984874
seg_7,51.715462,-0.371067,0.770958936787228,signage,50000,0.23015596711482852
seg_8,51.49846,-0.15723,0.8816469077358114,lighting,50000,0.24037634408291825
seg_9,51.896459,-2.069101,0.8705563897472253,lighting,20000,0.1805678679986737
seg_10,51.827875,-3.010948,0.8828627271165255,speed_bump,50000,0.14698910905061396
seg_11,53.446158,-2.218133,0.8866175064016307,signage,20000,0.2063557686569219
seg_12,54.870871,-1.440814,0.8867109208318051,signage,30000,0.14087313874983937
seg_13,55.815042,-4.214609,0.8667538003488293,signage,50000,0.24524573939701313
seg_14,51.450344,0.012535,0.8910773562256317,signage,30000,0.13939329119189542
seg_15,51.587125,-0.040611,0.832988474289404,signage,50000,0.15825265334286828
seg_16,51.547437,-0.126837,0.845594616165035,speed_bump,20000,0.20130895566460105
seg_17,51.52108,-0.260535,0.8657379100776147,lighting,30000,0.19734198682869897
seg_18,52.040624,-0.651864,0.8521511043442651,signage,50000,0.22016987528140586
seg_19,52.910179,-1.872235,0.8849077589639955,speed_bump,30000,0.18748892009998339
seg_20,51.456967,-0.218926,0.8609027621681186,speed_bump,50000,0.28389466170201827
seg_21,53.828281,-2.985326,0.8857239367517812,speed_bump,30000,0.26798681883943765
seg_22,53.048977,-1.202317,0.8910725015393074,lighting,50000,0.27582269024732764
seg_23,51.540988,-0.343705,0.8770973704521865,signage,30000,0.2259033142806875
seg_24,51.876846,0.547658,0.8708335542211875,signage,50000,0.22700158317216126
seg_25,51.468521,-3.157133,0.8649509167632634,speed_bump,20000,0.22183973674318974
seg_26,52.656199,-2.010907,0.831894771985585,speed_bump,20000,0.18697683088429123
seg_27,53.386884,-1.479287,0.8728909250039701,signage,20000,0.16442120021345252
seg_28,51.560293,-0.115344,0.8817205883653086,speed_bump,50000,0.21840057748977404
seg_29,50.106949,-5.550086,0.8839035364841051,speed_bump,20000,0.10510636742769007
seg_30,53.715206,-1.271182,0.8718228826828031,speed_bump,20000,0.10149128628476062
seg_31,52.672355,-2.490816,0.863272061515068,lighting,50000,0.27032836525934967
seg_32,51.158529,-2.046143,0.8215922186327269,lighting,30000,0.10928480895552445
seg_33,52.774027,-1.554226,0.8820470212100398,speed_bump,20000,0.2049590300666836
seg_34,51.435464,0.101951,0.880118507542614,signage,20000,0.222997552589929
seg_35,51.510553,-3.285412,0.8370198409159343,lighting,20000,0.13963424592448712
seg_36,50.353327,-4.111917,0.8476572874844607,signage,50000,0.2791461676530297
seg_37,52.612405,1.292615,0.8869742198488482,signage,30000,0.138019154349675
seg_38,51.51478,-0.137258,0.8778270788896069,lighting,50000,0.2769029974733349
seg_39,53.014185,-1.302083,0.847321305094941,speed_bump,20000,0.25259805386660705
seg_40,52.914707,-1.234976,0.8420972740779881,lighting,30000,0.1481485907048388
seg_41,51.601597,-0.63737,0.8780836571108344,signage,20000,0.1301488332552187
seg_42,51.074768,-2.513821,0.7520405666686313,signage,30000,0.16324654203724703
seg_43,51.261835,1.335323,0.8971544375504301,speed_bump,30000,0.17959011325405494
seg_44,52.546612,-1.990972,0.8600232219846694,lighting,50000,0.1491569352997847
seg_45,51.557655,0.067908,0.858705763764342,signage,30000,0.2997783097508846
seg_46,51.556886,-0.014499,0.7480758473680846,speed_bump,50000,0.1459304672479162
seg_47,51.577763,0.069975,0.877737079593542,signage,30000,0.2661269653965714
seg_48,57.128319,-2.224116,0.8109533763992033,signage,20000,0.13182354941809454
seg_49,51.224009,-0.199268,0.8858534684033869,signage,50000,0.2960489250551895
seg_50,53.275321,-2.128185,0.8600232219846694,signage,30000,0.14510469165661696
seg_51,53.566088,-2.291829,0.7520405666686313,lighting,20000,0.18433771095671844
seg_52,53.397507,-2.594318,0.8512591614879486,speed_bump,50000,0.21171281335358128
seg_53,51.830292,-1.212172,0.8126409294121661,speed_bump,50000,0.12405714303121868
seg_54,52.508658,-2.061997,0.8736644109418091,speed_bump,20000,0.2633640134958203
seg_55,51.095241,-2.24749,0.8566473203560964,lighting,50000,0.15493710653616596
seg_56,53.959659,-1.079716,0.8908017365910966,speed_bump,50000,0.20985398032033276
seg_57,51.081078,1.172061,0.8912893786170506,lighting,50000,0.20992676213864936
seg_58,52.432534,-1.496344,0.8734197448581773,signage,20000,0.220528130465157
seg_59,52.626147,-1.132907,0.8835513828170589,signage,30000,0.11109719730486295
seg_60,51.947426,-0.622257,0.8900011857078997,signage,30000,0.13372375236631356
seg_61,50.431115,-3.623837,0.7340889854084875,signage,30000,0.13223844858467285
seg_62,51.086739,1.178876,0.8606370555323578,speed_bump,30000,0.16041025188317037
seg_63,53.334573,-2.666587,0.8888831607833779,signage,30000,0.12898283137166797
seg_64,53.66653,-2.311138,0.8505667460983232,speed_bump,30000,0.28438426415485796
seg_65,52.811633,-1.380404,0.7800490030904871,lighting,50000,0.20259089010226014
seg_66,51.519343,-0.058225,0.8179727196684982,signage,30000,0.22471502954053688
seg_67,53.566615,-2.44417,0.8606370555323578,speed_bump,20000,0.17149763507962418
seg_68,53.741313,-0.375481,0.8867109208318051,lighting,20000,0.1552492282067823
seg_69,51.478403,-3.171253,0.8694049066209935,speed_bump,50000,0.20063543404644257
seg_70,51.293234,-0.299281,0.7920982893898079,signage,50000,0.15886459496696673
seg_71,53.219087,-0.6086,0.8509218628948447,lighting,30000,0.16872918514595286
seg_72,51.512464,-0.61265,0.8667942431492512,speed_bump,20000,0.19055017485417142
seg_73,51.522546,0.023647,0.8609027621681186,lighting,50000,0.20114673743687111
seg_74,51.489223,0.313158,0.8705715289236796,signage,20000,0.29686280235636775
seg_75,50.944823,-2.560085,0.8539175376858494,speed_bump,30000,0.1446645176323881
seg_76,51.182807,-1.397449,0.8288134167385981,lighting,20000,0.19759523297652942
seg_77,51.478528,-0.194036,0.8692644364159976,lighting,20000,0.12990234789786778
seg_78,51.275066,-1.112562,0.8454487557329182,speed_bump,50000,0.16999984654159453
seg_79,53.40424,-1.44102,0.8705715289236796,signage,30000,0.24346214374128086
seg_80,51.392895,-0.341513,0.8734197448581773,signage,20000,0.1348924287521149
seg_81,53.374042,-2.191792,0.8831320409771359,speed_bump,30000,0.2162702615100086
seg_82,51.578987,-0.081375,0.8680095281251984,lighting,20000,0.18334020471360143
seg_83,51.470854,-0.353153,0.884697540133837,signage,30000,0.1103159088808946
seg_84,51.683669,-0.612196,0.8617569211990833,speed_bump,30000,0.2866150482956889
seg_85,52.052302,-0.842901,0.856382126351327,signage,30000,0.18272062805857728
seg_86,55.887745,-4.08396,0.8658704252490534,lighting,50000,0.25678530715023323
seg_87,51.399021,0.449527,0.8302749903406541,lighting,20000,0.18326269774636006
seg_88,53.585384,-1.192856,0.8649509167632634,signage,20000,0.2874720643157569
seg_89,51.466084,-0.056888,0.8500173076848866,signage,30000,0.15809406688577948
seg_90,53.25995,-2.128289,0.8659222049573487,speed_bump,50000,0.18244612993753936
seg_91,51.79874,0.63879,0.8806777396736573,signage,30000,0.2517728480518573
seg_92,52.654943,1.292708,0.8508930764302234,signage,20000,0.16873346305617137
seg_93,54.565185,-1.188948,0.8662479861618091,speed_bump,50000,0.17287141426703587
seg_94,51.526629,-0.855253,0.9171605278763062,signage,30000,0.2989646346828447
seg_95,53.082328,-0.823038,0.8583658519756138,lighting,20000,0.2111229051380704
seg_96,52.470726,-2.153953,0.8972961976398784,lighting,30000,0.23787609073402963
seg_97,51.541802,-2.413353,0.8849077589639955,signage,20000,0.22869244683072196
seg_98,51.500839,-2.65807,0.8932740333837024,speed_bump,50000,0.26558482943131445
seg_99,51.546193,0.075321,0.8778270788896069,lighting,20000,0.2723650198883486
seg_100,53.797013,-1.540413,0.8724948757403926,signage,30000,0.21265122649406193
seg_101,50.379327,-4.121512,0.863272061515068,lighting,30000,0.15891121499327987
seg_102,51.633981,-0.566709,0.8185288984744804,signage,20000,0.1045600495149939
seg_103,52.134864,-0.290057,0.8721173266738097,lighting,30000,0.22288065021286402
seg_104,53.481706,-2.242577,0.7987900889142103,signage,20000,0.2650937666531239
seg_105,52.472649,-1.477852,0.7803474256759896,signage,30000,0.1901079611023319
seg_106,51.070177,0.430094,0.8223357068929539,signage,50000,0.13294122809817285
seg_107,52.041965,0.952719,0.7400982571847969,speed_bump,50000,0.1576164145871282
seg_108,50.35239,-4.113984,0.8734197448581773,speed_bump,20000,0.2019977859023729
seg_109,51.507158,-0.121717,0.863272061515068,signage,20000,0.26733624379553333
seg_110,51.904059,-0.193554,0.818782085549202,lighting,30000,0.13435062921368413
seg_111,53.761736,-1.691416,0.892089383694813,signage,50000,0.22242997514190282
seg_112,51.758423,-3.354241,0.7803474256759896,speed_bump,50000,0.2506737227901091
seg_113,51.348319,-0.365884,0.7212147103946015,speed_bump,20000,0.28720950406696466
seg_114,51.670855,-0.396819,0.8588482408307422,speed_bump,20000,0.12334073833577189
seg_115,54.99422,-1.518237,0.8749265399522802,speed_bump,20000,0.28527832683291143
seg_116,51.312921,-2.213954,0.8892924117355094,lighting,20000,0.2202935070348959
seg_117,51.619374,-0.433448,0.8047113047708372,lighting,30000,0.2533403174864572
seg_118,53.83457,-2.213455,0.8571371022837532,lighting,50000,0.1107549419137111
seg_119,51.563931,-0.09225,0.8509218628948447,lighting,20000,0.20122963112811904
seg_120,51.483344,-0.327089,0.8588932134924776,speed_bump,50000,0.22452593481615873
seg_121,51.748066,-0.304849,0.8835900195634384,signage,30000,0.16136676797456803
seg_122,54.072683,-0.212936,0.8623531352830244,speed_bump,30000,0.18633004162025052
seg_123,51.214446,-0.834391,0.8320872234033634,speed_bump,50000,0.2108596270559196
seg_124,53.816472,-1.832434,0.8828627271165255,signage,20000,0.21050958795459596
seg_125,51.459651,-2.591697,0.8742517439241193,speed_bump,50000,0.10837230508136762
seg_126,54.944991,-1.903332,0.8497432903987269,lighting,20000,0.18789635331577847
seg_127,51.506791,-3.566514,0.7997881169716813,signage,30000,0.14276363095844619
seg_128,52.228336,0.132178,0.8444514876812502,speed_bump,50000,0.28333901561707
seg_129,51.504493,-0.622978,0.8131377365002426,speed_bump,30000,0.2953159980246668
seg_130,53.996236,-1.090961,0.8170762575295458,speed_bump,20000,0.1599293792704138
seg_131,53.039581,-2.243742,0.8737645539068792,speed_bump,30000,0.13503707945021176
seg_132,51.427412,-0.38478,0.8476572874844607,lighting,30000,0.14390083018966862
seg_133,51.469308,-0.190945,0.8749265399522802,speed_bump,20000,0.19555045107059074
seg_134,51.485936,-2.585844,0.8610969769075383,signage,50000,0.27490111982263565
seg_135,51.592931,0.212589,0.8780836571108344,lighting,20000,0.20000724298752792
seg_136,53.311545,-1.45634,0.8523309240348236,speed_bump,30000,0.11107841234305954
seg_137,52.424689,-1.470403,0.8691380290833993,lighting,30000,0.10797712054262881
seg_138,51.871082,0.864007,0.8670132071594837,speed_bump,20000,0.14547818912456972
seg_139,53.113254,-3.916995,0.7201765183642302,speed_bump,50000,0.2685542555218857
seg_140,52.478584,-1.954381,0.9054062639798288,signage,30000,0.22429611150702877
seg_141,53.454348,-2.962116,0.8705563897472253,lighting,20000,0.2125915707572583
seg_142,52.671831,-1.395916,0.8266393066773222,lighting,30000,0.16379391851652841
seg_143,52.571097,-0.294383,0.8272867246620755,speed_bump,30000,0.2858850810092375
seg_144,50.985639,-1.273323,0.802720937702115,signage,30000,0.1662356489924265
seg_145,53.774534,-2.689895,0.8831320409771359,signage,50000,0.26698888253058933
seg_146,53.775074,-1.303847,0.770958936787228,lighting,30000,0.27918070359517677
seg_147,50.48257,-3.575381,0.8476829172619038,lighting,50000,0.19666700264322734
seg_148,53.203551,-0.64908,0.7659837115959455,signage,30000,0.2788578538961485
seg_149,53.544074,-2.136993,0.7818354200313558,lighting,30000,0.15536065747820943
seg_150,51.359954,-0.133492,0.8708335542211875,signage,20000,0.23168668523665517
seg_151,53.763132,-0.739349,0.732431996686966,lighting,30000,0.11759274970487726
seg_152,52.07993,-2.665531,0.7472144213444974,signage,20000,0.19478684281847877
seg_153,53.43035,-2.976234,0.8988549727608829,lighting,50000,0.14346636043166958
seg_154,51.903945,-0.521688,0.8750242022573091,speed_bump,50000,0.11255265558612058
seg_155,52.53403,-1.964217,0.7371042937706236,speed_bump,50000,0.10074510161552415
seg_156,54.068587,-1.390908,0.8090127512917793,lighting,50000,0.16495042328816167
seg_157,53.672561,-1.522152,0.8560744858307949,speed_bump,20000,0.21790611890735256
seg_158,50.676914,-1.49612,0.7997816066753373,speed_bump,20000,0.19104606953023145
seg_159,55.861089,-4.305924,0.8577056716270393,signage,50000,0.1603538597038992
seg_160,50.832089,-0.435955,0.7226518617256104,signage,30000,0.2982400061552502
seg_161,53.73205,-2.49898,0.847726490754238,speed_bump,20000,0.28790500799593555
seg_162,51.553413,0.609846,0.8786417551846124,speed_bump,20000,0.12513066136749937
seg_163,53.398398,-0.590574,0.7461309698044977,speed_bump,50000,0.18302148533369894
seg_164,51.403893,-0.165347,0.8391780123935494,speed_bump,30000,0.22976938679872216
seg_165,55.846832,-4.457329,0.8788312187531079,signage,20000,0.24669815950598734
seg_166,52.633081,-1.159515,0.8924123595343785,lighting,50000,0.17327443098189807
seg_167,51.278498,0.526685,0.8670132071594837,lighting,20000,0.24925636254706954
seg_168,51.839212,-4.956147,0.8439863226527059,speed_bump,30000,0.12483000258213567
seg_169,51.394289,0.487543,0.8623531352830244,lighting,20000,0.16636252505154095
seg_170,52.66325,-1.816917,0.7657617178232036,lighting,30000,0.243286635151181
seg_171,51.494267,-0.142273,0.8704372332643087,lighting,30000,0.22513655805207503
seg_172,52.964764,-1.152644,0.8808265346153412,signage,50000,0.267442042972331
seg_173,53.306624,-0.481484,0.710974885167831,signage,30000,0.10937140453343103
seg_174,50.541801,-4.943327,0.8197954963348947,signage,20000,0.1348783435646097
seg_175,52.819556,0.831902,0.7384098115043397,speed_bump,20000,0.1096989164543933
seg_176,50.75113,-1.868137,0.8718228826828031,signage,20000,0.13842284484984227
seg_177,54.902414,-1.386621,0.7817347507726844,lighting,30000,0.100856562126587
seg_178,55.511983,-3.105418,0.7467823229957592,signage,20000,0.20084206033577323
seg_179,52.568734,-2.140279,0.8295049605094362,speed_bump,30000,0.20566287911365108
seg_180,53.793067,-1.540351,0.8685316766222858,signage,50000,0.23157835628119897
seg_181,51.412466,-0.057748,0.8752296157453984,lighting,50000,0.1769824894402087
seg_182,50.765006,-3.291606,0.8583658519756138,speed_bump,30000,0.1006415381370368
seg_183,52.121992,-0.472413,0.8657379100776147,signage,50000,0.2347782308815274
seg_184,53.589665,-2.405901,0.8770782929461827,speed_bump,50000,0.11085821754958253
seg_185,50.441175,-4.715704,0.8485195282908748,speed_bump,30000,0.2732340861635488
seg_186,51.46097,-0.073949,0.8833420383113613,lighting,50000,0.10453079754158748
seg_187,53.177066,-4.073824,0.5660247525545631,speed_bump,20000,0.2060950246513265
seg_188,53.131584,-0.473912,0.8507469410968699,lighting,50000,0.27898357647710414
seg_189,52.354714,-1.894545,0.7629688389471555,lighting,20000,0.21449791515775601
seg_190,51.53273,0.10917,0.8694049066209935,signage,50000,0.22168334930878597
seg_191,52.354009,-0.790269,0.863666018817732,speed_bump,50000,0.23632216966748112
seg_192,51.458654,-3.420488,0.7688427094172257,speed_bump,30000,0.12448176954609341
seg_193,53.330616,-1.652654,0.8964586276801028,speed_bump,20000,0.2349854201621119
seg_194,50.721843,-1.822603,0.801987490371122,signage,30000,0.27607097640256306
seg_195,52.881724,-2.166995,0.7693748758259177,lighting,30000,0.29484416656706325
seg_196,51.598541,-0.067411,0.8775397761816214,speed_bump,50000,0.1886103998716694
seg_197,53.24832,-2.488689,0.818782085549202,lighting,50000,0.16890097033550938
seg_198,51.491544,-0.409744,0.8628624605556141,speed_bump,30000,0.2506619231192634
seg_199,50.790025,-1.103335,0.8667538003488293,signage,50000,0.20857485761906291
seg_200,53.729006,-1.71692,0.7808786086219821,speed_bump,30000,0.1514609308910061
seg_201,52.709358,-0.363159,0.7201765183642302,signage,30000,0.1344315769939406
seg_202,51.590999,-0.321982,0.8912893786170506,speed_bump,50000,0.13404606011854875
seg_203,50.749765,-1.305251,0.7629332092145249,signage,50000,0.1918354073212304
seg_204,53.339045,-1.284775,0.7629332092145249,speed_bump,30000,0.13402488112313002
seg_205,51.798908,-2.608164,0.8778987399485568,lighting,30000,0.10394378880229715
seg_206,52.077619,-2.234455,0.8583658519756138,signage,50000,0.11041775499393801
seg_207,51.532143,-0.033025,0.7997881169716813,signage,50000,0.2859769087905931
seg_208,52.454266,-0.81522,0.7629688389471555,lighting,30000,0.11459226823202716
seg_209,51.573921,0.0838,0.8432651328358951,signage,20000,0.11463613811619192
seg_210,51.494557,-0.453433,0.8888831607833779,lighting,20000,0.19023768910670646
seg_211,51.456177,-0.050544,0.8469240348609925,signage,20000,0.1490200564670065
seg_212,51.882662,-0.400046,0.8720629277573755,signage,30000,0.2925387704344995
seg_213,52.590821,1.714712,0.8692644364159976,speed_bump,30000,0.28219716789956084
seg_214,51.440871,0.194584,0.8667538003488293,signage,50000,0.18094864973425343
seg_215,51.447868,0.117345,0.8523309240348236,lighting,20000,0.18974630388325184
seg_216,51.374278,1.309865,0.8639093590313077,lighting,50000,0.17502273061511403
seg_217,54.57801,-1.276863,0.8273716252006651,lighting,30000,0.10757322332862565
seg_218,52.789219,-2.083155,0.8910773562256317,speed_bump,20000,0.15856936785094172
seg_219,52.135072,-4.439065,0.8435406506619411,signage,30000,0.12453469392239683
seg_220,55.910163,-4.42741,0.8839035364841051,lighting,20000,0.12047406600302456
seg_221,51.470844,-2.564631,0.8705563897472253,speed_bump,50000,0.21217231458727756
seg_222,53.427992,-1.485858,0.9089996806924061,signage,50000,0.11975297154271246
seg_223,51.158355,-0.953726,0.8484617143565997,lighting,50000,0.12058626475905272
seg_224,53.062376,-2.190374,0.8512591614879486,signage,30000,0.1961027429638697
seg_225,53.437141,-1.347011,0.8835900195634384,lighting,30000,0.18845647302452773
seg_226,52.65928,-2.462549,0.8623531352830244,signage,20000,0.12752695702647387
seg_227,53.470039,-1.460795,0.8680650198970753,speed_bump,50000,0.1008898049617726
seg_228,53.782027,-2.276774,0.8555666130306671,speed_bump,20000,0.13859488835356876
seg_229,52.414543,-1.971444,0.8856512868004818,lighting,20000,0.14717845083640815
seg_230,51.587872,-0.020802,0.8692644364159976,speed_bump,20000,0.2600496887217735
seg_231,51.529705,-0.372805,0.877893402574257,signage,30000,0.283087670105443
seg_232,50.382353,-4.152594,0.8866175064016307,lighting,20000,0.18118887949759394
seg_233,55.853597,-4.27728,0.8454487557329182,signage,20000,0.18100534530019557
seg_234,52.337753,-2.062786,0.8858534684033869,speed_bump,30000,0.24249625675197334
seg_235,53.233902,-0.900376,0.8198253214397685,signage,50000,0.2253844031409378
seg_236,51.181367,-2.094251,0.7416632459495545,speed_bump,30000,0.13682803733868182
seg_237,53.051637,-0.452449,0.8131377365002426,speed_bump,50000,0.12153782445917227
seg_238,51.849264,-2.226734,0.8793426011109614,lighting,50000,0.18752237813101014
seg_239,53.77142,-2.712169,0.8867249781439189,speed_bump,50000,0.2129656726325526
seg_240,52.928701,-1.473647,0.8667538003488293,lighting,30000,0.12774152063176186
seg_241,53.956891,-1.082216,0.846876582359446,speed_bump,50000,0.1586546986816889
seg_242,51.24845,-0.765471,0.8716190982067766,lighting,50000,0.16118859928611498
seg_243,53.645426,-2.987382,0.8571371022837532,speed_bump,50000,0.1522596402048328
seg_244,51.766557,-3.770561,0.8888831607833779,speed_bump,30000,0.19215225325835822
seg_245,50.731573,-1.779634,0.8728909250039701,lighting,20000,0.23061271686394771
seg_246,55.039152,-1.474666,0.8429543539546722,signage,30000,0.20187797672319846
seg_247,51.505027,-3.197295,0.8370354181098999,speed_bump,50000,0.14029131244946885
seg_248,51.472839,-0.198293,0.8659373966004928,signage,50000,0.12058780940947995
seg_249,50.782383,-1.080501,0.8670132071594837,lighting,30000,0.2643740925797401
seg_250,51.751228,-2.72385,0.8293539935256348,lighting,20000,0.19586093654355713
seg_251,51.606215,0.083256,0.8806777396736573,speed_bump,30000,0.11242783682677544
seg_252,51.562678,-0.052195,0.8775397761816214,lighting,50000,0.1516242999299116
seg_253,51.674897,-4.721639,0.7978241553866122,lighting,30000,0.260806755676831
seg_254,52.541342,-1.885547,0.9042133086301227,speed_bump,30000,0.25034526495471
seg_255,50.458868,-4.694134,0.8597257377887327,lighting,30000,0.2751633265794755
seg_256,53.57494,-0.636211,0.8728909250039701,signage,20000,0.2204175652003384
seg_257,51.386977,-2.350476,0.8806777396736573,lighting,20000,0.184581186871611
seg_258,52.90111,-1.480075,0.8650077810790384,lighting,50000,0.18532699951089013
seg_259,51.279173,-0.374189,0.8828627271165255,speed_bump,20000,0.13880000889858873
seg_260,52.491035,-1.840167,0.9220310768820251,signage,50000,0.23015979230357636
seg_261,51.674866,-3.982491,0.7778369872383384,lighting,20000,0.2170137512185708
seg_262,51.14217,-0.07637,0.8592647795905549,lighting,30000,0.13097288228576717
seg_263,55.897213,-3.086761,0.8935928225069779,signage,30000,0.2771325840090749
seg_264,51.488473,-0.287416,0.7993318812792397,signage,50000,0.1736936406621194
seg_265,52.597657,-1.987551,0.7811852410799095,speed_bump,50000,0.1099477531042137
seg_266,52.941154,-1.160299,0.8888831607833779,speed_bump,30000,0.16557618415595676
seg_267,53.47006,-2.222685,0.8397229395794316,speed_bump,30000,0.2739713429423152
seg_268,50.807455,-1.078178,0.886981316420525,speed_bump,50000,0.2833913171723569
seg_269,51.65637,0.686467,0.840751426726247,speed_bump,30000,0.1980796834519267
seg_270,53.712336,-1.407702,0.8547375027999939,lighting,20000,0.29126798801468357
seg_271,53.418446,-1.320459,0.877737079593542,lighting,30000,0.27504836184239523
seg_272,53.406724,-2.267,0.8685316766222858,lighting,20000,0.26504614341984506
seg_273,51.579052,-2.817803,0.8194205884102485,signage,30000,0.27194201293644116
seg_274,52.4909,-4.050813,0.7791163621465778,speed_bump,30000,0.1763750824337647
seg_275,53.298455,-3.753605,0.8046313020732515,speed_bump,20000,0.2512937881511087
seg_276,53.946671,-1.073908,0.8742517439241193,speed_bump,20000,0.21546780061522985
seg_277,50.917175,-1.314426,0.8623531352830244,signage,50000,0.24393680034806134
seg_278,55.171472,-1.55284,0.8770782929461827,lighting,30000,0.13555722151615493
seg_279,50.715413,-1.988637,0.8512591614879486,lighting,20000,0.24627878235498837
seg_280,53.507069,-1.480379,0.8285705129119834,lighting,50000,0.2915184868388343
seg_281,51.37073,1.111292,0.8667538003488293,speed_bump,50000,0.16053266447628592
seg_282,51.64711,-0.239525,0.768260315713157,signage,50000,0.2972322647911254
seg_283,55.187782,-3.858724,0.871318134225059,speed_bump,50000,0.17567520296107422
seg_284,51.504838,-3.125535,0.8914184787954034,speed_bump,50000,0.13994469940420656
seg_285,51.614992,-0.128101,0.8662479861618091,signage,30000,0.12245724596004769
seg_286,52.121199,-0.488962,0.8139672182214167,lighting,20000,0.2569923826576356
seg_287,53.851989,-1.46546,0.7686420697851145,speed_bump,50000,0.21096508007531367
seg_288,53.985296,-1.059184,0.8680095281251984,speed_bump,20000,0.16142625873240576
seg_289,51.376955,-0.930416,0.8362290517233468,speed_bump,20000,0.22169007395875157
seg_290,51.149989,1.108139,0.8246663158858705,signage,50000,0.16642023756820096
seg_291,50.886205,-0.967426,0.8753978147836918,lighting,50000,0.18967155146569176
seg_292,51.073903,1.148011,0.8800368254623406,signage,30000,0.2725328251506182
seg_293,51.449889,0.028491,0.8749265399522802,lighting,50000,0.23363329537183294
seg_294,52.508224,-2.01308,0.8793426011109614,speed_bump,50000,0.2524803679409433
seg_295,51.601283,-0.173596,0.8687294422211866,speed_bump,50000,0.21669871029391524
seg_296,52.946788,-0.981698,0.8316624061757316,signage,20000,0.2982796097771242
seg_297,51.902579,-0.46417,0.8134861374194418,speed_bump,30000,0.14828201325817852
seg_298,53.474413,-2.636675,0.8233185719931672,lighting,20000,0.15245823214376295
seg_299,52.411695,-1.514663,0.9345806148865641,lighting,50000,0.11851178774766657
seg_300,52.818534,-2.854676,0.6908335995361381,speed_bump,20000,0.2108039004141421
seg_301,51.785012,-0.201249,0.8657379100776147,signage,50000,0.22267184728167355
seg_302,51.527693,-0.215879,0.8354622839605819,lighting,20000,0.24519231457976395
seg_303,51.348361,-2.965898,0.8649679926936108,signage,30000,0.16708918518985222
seg_304,50.997746,-0.103862,0.8753978147836918,speed_bump,20000,0.10245136037300545
seg_305,51.164,0.888058,0.8500418001450094,lighting,50000,0.226445907417664
seg_306,51.243229,-0.204975,0.8752296157453984,lighting,30000,0.29973909850407654
seg_307,51.890656,-2.150364,0.8160748171164787,speed_bump,50000,0.1589098707579985
seg_308,51.953579,-0.648844,0.781617575609158,lighting,20000,0.13678689049380394
seg_309,51.434034,-0.769677,0.8592105842438866,lighting,30000,0.15635339156527064
seg_310,51.633423,-3.938632,0.8728909250039701,speed_bump,50000,0.18508309495540942
seg_311,52.419127,-1.964972,0.8703242259405367,signage,50000,0.15018258579051294
seg_312,51.460514,-0.168979,0.8800522573340586,lighting,20000,0.169392005073506
seg_313,57.163895,-2.721883,0.8239134581472277,lighting,30000,0.22764134771587252
seg_314,51.53184,0.047705,0.8083520861278184,lighting,30000,0.16900559736852294
seg_315,51.226746,-0.664225,0.8637582653506912,speed_bump,30000,0.17921178895673093
seg_316,53.02178,-2.166865,0.755775168527238,signage,30000,0.1080062525598528
seg_317,53.202043,-3.075178,0.7574136356000295,signage,20000,0.28358850032457394
seg_318,51.036316,-1.771345,0.746735505299509,signage,50000,0.18137719198297073
seg_319,53.511838,-2.528706,0.8600651827956957,signage,20000,0.16562870320695885
seg_320,53.078565,-2.184922,0.8751347832736022,lighting,20000,0.11729683924907691
seg_321,52.126861,-0.473416,0.8941205909971154,lighting,50000,0.22683664307903673
seg_322,52.911378,-1.339426,0.8132373870284961,speed_bump,50000,0.272764990052751
seg_323,53.845347,-2.987293,0.8805725732453946,signage,30000,0.10823064001048006
seg_324,52.589042,-2.02388,0.8816469077358114,signage,50000,0.1290544934732071
seg_325,51.873136,-1.191043,0.8427827675147914,lighting,30000,0.12927796577724146
seg_326,56.393068,-3.450929,0.8817205883653086,lighting,30000,0.22045497106955858
seg_327,53.493843,-2.350119,0.8650077810790384,lighting,20000,0.2842461005436737
seg_328,52.212196,-1.683981,0.7223510335780026,lighting,20000,0.18755367341310192
seg_329,51.465434,-0.066562,0.8734197448581773,speed_bump,30000,0.16876128963877013
seg_330,57.229999,-2.274258,0.7184470061100678,speed_bump,30000,0.2531681371193383
seg_331,53.211872,-0.524523,0.8649767422996639,speed_bump,50000,0.24851381235113026
seg_332,51.44333,-0.067639,0.8600232219846694,lighting,30000,0.14935122785544191
seg_333,51.453325,-2.597948,0.7997881169716813,signage,50000,0.13216527246157722
seg_334,51.761451,-0.016697,0.8606370555323578,speed_bump,30000,0.17156200648307127
seg_335,51.580963,-0.212205,0.8793426011109614,signage,20000,0.25512067844532627
seg_336,51.755171,-1.259507,0.8680095281251984,signage,50000,0.23901267798299566
seg_337,51.752508,-3.406219,0.8649767422996639,lighting,30000,0.23317074127124104
seg_338,51.852547,0.522856,0.813476322262668,lighting,30000,0.2658857120326408
seg_339,53.57486,-2.424335,0.8285705129119834,signage,30000,0.15542606246827875
seg_340,53.738788,-2.477835,0.9078330017905517,speed_bump,20000,0.16793674509390202
seg_341,53.521145,-1.396193,0.8560744858307949,lighting,30000,0.1084678901218352
seg_342,52.045896,1.112931,0.8837427328729084,speed_bump,30000,0.27374915516070664
seg_343,51.359847,-0.17228,0.8778270788896069,speed_bump,30000,0.21648594698443563
seg_344,51.507767,-0.580803,0.7997881169716813,signage,20000,0.15962445837673866
seg_345,51.504853,-0.095874,0.8816271948307352,lighting,30000,0.11388330628987312
seg_346,51.312694,-0.464522,0.8567070035003413,signage,30000,0.24468190063249193
seg_347,53.690843,-1.311688,0.8839035364841051,signage,30000,0.2497475039098122
seg_348,53.239477,0.108828,0.8110709587816983,lighting,20000,0.23323573042300452
seg_349,51.335256,1.388678,0.8912893786170506,lighting,30000,0.1407561941893459
seg_350,52.930363,-1.170133,0.8728909250039701,speed_bump,20000,0.28264321170172096
seg_351,54.950773,-1.445061,0.8687294422211866,lighting,30000,0.25063160380417526
seg_352,51.248573,0.087541,0.7365112213477026,lighting,20000,0.23155126471679405
seg_353,53.918537,-2.914439,0.7371042937706236,speed_bump,30000,0.2301887846843575
seg_354,52.522735,-1.466042,0.7761433374135046,signage,50000,0.28087154001832826
seg_355,51.755361,0.661272,0.8865424481647953,signage,50000,0.28566142661942473
seg_356,51.049437,-0.658774,0.8484617143565997,lighting,50000,0.21912748360204798
seg_357,51.525747,0.600189,0.8718228826828031,signage,50000,0.18333388219250968
seg_358,52.763273,1.115394,0.7309992678664687,lighting,20000,0.17274679591188324
seg_359,52.142455,-0.431802,0.847321305094941,signage,30000,0.2638157682161445
seg_360,50.710276,-2.758489,0.8793426011109614,signage,30000,0.2289210679668667
seg_361,54.223344,-0.770588,0.8211184457878278,signage,50000,0.11545320605073073
seg_362,52.500671,-1.978607,0.8774692402059927,lighting,30000,0.12843720260300545
seg_363,53.102138,-1.323811,0.8340170789030412,signage,50000,0.28003717902096925
seg_364,51.395961,-0.069062,0.8786417551846124,lighting,20000,0.2768996296209002
seg_365,52.414873,-2.224331,0.7428970677549007,speed_bump,20000,0.29036648973949375
seg_366,51.505226,-2.64531,0.8617569211990833,speed_bump,20000,0.18557019346566472
seg_367,51.534023,-0.242018,0.8547121191250873,lighting,30000,0.25681218152814145
seg_368,53.719305,-2.64552,0.877737079593542,lighting,30000,0.2656450054628643
seg_369,51.448762,-0.021355,0.8760311436499792,signage,20000,0.16313938116763863
seg_370,50.867653,-0.1555,0.8032216953928162,speed_bump,50000,0.12906754224542843
seg_371,51.414419,-0.070441,0.8705563897472253,speed_bump,50000,0.29940527232783454
seg_372,51.726839,-0.475057,0.8567070035003413,speed_bump,30000,0.10604384075026999
seg_373,54.5613,-3.579985,0.8596749680667861,speed_bump,20000,0.21946718374228857
seg_374,56.561273,-3.590471,0.8215068110236207,signage,50000,0.23004245483634178
seg_375,53.235148,-0.526015,0.8667538003488293,lighting,50000,0.23635786839392967
seg_376,52.914274,-1.17494,0.8928238341418688,signage,20000,0.15112554879381795
seg_377,50.817523,-1.148661,0.8417304384346448,signage,20000,0.24431584885977015
seg_378,55.843991,-3.965473,0.8879827287547478,speed_bump,30000,0.14327991265625312
seg_379,53.242451,-2.907605,0.8437832584022027,lighting,30000,0.26580765115033644
seg_380,50.791721,-1.137495,0.8705563897472253,lighting,20000,0.1438233348169269
seg_381,52.595634,-2.146109,0.8685316766222858,signage,50000,0.23934120581521548
seg_382,50.875389,-0.973592,0.8273716252006651,signage,30000,0.25668269716679515
seg_383,55.952744,-2.94498,0.8206054074323508,lighting,30000,0.13778915009243775
seg_384,51.293023,-0.160448,0.7891898755371705,lighting,20000,0.14759729752652057
seg_385,53.488528,-2.664347,0.8680642954332026,lighting,50000,0.25582074774687336
seg_386,54.935133,-1.529557,0.8298490558377805,lighting,20000,0.11719979432699057
seg_387,51.411014,-0.087697,0.8588482408307422,signage,50000,0.13815219049333283
seg_388,51.571062,-0.391819,0.8694049066209935,signage,30000,0.19110618123798304
seg_389,51.376343,-0.504838,0.859219497970572,lighting,50000,0.28603638574895407
seg_390,50.711597,-3.068471,0.7212147103946015,signage,20000,0.2123755669786021
seg_391,53.470653,-1.30591,0.8354622839605819,lighting,20000,0.1775355696416451
seg_392,51.892286,-0.48725,0.858705763764342,speed_bump,50000,0.2956740444444953
seg_393,51.565765,0.176352,0.8680650198970753,speed_bump,50000,0.1927422612442577
seg_394,51.501019,-1.768682,0.8718317451004229,signage,30000,0.1867469947374964
seg_395,52.184894,-0.309393,0.8597257377887327,signage,20000,0.1823288633775447
seg_396,52.475264,-1.844982,0.8500173076848866,lighting,50000,0.16243601452135925
seg_397,51.46591,0.158638,0.8849077589639955,lighting,30000,0.16513896194751687
seg_398,53.777756,-1.850343,0.8592641668073009,lighting,50000,0.23756741198589962
seg_399,52.460245,0.299701,0.8384429601151482,lighting,50000,0.10816711946837623
seg_400,51.543544,-0.050125,0.8820470212100398,signage,50000,0.23636334512926377
seg_401,50.924733,-0.140608,0.8813928062646859,signage,50000,0.14024089962517455
seg_402,55.776364,-3.532206,0.8131377365002426,lighting,50000,0.17684160064089857
seg_403,55.009347,-1.578675,0.8800522573340586,signage,30000,0.1293077945120664
seg_404,51.4315,-2.774946,0.8692644364159976,speed_bump,20000,0.21055020881449393
seg_405,53.792574,-1.738109,0.8867249781439189,speed_bump,30000,0.24587008899042792
seg_406,50.922104,-1.305214,0.8715766391203233,speed_bump,50000,0.17093111521127294
seg_407,53.863968,-1.31326,0.863666018817732,lighting,50000,0.1326833155080526
seg_408,55.657116,-4.617754,0.8445457845615582,signage,30000,0.1453011163862351
seg_409,53.933233,-1.140311,0.8277620933002683,lighting,50000,0.2636225837051145
seg_410,50.440463,-3.567232,0.8705715289236796,lighting,20000,0.15352974701197047
seg_411,52.425857,0.278494,0.7662776679505893,lighting,30000,0.2549405186022454
seg_412,51.870891,-0.440846,0.754196820524327,lighting,30000,0.1662398813612422
seg_413,52.326707,1.677985,0.8248604829701514,lighting,50000,0.13774651086859252
seg_414,51.506282,-0.233143,0.8389989999204623,lighting,20000,0.2454617119254862
seg_415,53.835544,-2.213762,0.8815533516713843,signage,20000,0.19370900589504134
seg_416,51.496391,0.127519,0.846876582359446,signage,30000,0.10625545025496129
seg_417,53.631818,-1.321841,0.8248604829701514,lighting,20000,0.2919884838688797
seg_418,53.55105,-1.484233,0.8687294422211866,lighting,30000,0.1295506890144215
seg_419,52.433298,-1.46574,0.8748503009643289,speed_bump,30000,0.17068139529061827
seg_420,51.136769,-0.140098,0.8596843407540073,signage,50000,0.17695892699914145
seg_421,55.795483,-3.986479,0.8808082674952109,signage,50000,0.19788597985168266
seg_422,52.525227,-2.199835,0.8736644109418091,signage,20000,0.25708880446683413
seg_423,51.486481,-0.116517,0.8600651827956957,speed_bump,20000,0.10121805593502536
seg_424,53.614707,-0.962218,0.8690513646590824,speed_bump,20000,0.2864944102672149
seg_425,52.995103,-1.137976,0.8670132071594837,lighting,20000,0.22919789204060223
seg_426,50.384323,-4.037302,0.8869663130240588,signage,50000,0.2901297758297871
seg_427,56.345943,-3.219724,0.8160748171164787,signage,20000,0.26347790748329714
seg_428,51.400353,-0.117902,0.8244340154869686,lighting,20000,0.28556764361664333
seg_429,53.804849,-2.223134,0.8589015036105728,signage,50000,0.2202001101871356
seg_430,51.991181,-0.698527,0.8344444243226438,lighting,50000,0.17146179657543498
seg_431,50.326453,-5.158259,0.8512354166826768,signage,20000,0.18858281262272075
seg_432,51.166731,0.252494,0.8705563897472253,signage,20000,0.2316064620768226
seg_433,53.416346,-2.628059,0.8609027621681186,lighting,30000,0.18538637195326724
seg_434,52.326135,1.555795,0.7791163621465778,speed_bump,30000,0.24633455669355783
seg_435,52.604053,-1.964382,0.838510761315513,lighting,50000,0.11836960321600593
seg_436,52.448518,-1.948027,0.8849077589639955,speed_bump,30000,0.26599732979697777
seg_437,50.854355,-1.007199,0.8760311436499792,signage,20000,0.14083772792840082
seg_438,51.356762,-0.486948,0.8752296157453984,lighting,30000,0.2887895219049445
seg_439,51.505685,-0.130856,0.8772010368831225,speed_bump,30000,0.1311091599874536
seg_440,54.640456,-3.513197,0.7457122295847912,signage,30000,0.12583283922047955
seg_441,53.690143,-2.70065,0.8680095281251984,lighting,30000,0.26237522211747855
seg_442,52.043731,-1.390787,0.8239134581472277,lighting,50000,0.2637403655406029
seg_443,52.374823,-2.321225,0.8233185719931672,speed_bump,50000,0.24775188397624945
seg_444,50.597934,-3.677728,0.8549305794349114,speed_bump,20000,0.2921060927809409
seg_445,51.391518,-0.503049,0.8509379675921853,speed_bump,30000,0.1541079257370832
seg_446,52.294402,-2.36815,0.8513687632404086,lighting,50000,0.2653297477980575
seg_447,51.208492,-2.316766,0.770958936787228,signage,30000,0.17040810600868417
seg_448,51.417153,0.29197,0.8289390500719462,speed_bump,30000,0.20747972511386814
seg_449,51.358085,0.737493,0.858249452909064,lighting,20000,0.18912000594026573
seg_450,53.431325,-1.350095,0.8835513828170589,signage,20000,0.10117000453472146
seg_451,51.514693,-0.061879,0.823716635805986,signage,50000,0.21489243870783153
seg_452,52.632165,-1.13833,0.8265419511490008,speed_bump,50000,0.24950117755279058
seg_453,51.759428,0.490994,0.8628624605556141,lighting,50000,0.13491047671505424
seg_454,51.630363,-0.388277,0.8872394471334684,speed_bump,20000,0.2863311723786075
seg_455,52.185467,0.160555,0.8680642954332026,speed_bump,20000,0.20607990788370076
seg_456,51.562144,-1.766213,0.8680095281251984,lighting,20000,0.1356492006302187
seg_457,53.193099,-2.516649,0.8244340154869686,speed_bump,30000,0.22918951418337705
seg_458,50.836444,-1.245312,0.8464550951931616,signage,30000,0.1383845417030688
seg_459,51.59062,-2.985752,0.8734197448581773,lighting,50000,0.11270666965906728
seg_460,53.82315,-0.441238,0.8628290227116686,signage,50000,0.23706304848384843
seg_461,51.247911,-0.560767,0.6911847333469124,lighting,20000,0.12213897666109891
seg_462,53.428229,-1.499401,0.8694049066209935,signage,50000,0.12124348967528707
seg_463,52.669466,0.107449,0.8270238920028783,speed_bump,20000,0.24798871263636266
seg_464,53.51614,-1.149531,0.8703242259405367,lighting,20000,0.11104044664161423
seg_465,53.381753,-2.124144,0.8429543539546722,signage,30000,0.2619538358095909
seg_466,55.857907,-3.988705,0.8705715289236796,lighting,20000,0.2592297517295655
seg_467,51.524735,-0.19884,0.8805030066127716,speed_bump,30000,0.1282786856155532
seg_468,53.81133,-2.228196,0.8771851600593772,lighting,30000,0.20367612945539376
seg_469,51.800338,-0.813397,0.8757333617299232,signage,20000,0.11932509819378848
seg_470,51.496427,-0.088587,0.8623531352830244,signage,30000,0.22651424395719744
seg_471,51.331095,0.539914,0.8438953416340625,signage,30000,0.11258600259410932
seg_472,54.481541,-0.609658,0.8600510786342832,speed_bump,50000,0.2888961712645495
seg_473,51.789395,-1.581251,0.8303652455192708,speed_bump,20000,0.14154614707391633
seg_474,51.636447,0.608831,0.8179727196684982,speed_bump,20000,0.236578931189729
seg_475,54.714258,-1.746173,0.8090127512917793,signage,30000,0.12565828487542202
seg_476,53.742443,-1.505924,0.8912893786170506,signage,20000,0.1419192896653553
seg_477,51.530898,-2.416741,0.8690513646590824,lighting,50000,0.19018992977667412
seg_478,51.480016,-0.191385,0.7997881169716813,speed_bump,20000,0.21461922826830324
seg_479,51.307383,-0.104226,0.8609027621681186,lighting,30000,0.2997726480783366
seg_480,51.516043,-0.209149,0.8793426011109614,lighting,50000,0.10518524561818883
seg_481,50.406751,-4.351164,0.8141309781932862,signage,20000,0.1000628839288174
seg_482,52.568625,-1.160011,0.8273997600387248,lighting,20000,0.1700734189429896
seg_483,51.517293,-3.253419,0.8694049066209935,signage,50000,0.17323127356048398
seg_484,52.5272,-1.836491,0.8828627271165255,speed_bump,30000,0.27676744721972635
seg_485,51.592307,0.489989,0.7520405666686313,lighting,20000,0.2825165095394604
seg_486,51.535504,-2.537979,0.8201562677558243,speed_bump,20000,0.2761049952718637
seg_487,51.542548,0.196445,0.9209513755929344,speed_bump,50000,0.12863575009720957
seg_488,52.998047,-1.280529,0.8734197448581773,signage,50000,0.1824209670362147
seg_489,51.445301,0.212499,0.8793426011109614,speed_bump,30000,0.24917703245900463
seg_490,51.127586,-3.021564,0.8704372332643087,signage,30000,0.1625222135568483
seg_491,51.270526,0.512627,0.9119132357535897,signage,50000,0.23264760570211024
seg_492,51.114432,-1.501949,0.8239134581472277,signage,20000,0.1474285726382184
seg_493,53.542848,-1.526557,0.848027143895286,speed_bump,20000,0.16468385159216162
seg_494,54.94568,-1.616465,0.8820470212100398,lighting,50000,0.27208592986969676
seg_495,53.484781,-2.2331,0.8751347832736022,speed_bump,20000,0.15010180721779903
seg_496,50.886354,0.336764,0.7520405666686313,lighting,50000,0.29286481737697256
seg_497,51.230807,-0.285828,0.8247430415189133,speed_bump,30000,0.1612519121873694
seg_498,53.749795,-2.391823,0.8305831090779333,signage,50000,0.10470562196465548
seg_499,50.801819,-1.153203,0.8783897232626303,speed_bump,20000,0.1509801807605141
seg_500,51.860251,0.630915,0.7618986730307502,lighting,50000,0.13424098844868515
seg_501,52.786321,-1.075456,0.8922937058423163,speed_bump,20000,0.20136539324350994
seg_502,54.945325,-1.516012,0.7399013512158755,signage,20000,0.122543213265572
seg_503,54.00487,-1.373193,0.8284247626738589,signage,50000,0.22520977544908194
seg_504,51.811131,0.638663,0.8816469077358114,lighting,30000,0.2749798141112989
seg_505,53.376433,-3.124393,0.8905278843155824,speed_bump,50000,0.17250377636074715
seg_506,51.030932,-1.034377,0.8308306518730301,speed_bump,20000,0.13369854386108088
seg_507,54.908095,-1.467016,0.8576910878468553,lighting,20000,0.1800049991568826
seg_508,52.986046,-1.985935,0.8879122650106923,lighting,30000,0.2571933642901254
seg_509,51.559839,-0.446459,0.8742517439241193,lighting,50000,0.21829753481591913
seg_510,51.600584,-3.792544,0.8369064098834746,signage,30000,0.12022864266552064
seg_511,55.94309,-3.121189,0.883447279986861,signage,50000,0.20743743086540667
seg_512,51.499703,-0.085424,0.8866175064016307,signage,50000,0.19361707629111863
seg_513,53.479351,-1.146198,0.839245658943816,signage,50000,0.1654224512042323
seg_514,53.664879,-1.434247,0.8273716252006651,signage,30000,0.12203211921066466
seg_515,51.473844,-0.063902,0.8820470212100398,lighting,50000,0.29622238712405496
seg_516,55.256944,-1.670038,0.8624909786370449,signage,30000,0.1352086639786511
seg_517,51.522528,-0.207432,0.8813389860801015,lighting,50000,0.13854857815814908
seg_518,51.583884,-0.07294,0.8606370555323578,speed_bump,30000,0.12911653842044718
seg_519,56.185941,-3.030169,0.8831320409771359,speed_bump,30000,0.2140386077397876
seg_520,51.472961,-2.591149,0.7782224467282076,speed_bump,30000,0.18873391489654007
seg_521,51.442364,0.358423,0.8816469077358114,lighting,30000,0.14991143640531118
seg_522,51.429991,-0.880412,0.857213052731671,lighting,50000,0.18588467660430563
seg_523,51.332942,-0.139178,0.8694049066209935,signage,50000,0.23470437021234358
seg_524,51.529354,-0.087355,0.8425227034682163,lighting,30000,0.15634010629972603
seg_525,55.946262,-3.407593,0.832009238454717,lighting,20000,0.2830491552060761
seg_526,50.499077,-3.542239,0.8417304384346448,signage,30000,0.16126924743554116
seg_527,51.287769,-0.725554,0.8588482408307422,lighting,20000,0.13963580616457066
seg_528,50.963362,-2.475723,0.7661692490229268,signage,20000,0.2909135693745629
seg_529,51.740001,0.099835,0.7985426525284768,signage,20000,0.2621121220236359
seg_530,50.828287,-0.28812,0.8670761210564936,speed_bump,30000,0.1686275249686931
seg_531,51.548897,-2.563577,0.769231611048914,lighting,50000,0.2682863702287752
seg_532,52.972392,-1.454354,0.8201562677558243,lighting,30000,0.20376284983075998
seg_533,51.737499,-0.374522,0.8247430415189133,lighting,30000,0.16935049965221255
seg_534,52.508455,-1.903755,0.8396537258115861,speed_bump,20000,0.2679223179078428
seg_535,53.423608,-2.257144,0.8828627271165255,lighting,50000,0.25043301337288804
seg_536,53.613026,-0.285911,0.8197954963348947,speed_bump,20000,0.15957496852862116
seg_537,51.476501,0.386972,0.8223357068929539,lighting,50000,0.22133570305159475
seg_538,51.617506,-0.181756,0.8793426011109614,speed_bump,50000,0.17387804470395946
seg_539,52.015178,-0.772748,0.82927382386192,lighting,50000,0.10021039451207764
seg_540,51.749865,-0.45821,0.8690513646590824,signage,20000,0.29236314828005583
seg_541,51.12505,1.318304,0.8628624605556141,lighting,20000,0.20992581521456732
seg_542,53.647787,-1.530662,0.8659373966004928,lighting,20000,0.2196865203331566
seg_543,52.972816,-1.160385,0.8772010368831225,lighting,50000,0.21997828513545897
seg_544,52.973799,-0.022095,0.8849077589639955,signage,20000,0.21012829216388057
seg_545,53.80077,-1.549094,0.8365440831290601,lighting,50000,0.15800956895471868
seg_546,51.48599,-0.13298,0.8912893786170506,speed_bump,20000,0.2943152249816112
seg_547,52.216829,-0.913469,0.8759873080403942,speed_bump,20000,0.22433368250305696
seg_548,54.133912,-1.287987,0.7428970677549007,speed_bump,20000,0.2341842721107923
seg_549,51.117376,1.135502,0.8194205884102485,signage,50000,0.19095855146340995
seg_550,53.816792,-3.037203,0.8290948230020172,signage,30000,0.15757228009815652
seg_551,55.924032,-3.614694,0.7880016018196269,speed_bump,30000,0.11286979643498588
seg_552,51.513714,-0.248997,0.8734197448581773,signage,30000,0.17004603931357726
seg_553,53.927607,-1.386688,0.8452526653888068,lighting,30000,0.13521948585367843
seg_554,51.404194,-0.208038,0.8547121191250873,signage,30000,0.23241765365140235
seg_555,50.73232,-1.990758,0.8244407258020671,speed_bump,30000,0.27580077696054384
seg_556,52.095881,1.08466,0.8126409294121661,signage,20000,0.16055097164913046
seg_557,50.777886,0.300994,0.8296085255942509,signage,20000,0.16657652508280932
seg_558,53.341462,-3.093493,0.8762763744285698,signage,30000,0.23407290076580234
seg_559,51.506706,-0.251879,0.8754808237149692,signage,20000,0.12985428684824726
seg_560,51.533535,-0.456582,0.8760311436499792,speed_bump,30000,0.2858874853355398
seg_561,52.856898,1.013508,0.8546135308734161,lighting,20000,0.17276935620509662
seg_562,51.893761,0.199,0.8025287015918593,speed_bump,50000,0.12023988918535494
seg_563,53.777666,-0.430762,0.8808082674952109,lighting,20000,0.1349368009841283
seg_564,51.587267,-0.098349,0.8771851600593772,signage,20000,0.28654921520149157
seg_565,50.856189,-1.171869,0.8363097286304151,lighting,30000,0.149423857673804
seg_566,53.647871,-2.628069,0.8469240348609925,lighting,20000,0.23245376076625726
seg_567,53.39253,-0.773036,0.848936960837498,lighting,30000,0.131233044707653
seg_568,53.419527,-3.060436,0.9002643094500045,speed_bump,20000,0.13882033846975556
seg_569,50.923602,-1.46311,0.8847686443381488,speed_bump,20000,0.2758476437799955
seg_570,54.177052,-0.760731,0.8242095241402523,signage,50000,0.12960664402051236
seg_571,50.615646,-3.414602,0.8704372332643087,speed_bump,50000,0.10375011734725584
seg_572,50.168009,-5.099054,0.8229633390802847,lighting,20000,0.20024663790525526
seg_573,51.512512,-0.104488,0.8588482408307422,lighting,50000,0.2725453626525869
seg_574,51.30082,0.147439,0.8160748171164787,lighting,50000,0.16519820908312494
seg_575,53.970341,-1.405573,0.9001261700375524,speed_bump,30000,0.1256324541291421
seg_576,53.714178,-1.692534,0.8769274953689701,signage,30000,0.29644616591312756
seg_577,50.716525,-1.17573,0.8798181564281673,speed_bump,50000,0.23534772589788266
seg_578,51.965438,-0.43058,0.7639253014584649,signage,30000,0.2701381263896313
seg_579,53.443051,-2.244314,0.8659373966004928,lighting,30000,0.25042765446578474
seg_580,51.503228,-0.151706,0.8718228826828031,lighting,30000,0.23964845479783803
seg_581,52.813141,0.92944,0.7400982571847969,signage,50000,0.17691281342618406
seg_582,53.495832,-1.303394,0.8708335542211875,lighting,50000,0.16486799864072788
seg_583,53.600028,-2.225423,0.8733134666722852,lighting,20000,0.24339171917889482
seg_584,52.59886,-1.083704,0.8805725732453946,speed_bump,30000,0.24334260163544602
seg_585,53.659763,-2.618884,0.8523309240348236,signage,50000,0.29011767680981865
seg_586,51.820972,-0.79109,0.8110709587816983,signage,20000,0.21373196356966445
seg_587,57.45543,-1.798978,0.8126409294121661,lighting,50000,0.1589242211575347
seg_588,53.10116,-1.325768,0.813476322262668,signage,50000,0.1979057598660955
seg_589,54.374584,-1.741404,0.8439863226527059,signage,50000,0.22274276334518384
seg_590,53.452527,-1.46448,0.8692644364159976,signage,20000,0.1853459599153825
seg_591,53.496125,-2.497533,0.829219115980461,signage,30000,0.2582266246719096
seg_592,53.473964,-2.685333,0.8336808488686442,lighting,30000,0.21692264244316756
seg_593,53.435328,-2.501218,0.8583658519756138,signage,30000,0.10188714552553012
seg_594,52.470272,-1.84996,0.9740540786062845,lighting,50000,0.21396797764640169
seg_595,51.441469,0.367156,0.8588482408307422,signage,30000,0.22672075718837217
seg_596,50.130017,-5.510576,0.8550252875604394,speed_bump,30000,0.2830522503088141
seg_597,51.396139,-1.320083,0.8828627271165255,signage,50000,0.18274433473283772
seg_598,51.53949,-0.384569,0.7938097502730195,speed_bump,50000,0.21489353185427168
seg_599,52.639867,-2.630844,0.8309369619687645,speed_bump,50000,0.19499949014287477
seg_600,53.389567,-2.320844,0.8708335542211875,speed_bump,30000,0.20633128569377707
seg_601,51.312797,0.190332,0.8273716252006651,signage,50000,0.1134608141337993
seg_602,52.758892,-1.440426,0.8223357068929539,signage,20000,0.27945673350662026
seg_603,57.139866,-2.153184,0.8754808237149692,lighting,30000,0.2820824679663251
seg_604,51.386014,0.524844,0.8842830087391433,signage,30000,0.20961192196852652
seg_605,53.316907,0.142972,0.8655805870881796,speed_bump,20000,0.2113111031441891
seg_606,51.861037,-4.301914,0.8866175064016307,lighting,30000,0.11151120718879091
seg_607,51.142479,0.306214,0.7867573484746397,speed_bump,30000,0.21959010262395134
seg_608,51.377525,-0.351624,0.8858534684033869,signage,30000,0.18583035797583247
seg_609,51.577723,-2.946796,0.8733134666722852,signage,20000,0.24180872604688744
seg_610,52.444303,-1.980841,0.8575538727052617,signage,20000,0.10942498331911449
seg_611,52.591458,-1.120964,0.8345019264384638,speed_bump,20000,0.24217753654589794
seg_612,51.506618,-3.14604,0.8623531352830244,signage,30000,0.1573787647664628
seg_613,55.957768,-3.185042,0.7971984985240341,speed_bump,20000,0.23034106609062158
seg_614,56.197317,-3.16663,0.8744675145310739,signage,30000,0.2254251950624246
seg_615,53.670545,-2.623563,0.8508048371475456,speed_bump,50000,0.1453682969264465
seg_616,51.520935,-0.174053,0.8856512868004818,lighting,50000,0.18809046904325333
seg_617,51.412175,-0.011575,0.8815533516713843,lighting,20000,0.26712665181066486
seg_618,52.558296,-2.027403,0.8657379100776147,lighting,50000,0.22111832871895476
seg_619,51.263207,-0.941758,0.8381379049829688,lighting,20000,0.11374766039568229
seg_620,53.51171,-2.203692,0.8667538003488293,speed_bump,20000,0.18858176626416595
seg_621,55.943103,-3.048338,0.8469240348609925,speed_bump,20000,0.1623542917555834
seg_622,51.295514,-0.015616,0.8507469410968699,lighting,20000,0.22832913578232653
seg_623,51.340523,-2.968849,0.8705715289236796,speed_bump,50000,0.22291278825905214
seg_624,53.468804,-2.572717,0.9002643094500045,speed_bump,20000,0.1020796203020281
seg_625,53.53182,-2.49089,0.8908017365910966,lighting,50000,0.22153910188369258
seg_626,51.376387,-0.098481,0.8600651827956957,speed_bump,30000,0.24696993079698734
seg_627,52.248877,-0.873829,0.8505502618683282,speed_bump,20000,0.2537460064803151
seg_628,53.466342,-2.284053,0.8452526653888068,speed_bump,30000,0.11179515407799223
seg_629,52.629798,-1.074533,0.8816469077358114,speed_bump,20000,0.1607316834219738
seg_630,50.721411,-3.486057,0.938525953856937,signage,30000,0.18425471211030475
seg_631,54.571379,-3.573445,0.8198253214397685,lighting,30000,0.13595434155898237
seg_632,54.046814,-1.599822,0.8180615715459877,speed_bump,30000,0.18414677423300196
seg_633,51.324355,0.719836,0.8583658519756138,speed_bump,20000,0.11422590716511848
seg_634,50.843784,-0.130589,0.8705715289236796,lighting,50000,0.12264345660141032
seg_635,54.066098,-2.880985,0.9563614069107627,signage,30000,0.23373895256868388
seg_636,53.499915,-2.260621,0.8718228826828031,lighting,20000,0.152514492232031
seg_637,51.958669,-2.706957,0.8288134167385981,lighting,30000,0.2422811694959145
seg_638,52.058464,-0.700818,0.6908335995361381,signage,20000,0.1096217056033336
seg_639,53.801084,-1.896569,0.8239134581472277,signage,50000,0.21254061060870055
seg_640,52.893172,-1.454009,0.8797431333289853,signage,50000,0.17828973271736806
seg_641,53.461031,-2.876262,0.8316624061757316,signage,20000,0.25939427838309304
seg_642,51.261132,0.527023,0.8662479861618091,signage,50000,0.25679031604111235
seg_643,53.689855,-1.792808,0.8628624605556141,speed_bump,50000,0.17511192849150164
seg_644,52.244388,-1.48134,0.7629332092145249,signage,30000,0.22454280281754285
seg_645,52.23773,-0.886208,0.8728909250039701,lighting,20000,0.14550977376389762
seg_646,51.365895,-0.531898,0.8133546674501767,speed_bump,50000,0.21608136723608404
seg_647,53.48504,-2.899362,0.8774662691765385,speed_bump,50000,0.11625293878950449
seg_648,52.062414,-0.700266,0.8435406506619411,signage,50000,0.186920856823722
seg_649,51.652931,-2.436795,0.8233185719931672,signage,50000,0.13654553630762184
seg_650,50.826556,-0.101378,0.8309369619687645,speed_bump,50000,0.2766762364183045
seg_651,51.665006,-0.694174,0.8849077589639955,speed_bump,50000,0.18898016359336633
seg_652,51.575717,-0.20433,0.8945114664233913,lighting,20000,0.21815474972750698
seg_653,51.412171,-0.29674,0.8950647624083092,signage,30000,0.17207637206600207
seg_654,52.140718,-0.545425,0.7629332092145249,speed_bump,20000,0.15774820704796058
seg_655,52.857808,0.502355,0.7624342052791623,speed_bump,20000,0.14058395661230672
seg_656,55.897233,-3.603176,0.8429543539546722,signage,50000,0.28237431653340395
seg_657,51.245782,-0.734595,0.8639093590313077,speed_bump,50000,0.2598931564853905
seg_658,54.031765,-2.856614,0.6952010710360297,lighting,30000,0.12665222888620617
seg_659,52.188086,0.998628,0.8705715289236796,lighting,50000,0.24934497525835966
seg_660,50.730299,-1.157101,0.8759873080403942,lighting,20000,0.18370615540733065
seg_661,52.955325,-1.163343,0.8759873080403942,signage,20000,0.10307933099211397
seg_662,51.383768,-0.324448,0.8692644364159976,lighting,50000,0.2056734640752444
seg_663,52.338077,0.533573,0.8047113047708372,lighting,30000,0.12600928801697323
seg_664,54.092147,-0.888413,0.7791163621465778,speed_bump,30000,0.14198686261871893
seg_665,50.850587,0.254207,0.8705563897472253,signage,30000,0.2392081922848186
seg_666,51.516916,-0.141495,0.8221564333758742,speed_bump,20000,0.1514284074282392
seg_667,52.025992,-0.775075,0.7896160836694851,signage,50000,0.2783776403683633
seg_668,51.476249,-2.711569,0.7657617178232036,signage,50000,0.23143395168483397
seg_669,51.879474,-0.410329,0.8365440831290601,lighting,50000,0.2664566969821618
seg_670,52.57492,1.716909,0.8680095281251984,signage,30000,0.22303790766603682
seg_671,54.571244,-1.215109,0.8775397761816214,speed_bump,30000,0.27376991820440316
seg_672,51.767595,-3.240171,0.8705563897472253,speed_bump,50000,0.17233693500443004
seg_673,51.48375,-1.550357,0.8198253214397685,lighting,30000,0.20982811537711593
seg_674,51.550763,0.058942,0.8265419511490008,speed_bump,30000,0.2031780800888667
seg_675,55.891202,-3.980493,0.7461309698044977,signage,20000,0.2807581416155941
seg_676,53.757637,-2.385223,0.8704372332643087,speed_bump,30000,0.1329830817217227
seg_677,51.398343,0.203617,0.7867573484746397,lighting,30000,0.21561215263733846
seg_678,51.654272,-3.024732,0.8512591614879486,speed_bump,30000,0.25088623884539607
seg_679,57.221979,-4.578078,0.8484617143565997,signage,20000,0.17400995210673206
seg_680,51.365012,-0.16331,0.858705763764342,signage,20000,0.27351630492319523
seg_681,53.762013,-0.299434,0.8354622839605819,lighting,50000,0.17460295341554682
seg_682,51.488515,-0.122218,0.8920872464216529,signage,30000,0.13466175197918323
seg_683,53.519042,-3.019538,0.6952010710360297,signage,30000,0.21680967108100635
seg_684,53.416982,-2.130867,0.8662479861618091,lighting,30000,0.1841136020074625
seg_685,53.667883,-1.770212,0.8704372332643087,signage,30000,0.10303802093640091
seg_686,55.890174,-4.184663,0.8705563897472253,speed_bump,50000,0.11396771849870065
seg_687,50.972138,-0.038407,0.7952719040728745,speed_bump,20000,0.139055436041318
seg_688,50.921874,-1.356157,0.8326701886718421,speed_bump,50000,0.25386599190363046
seg_689,51.398926,-0.009849,0.8176109602647221,signage,20000,0.2784079032067497
seg_690,50.379719,-4.13447,0.8273579502742333,signage,30000,0.20912817480284449
seg_691,53.811623,-1.578222,0.8705563897472253,signage,30000,0.1211130925028247
seg_692,51.365196,-0.16359,0.8623531352830244,signage,50000,0.2068837904483692
seg_693,51.516628,-0.106626,0.8955844938953103,signage,20000,0.27112109211938895
seg_694,51.583877,0.430996,0.8662479861618091,lighting,30000,0.24989552582451793
seg_695,50.02815,-5.242984,0.8201023360777607,lighting,20000,0.15821963273947498
seg_696,53.386976,-3.072766,0.8277620933002683,signage,20000,0.12477812185767156
seg_697,52.548885,-2.123846,0.8560744858307949,speed_bump,50000,0.2801363399524486
seg_698,52.026472,0.086409,0.7501977950494252,lighting,50000,0.2708177493264422
seg_699,51.507252,-0.014956,0.832988474289404,lighting,30000,0.11074307302904517
seg_700,53.756194,-2.332265,0.8564261548370419,speed_bump,30000,0.26473489796491284
seg_701,51.663778,-0.398804,0.877893402574257,speed_bump,30000,0.1194425275569879
seg_702,51.052527,-2.183216,0.8195548960339194,lighting,20000,0.11265672668040741
seg_703,52.570939,-2.172451,0.8900474546764308,lighting,30000,0.25172017942925184
seg_704,55.125341,-1.555691,0.8583658519756138,lighting,20000,0.2072621243849916
seg_705,51.720661,-0.386801,0.813476322262668,speed_bump,50000,0.1829096048180638
seg_706,51.580889,0.141278,0.8685316766222858,lighting,30000,0.28077243919520434
seg_707,51.207807,-2.500325,0.8244407258020671,speed_bump,20000,0.26786071441355075
seg_708,54.324441,-2.743522,0.8685316766222858,speed_bump,30000,0.11152469430941132
seg_709,51.404569,-0.162589,0.8704372332643087,speed_bump,50000,0.22321744838823449
seg_710,52.280076,-0.962163,0.8215068110236207,signage,20000,0.25445348064149165
seg_711,50.977907,-0.278776,0.8417304384346448,speed_bump,50000,0.2100981159549904
seg_712,51.557299,-0.528483,0.8316624061757316,signage,30000,0.29660109981523763
seg_713,51.368671,-0.155837,0.8705563897472253,signage,30000,0.23720950092950965
seg_714,51.399408,-0.117218,0.8659373966004928,signage,50000,0.12082860253940507
seg_715,51.785305,-0.776676,0.8639093590313077,signage,30000,0.1396596023999907
seg_716,50.870057,0.260047,0.8748503009643289,speed_bump,20000,0.2652491242398924
seg_717,55.834127,-4.512266,0.8405265309343529,speed_bump,50000,0.29935133462886
seg_718,50.948658,-1.397383,0.8804627776426374,lighting,20000,0.11966785337447794
seg_719,51.370924,-2.366156,0.9530664973642654,speed_bump,30000,0.12006586356900968
seg_720,52.167044,-2.204076,0.8715247480302594,lighting,50000,0.2526774108286567
seg_721,53.401006,-2.156001,0.8659222049573487,signage,30000,0.11287085634330792
seg_722,54.578422,-1.323919,0.8821695957400528,signage,50000,0.1137120232129695
seg_723,53.115956,-2.477325,0.8194205884102485,lighting,30000,0.2777632966019325
seg_724,55.881996,-4.173476,0.8680095281251984,signage,20000,0.2600899624636902
seg_725,51.253252,0.635516,0.8215068110236207,lighting,20000,0.2763126399728765
seg_726,51.513754,-3.221318,0.8657379100776147,signage,30000,0.23010268042655072
seg_727,52.533943,-0.318087,0.8170762575295458,lighting,20000,0.16450728438777168
seg_728,52.67238,-2.484456,0.7582096622657317,speed_bump,30000,0.2812626380665582
seg_729,52.363045,-0.891195,0.7280939538127603,speed_bump,30000,0.15974470499488636
seg_730,55.769435,-4.216805,0.896031477621039,signage,50000,0.15510216789096987
seg_731,55.861401,-4.411655,0.8705563897472253,speed_bump,20000,0.27728008383855424
seg_732,55.97496,-3.182043,0.877893402574257,signage,50000,0.23616451849864156
seg_733,51.510809,-0.086114,0.8588482408307422,signage,30000,0.27913441694184854
seg_734,53.620674,-2.602574,0.8749265399522802,lighting,30000,0.13118025785079448
seg_735,51.497068,-0.168232,0.831894771985585,signage,30000,0.2904593595531263
seg_736,53.635215,-1.750124,0.8800522573340586,signage,20000,0.2225484313400654
seg_737,50.971637,-1.596481,0.8201562677558243,speed_bump,50000,0.2336070088186855
seg_738,51.465225,-0.103284,0.8040741027764352,signage,20000,0.28281211606529033
seg_739,54.543293,-1.179799,0.8500418001450094,signage,20000,0.17615059493892574
seg_740,51.015779,-3.774601,0.8270238920028783,signage,50000,0.24391499893917243
seg_741,51.516888,-0.614101,0.8770264695737506,signage,30000,0.22806812422489678
seg_742,53.701248,-1.780331,0.8892924117355094,speed_bump,50000,0.25755054377319203
seg_743,52.264579,-0.889403,0.8705563897472253,lighting,30000,0.27938855836666143
seg_744,53.710773,-1.339241,0.8170762575295458,signage,20000,0.23601217108601893
seg_745,52.697327,-2.76574,0.8685316766222858,speed_bump,20000,0.11352791090061287
seg_746,52.47982,-1.824188,0.8734197448581773,speed_bump,30000,0.13662806916995604
seg_747,51.533359,-0.325671,0.8849077589639955,lighting,20000,0.2907956364534168
seg_748,53.545605,-2.383596,0.9038750313702515,lighting,50000,0.2937300946754452
seg_749,51.496752,-0.168824,0.8597042032991686,lighting,20000,0.2934826627396725
seg_750,51.360629,1.430866,0.8372817916476127,signage,50000,0.1073598800800236
seg_751,52.629222,1.30708,0.8486526675050747,lighting,20000,0.17648963358988365
seg_752,51.42812,-0.034475,0.8751347832736022,lighting,20000,0.2519345407975992
seg_753,50.698581,-1.515995,0.8605490860609336,signage,20000,0.25057716073156616
seg_754,53.075526,-1.576046,0.8459812227602294,speed_bump,20000,0.11718178098999171
seg_755,54.466012,-0.772099,0.813476322262668,speed_bump,30000,0.22189777741790379
seg_756,51.374515,-0.09396,0.8793426011109614,signage,20000,0.1285739237081715
seg_757,53.033532,-1.19686,0.894799070133731,speed_bump,30000,0.19864186657355865
seg_758,51.220823,1.38731,0.8720629277573755,lighting,30000,0.1479371401682243
seg_759,51.045889,-1.246194,0.7629688389471555,signage,20000,0.11063223434694554
seg_760,51.425109,-0.164929,0.8639093590313077,lighting,20000,0.11600388510532192
seg_761,51.512817,-0.225252,0.8659373966004928,speed_bump,20000,0.28217858994598166
seg_762,51.302296,0.925863,0.8303652455192708,signage,20000,0.24892919284030682
seg_763,51.283434,1.030801,0.856821637326877,signage,20000,0.2863647963545901
seg_764,50.759285,-2.525259,0.8032216953928162,speed_bump,20000,0.19399798646671051
seg_765,52.143183,1.082192,0.8241214509833236,signage,30000,0.18265849979056087
seg_766,54.710684,-1.527437,0.8658704252490534,speed_bump,20000,0.1716814585004191
seg_767,53.815928,-1.602025,0.858705763764342,speed_bump,20000,0.22326141921041798
seg_768,54.530916,-1.233036,0.858249452909064,lighting,30000,0.17031187739426673
seg_769,52.597256,-2.570232,0.8163561861356071,speed_bump,30000,0.24925464679640122
seg_770,50.827376,-0.783882,0.8622345436385142,speed_bump,20000,0.26026346524317245
seg_771,53.796527,-1.55469,0.8786417551846124,signage,20000,0.27516891868587623
seg_772,51.529683,-0.124394,0.8432651328358951,lighting,30000,0.14856018604905546
seg_773,52.565581,-2.006163,0.8997543334901722,signage,20000,0.20540440985847508
seg_774,53.370979,-2.755222,0.8708335542211875,signage,30000,0.14468892334596778
seg_775,53.826491,-3.03656,0.8650077810790384,signage,50000,0.10751116468406824
seg_776,52.787446,-0.906386,0.8205836242840949,speed_bump,30000,0.24156506083396753
seg_777,52.195911,0.130187,0.8957179958345405,lighting,20000,0.2097962547870249
seg_778,52.606824,-1.838269,0.8435271523748454,lighting,50000,0.24478545591061673
seg_779,51.602385,0.045391,0.8728909250039701,signage,20000,0.11752458228130742
seg_780,51.487085,-0.206662,0.8894539226879051,signage,20000,0.29910523581238835
seg_781,51.1285,-2.5899,0.8566473203560964,speed_bump,20000,0.2988697133894064
seg_782,51.528701,-0.326995,0.8928238341418688,lighting,50000,0.19299996510070255
seg_783,51.288232,-2.820658,0.9074501118431315,lighting,50000,0.2732117430367672
seg_784,53.676206,0.005673,0.8110709587816983,speed_bump,30000,0.14871371116111137
seg_785,51.497047,0.157516,0.8659373966004928,speed_bump,30000,0.2475132322446594
seg_786,51.610748,0.525599,0.8594520200921291,lighting,30000,0.27584517136271314
seg_787,52.618606,-2.158252,0.8716190982067766,signage,30000,0.2629332532161557
seg_788,52.390453,-1.78741,0.8659373966004928,speed_bump,30000,0.2623548156482315
seg_789,51.404,-0.432911,0.8685316766222858,lighting,50000,0.192605326417773
seg_790,52.809027,-1.648622,0.8692644364159976,lighting,50000,0.26399798955575454
seg_791,57.606521,-3.635187,0.8211184457878278,speed_bump,20000,0.2381409626042601
seg_792,55.167406,-1.690244,0.8609027621681186,signage,30000,0.12649027962884088
seg_793,52.661313,-0.480609,0.9244832523519763,signage,50000,0.12283688081290403
seg_794,51.711287,-1.989113,0.8484617143565997,speed_bump,30000,0.254384427186928
seg_795,52.452643,-2.162718,0.8500173076848866,lighting,20000,0.22509281775458476
seg_796,53.787365,-1.739962,0.7789206567756427,signage,50000,0.20387522343827547
seg_797,51.129527,0.26026,0.8780836571108344,speed_bump,30000,0.28145235816976566
seg_798,53.093192,-1.347695,0.8754978334021959,lighting,30000,0.23191807137424372
seg_799,51.510298,-0.138161,0.8617569211990833,speed_bump,30000,0.17922934901766002
seg_800,53.416971,-1.074171,0.7340889854084875,lighting,20000,0.18278636163523676
seg_801,53.580161,-1.666186,0.7439698890503792,lighting,30000,0.22104887216351699
seg_802,51.159931,-0.143723,0.8427827675147914,speed_bump,30000,0.2520550569372697
seg_803,50.799496,-1.991454,0.8884273390348446,signage,50000,0.2128706613898248
seg_804,52.448508,-1.511023,0.8721173266738097,signage,20000,0.20175217644383592
seg_805,53.755558,-2.440821,0.8323012654909696,signage,20000,0.24538014053083637
seg_806,53.560625,-0.088303,0.8734197448581773,speed_bump,30000,0.24105290998140727
seg_807,53.796974,-1.530546,0.9010913691779966,lighting,50000,0.2660693681227122
seg_808,51.223761,-0.319862,0.7978241553866122,speed_bump,30000,0.11251035725545888
seg_809,51.371837,-0.100681,0.8221564333758742,signage,30000,0.2509904264163958
seg_810,50.803229,-0.0594,0.8704372332643087,lighting,50000,0.202752090190338
seg_811,53.75181,-0.316606,0.8353002078179698,signage,30000,0.11493862400663038
seg_812,52.713474,-1.798648,0.8090127512917793,signage,20000,0.23580200563390394
seg_813,55.879358,-4.351681,0.8843772131862476,lighting,50000,0.24330803880038857
seg_814,51.045863,0.964887,0.8608213997124884,signage,30000,0.20472543390893688
seg_815,52.954916,-1.095855,0.8704372332643087,signage,20000,0.25875979552995254
seg_816,51.868068,-0.438184,0.7582096622657317,lighting,30000,0.1600496217258603
seg_817,51.793884,1.159935,0.8866175064016307,lighting,50000,0.14038144370628722
seg_818,51.197905,-1.214648,0.7371042937706236,speed_bump,30000,0.1701467903486557
seg_819,51.512513,-0.158825,0.906454273299778,signage,30000,0.1820101026591955
seg_820,56.330142,-3.832684,0.8312628952692926,lighting,30000,0.23918672048043377
seg_821,51.44512,-1.013997,0.8608425517362501,speed_bump,50000,0.2691039875756455
seg_822,52.33725,-1.178345,0.8540816203175006,lighting,50000,0.2441836380157353
seg_823,53.027313,-2.681959,0.7032633907021514,speed_bump,20000,0.1347975118139203
seg_824,50.827954,0.238757,0.8223357068929539,speed_bump,30000,0.17324341696005147
seg_825,51.410279,-2.627581,0.8835900195634384,lighting,30000,0.1316827426895556
seg_826,53.350252,-2.21539,0.8733134666722852,signage,20000,0.23734483991161026
seg_827,54.064802,-1.423477,0.8211184457878278,signage,50000,0.14963437564337884
seg_828,52.443091,-1.821216,0.8820288183237096,signage,20000,0.20507738657036934
seg_829,52.512963,-1.921869,0.8443666687004182,lighting,30000,0.25836596863893685
seg_830,52.327886,-2.713121,0.7804542503151798,lighting,20000,0.234187854984323
seg_831,51.167414,0.192876,0.8285803920233614,lighting,20000,0.15967479813302654
seg_832,51.469839,-3.182408,0.8338604237088112,speed_bump,50000,0.16657335012326818
seg_833,52.890953,-2.837643,0.8223357068929539,lighting,20000,0.23067285732060636
seg_834,53.214638,-0.545883,0.9157793207662821,signage,20000,0.2098935498679888
seg_835,51.53728,-0.201805,0.8751347832736022,signage,50000,0.11927869749400888
seg_836,52.134881,-0.474749,0.8356010942993464,signage,50000,0.2747983178547092
seg_837,50.730872,-1.952926,0.8718228826828031,lighting,20000,0.20252264961072572
seg_838,53.975328,-1.170243,0.7865161384630973,lighting,20000,0.19467220263949309
seg_839,52.092679,-0.258386,0.8705715289236796,signage,50000,0.13968786732645247
seg_840,51.420627,-2.690283,0.9287617918638881,lighting,50000,0.17539876379410746
seg_841,53.253893,-1.449427,0.8685316766222858,speed_bump,50000,0.16656497246301982
seg_842,53.37425,-2.216714,0.7994416859506625,signage,30000,0.15414713656588536
seg_843,53.421487,-1.216565,0.8680650198970753,lighting,20000,0.21348131492935463
seg_844,50.825294,-0.786833,0.8749265399522802,lighting,50000,0.1924550720560564
seg_845,52.526543,-1.929068,0.8532364552634714,lighting,20000,0.2778395370629334
seg_846,52.124713,-0.481231,0.8793426011109614,lighting,20000,0.2882687954094322
seg_847,52.157449,1.063831,0.7371042937706236,lighting,50000,0.14389468584561818
seg_848,53.762076,-1.572195,0.7791163621465778,signage,30000,0.12002108575344211
seg_849,55.035653,-1.764017,0.8222320932880077,speed_bump,20000,0.2570675102975499
seg_850,55.976245,-3.169742,0.8704372332643087,signage,20000,0.29897228072772175
seg_851,51.365772,-0.363798,0.8759873080403942,signage,30000,0.2727200139708308
seg_852,52.021686,-1.809493,0.8110709587816983,signage,20000,0.10473948042374695
seg_853,51.588076,-0.032919,0.8692644364159976,lighting,50000,0.1502527101412932
seg_854,55.90053,-3.091716,0.8323012654909696,lighting,30000,0.10866845540825279
seg_855,54.932689,-4.612993,0.7114010073147387,signage,30000,0.26415587540823326
seg_856,51.83174,-4.182995,0.7657617178232036,lighting,30000,0.21628139525846324
seg_857,52.223144,0.68981,0.755581225862986,lighting,30000,0.20274370823341076
seg_858,53.052106,-2.565237,0.8151383513226886,signage,30000,0.2108899763993055
seg_859,51.297767,0.479398,0.8323012654909696,signage,50000,0.15049025173931824
seg_860,52.926908,-2.225288,0.8228300438362112,signage,30000,0.22032767382777257
seg_861,51.533796,-3.067425,0.7825750185765237,signage,30000,0.106133395692806
seg_862,52.824516,-1.629183,0.8525607034593479,lighting,30000,0.22920234479416793
seg_863,51.560161,-0.115084,0.832988474289404,signage,20000,0.24688676603576615
seg_864,55.986597,-3.565033,0.801972646205368,signage,50000,0.23460525274236543
seg_865,55.867184,-4.29238,0.880332736166794,signage,30000,0.16642350366244404
seg_866,51.655215,-0.101723,0.8500173076848866,signage,50000,0.2652525830255085
seg_867,53.579108,-2.297205,0.880754340715499,signage,50000,0.24310879942349642
seg_868,54.846846,-1.380768,0.8201803582632392,speed_bump,50000,0.12565946458485558
seg_869,51.568494,-0.110821,0.8469240348609925,lighting,50000,0.139028844107663
seg_870,51.436052,-0.503257,0.8816469077358114,speed_bump,50000,0.22742168263564772
seg_871,54.307458,-2.713246,0.8479456979555612,lighting,30000,0.15788322671120522
seg_872,52.143201,-0.471542,0.8751347832736022,lighting,50000,0.1238865882892474
seg_873,53.661576,-2.654867,0.8884352170866768,lighting,20000,0.13099379862997845
seg_874,52.471622,-1.944908,0.8828627271165255,signage,50000,0.13312343610808014
seg_875,53.044698,-2.995631,0.8705563897472253,speed_bump,20000,0.19555818136367642
seg_876,53.029303,-2.185308,0.8623531352830244,speed_bump,50000,0.22147709068589946
seg_877,56.148242,-3.121512,0.8314566740025926,signage,20000,0.13528045497088298
seg_878,54.408401,-1.661326,0.834190567234052,speed_bump,30000,0.2424993220726442
seg_879,54.385563,-1.318439,0.8280132823277481,speed_bump,20000,0.1562025215003057
seg_880,54.846063,-1.471681,0.7574136356000295,lighting,20000,0.16231162767879218
seg_881,52.598848,-1.137138,0.8597042032991686,signage,50000,0.14469972421482152
seg_882,52.654737,-2.075065,0.8308306518730301,speed_bump,50000,0.2570412271886382
seg_883,50.993665,-3.09232,0.7271159230927519,lighting,20000,0.2919627665873754
seg_884,50.627632,-1.179665,0.858705763764342,signage,20000,0.19849996973561854
seg_885,52.209641,0.066,0.7867573484746397,signage,50000,0.10840612828639845
seg_886,52.758082,-1.20416,0.896031477621039,lighting,50000,0.15211386328509519
seg_887,51.380498,-0.397358,0.8476572874844607,lighting,20000,0.1316100582237692
seg_888,51.517944,-0.110175,0.8610969769075383,lighting,30000,0.26855245697040353
seg_889,50.913968,-1.401672,0.7913950977162021,lighting,20000,0.11697079748664103
seg_890,51.522597,-0.114307,0.8821695957400528,lighting,50000,0.2932952481376767
seg_891,51.485422,-0.606342,0.884697540133837,signage,30000,0.2177027553249252
seg_892,51.850345,-4.400401,0.8296170751759724,speed_bump,20000,0.20354795741483264
seg_893,51.396459,0.02397,0.8705563897472253,signage,20000,0.26947012448383734
seg_894,51.77247,1.099431,0.8434333373697559,signage,30000,0.10550952425829124
seg_895,50.091874,-5.264039,0.7501977950494252,speed_bump,50000,0.2554305498814019
seg_896,54.110822,-3.207013,0.8805725732453946,speed_bump,20000,0.12332080911370331
seg_897,52.959797,-1.149918,0.9486421974726827,lighting,50000,0.26815561978808644
seg_898,51.379613,-0.083255,0.8650077810790384,lighting,30000,0.20583524384757235
seg_899,52.777227,-1.217227,0.8716190982067766,speed_bump,50000,0.11222588047201837
seg_900,53.029052,-2.09286,0.8793426011109614,lighting,50000,0.2666490077602649
seg_901,52.609989,-1.136255,0.8512591614879486,lighting,20000,0.10546282341425034
seg_902,53.766244,-0.391057,0.7932422341915846,lighting,20000,0.1276741385787207
seg_903,53.409655,-1.422897,0.8839035364841051,signage,50000,0.2595649047653258
seg_904,50.622964,-2.023718,0.8215068110236207,speed_bump,20000,0.1929742247715782
seg_905,53.673935,-1.753589,0.884697540133837,signage,20000,0.27627774087096674
seg_906,52.158387,-1.135302,0.8303652455192708,speed_bump,30000,0.2270858545582167
seg_907,53.552354,-2.480864,0.8246663158858705,lighting,50000,0.2247057508740816
seg_908,51.057779,-2.645206,0.813476322262668,speed_bump,50000,0.15844702122640297
seg_909,50.746159,-1.744556,0.8201562677558243,lighting,30000,0.12673610471034671
seg_910,54.988922,-1.435626,0.8835513828170589,signage,20000,0.2922344781793365
seg_911,52.251745,-1.152385,0.8524361183682376,lighting,30000,0.12095953782867903
seg_912,50.855499,-1.203236,0.8669347300158933,speed_bump,50000,0.2058021200147135
seg_913,51.425702,-0.205466,0.8866175064016307,signage,20000,0.15451371816695605
seg_914,51.583776,-1.775207,0.8597042032991686,speed_bump,30000,0.15282813271629095
seg_915,51.026628,-1.332063,0.8194205884102485,speed_bump,20000,0.2189172438605626
seg_916,51.114667,-0.67746,0.7800490030904871,speed_bump,20000,0.2595868234357738
seg_917,51.924075,-0.221872,0.768588410970976,signage,20000,0.25543589656625576
seg_918,55.822638,-4.328874,0.8817205883653086,lighting,50000,0.2737603378387107
seg_919,55.614321,-3.539324,0.8239134581472277,speed_bump,50000,0.15858054758247342
seg_920,53.553031,-2.420645,0.8370354181098999,signage,20000,0.19315027634301474
seg_921,52.627679,-1.121205,0.8780836571108344,speed_bump,50000,0.10186691464400499
seg_922,51.522547,-0.1737,0.8659373966004928,speed_bump,30000,0.2493715246272731
seg_923,53.375159,-1.431179,0.8793426011109614,lighting,50000,0.1604686224284566
seg_924,53.014773,-3.285173,0.8109533763992033,lighting,50000,0.21229870665403727
seg_925,53.61956,-2.295826,0.8906276485443786,signage,20000,0.13386005640389015
seg_926,51.528597,-0.198543,0.8828627271165255,speed_bump,50000,0.2638799014268657
seg_927,50.895671,0.082241,0.813476322262668,lighting,30000,0.26345444385565553
seg_928,51.407968,-3.305194,0.8266420517280454,speed_bump,20000,0.2754905829505911
seg_929,51.384683,-1.055404,0.8454870711919236,speed_bump,20000,0.10918739942134457
seg_930,54.871539,-1.376805,0.8808082674952109,speed_bump,50000,0.2984917419550027
seg_931,52.780255,-1.970612,0.8133546674501767,signage,30000,0.14955588288793892
seg_932,53.542825,-2.128841,0.7789206567756427,lighting,30000,0.1618867372094699
seg_933,53.746448,-1.693208,0.8650077810790384,speed_bump,20000,0.14986714583808922
seg_934,53.36628,-1.353661,0.8693187344911308,speed_bump,50000,0.15350653967330646
seg_935,53.476321,-1.499739,0.8646118211650459,signage,20000,0.21053227122072932
seg_936,53.358767,-2.767463,0.8275054570014916,lighting,20000,0.14796210886075592
seg_937,51.559126,-1.779985,0.8670132071594837,lighting,30000,0.17875426228008096
seg_938,53.775015,-1.567411,0.876804450599008,speed_bump,50000,0.23112131648864306
seg_939,53.688367,-1.402889,0.7865161384630973,speed_bump,20000,0.26720524071554536
seg_940,53.382519,-1.485479,0.7811852410799095,signage,20000,0.2385483000533759
seg_941,52.907151,-1.255376,0.880118507542614,speed_bump,30000,0.21886456895746464
seg_942,52.827454,-1.363185,0.7190241031079806,signage,20000,0.12954571250821373
seg_943,53.52366,-2.358661,0.8362290517233468,speed_bump,30000,0.2632231203082565
seg_944,51.643014,-0.254282,0.863352767247926,lighting,20000,0.10745497759860774
seg_945,51.574919,-3.435655,0.9507388263033348,lighting,20000,0.15283833264706043
seg_946,52.001404,-2.732103,0.8296170751759724,signage,20000,0.11141178338639224
seg_947,50.865606,-1.040639,0.8356078926665653,lighting,50000,0.23348579511689252
seg_948,50.297323,-3.811614,0.8476489734298565,signage,50000,0.1736742165187029
seg_949,51.678952,-4.134121,0.8215922186327269,lighting,30000,0.23040969664097335
seg_950,53.022135,-2.169325,0.8692644364159976,lighting,30000,0.16940619186071806
seg_951,51.632166,-0.063838,0.8816271948307352,lighting,50000,0.19114814615989884
seg_952,53.870031,-2.168016,0.6691374235704528,speed_bump,20000,0.19159220203323618
seg_953,53.416619,-3.03439,0.8430440139126898,speed_bump,30000,0.10911613073350893
seg_954,52.421916,-1.641899,0.8160748171164787,signage,50000,0.1860453052692007
seg_955,55.96575,-3.972604,0.8839035364841051,speed_bump,50000,0.22821287262304052
seg_956,53.581154,-1.178889,0.8498150823051724,speed_bump,20000,0.20921044921508675
seg_957,51.574767,0.183709,0.8050206435367862,speed_bump,50000,0.11505675325565745
seg_958,51.588947,-0.102176,0.8188595419432747,signage,30000,0.23361119713734976
seg_959,51.405626,-3.227047,0.8308306518730301,speed_bump,50000,0.16177255098305218
seg_960,53.83134,-1.538518,0.8273579502742333,lighting,20000,0.10288696055580443
seg_961,55.934585,-3.598635,0.9404332314402096,speed_bump,30000,0.13111911141684904
seg_962,53.384086,-2.581652,0.9845252390262008,signage,50000,0.1995119314633119
seg_963,55.951194,-3.983075,0.880754340715499,lighting,20000,0.16208033180601372
seg_964,52.831301,0.846178,0.8032216953928162,signage,50000,0.23887660275071015
seg_965,51.598047,-0.092123,0.8932024163075866,speed_bump,20000,0.14813069511315288
seg_966,53.158475,-1.220868,0.8181793281040061,speed_bump,50000,0.25455923369503375
seg_967,53.327752,-2.230291,0.8742517439241193,lighting,30000,0.157295436278796
seg_968,51.66812,0.741331,0.8466088126804919,signage,20000,0.22417274151688313
seg_969,53.401894,-1.439245,0.7938097502730195,lighting,20000,0.25984327605023605
seg_970,55.880218,-3.992884,0.8469971082160745,lighting,50000,0.17711122572874977
seg_971,52.656218,-1.880443,0.7506418848730688,speed_bump,20000,0.1093609883630941
seg_972,50.706519,-3.454569,0.8592105842438866,speed_bump,30000,0.20708910421177618
seg_973,53.114092,-2.171479,0.8908466012758673,speed_bump,20000,0.2990818123089001
seg_974,51.453754,-2.601984,0.8085271525792885,lighting,50000,0.2937983732753827
seg_975,52.084303,-1.926123,0.8270238920028783,lighting,30000,0.14420443878883366
seg_976,51.821216,0.741256,0.8270238920028783,lighting,50000,0.25113930188485045
seg_977,50.16071,-5.355864,0.8396965200349473,speed_bump,20000,0.16899036636401318
seg_978,53.48871,-2.246083,0.8705715289236796,speed_bump,20000,0.13205449603661829
seg_979,53.456184,-2.120145,0.8265419511490008,speed_bump,30000,0.23318294012049864
seg_980,53.45148,-2.196974,0.8778270788896069,speed_bump,30000,0.2001737459053538
seg_981,52.600594,-1.627155,0.7503751733214675,signage,50000,0.20784611153113547
seg_982,55.146472,-1.914456,0.8427827675147914,speed_bump,50000,0.2654785324471017
seg_983,53.14703,-1.330134,0.813476322262668,speed_bump,50000,0.16730873517748462
seg_984,50.751007,-1.841205,0.8905278843155824,speed_bump,20000,0.2334189519111326
seg_985,53.33749,-1.174716,0.8109533763992033,speed_bump,20000,0.17323829339252506
seg_986,51.540896,0.002396,0.848027143895286,speed_bump,50000,0.10854477931608585
seg_987,55.853275,-4.281495,0.8908017365910966,lighting,30000,0.17560302146726978
seg_988,51.043136,-0.889764,0.8109533763992033,lighting,50000,0.2900068926408269
seg_989,53.514429,-1.124229,0.8512591614879486,signage,30000,0.1966524964176834
seg_990,53.745196,-2.222257,0.8133546674501767,speed_bump,20000,0.12164608736737365
seg_991,53.341093,-1.296606,0.8197954963348947,speed_bump,30000,0.23756536587524515
seg_992,51.656268,-0.27488,0.846876582359446,lighting,50000,0.2926758699437042
seg_993,52.907923,-1.176183,0.8610969769075383,speed_bump,30000,0.2815890493088514
seg_994,55.937366,-4.135585,0.877893402574257,speed_bump,20000,0.2143921675616277
seg_995,51.465989,-0.113759,0.8290948230020172,speed_bump,20000,0.17525614886970625
seg_996,53.351487,-1.439652,0.9490883431197844,speed_bump,50000,0.21613553370184807
seg_997,51.663416,-0.94783,0.8132373870284961,speed_bump,50000,0.26318621243984985
seg_998,51.590993,-0.263351,0.880754340715499,signage,50000,0.27224746840369085
seg_999,51.691095,0.585927,0.8669512785653624,speed_bump,20000,0.2637687769884882
seg_1000,51.453246,-2.595788,0.8290948230020172,signage,30000,0.19109527568834755
seg_1001,50.185414,-5.411793,0.8583658519756138,signage,50000,0.123771597914046
seg_1002,51.733456,-0.187497,0.8445457845615582,speed_bump,30000,0.21383468534775527
seg_1003,50.367532,-4.136876,0.877893402574257,signage,30000,0.13128576560667304
seg_1004,51.546738,-0.17951,0.832988474289404,lighting,30000,0.11219166677957121
seg_1005,52.611832,-1.142495,0.8716190982067766,signage,20000,0.1997335666857722
seg_1006,52.316897,-1.053581,0.746735505299509,signage,20000,0.2310746900093256
seg_1007,51.494356,-0.086371,0.8952405861703664,speed_bump,50000,0.2708294612812786
seg_1008,52.661861,-1.088139,0.8555210157335383,signage,20000,0.2565671107908607
seg_1009,57.692875,-4.243772,0.841376370664192,speed_bump,20000,0.27144810255130963
seg_1010,51.549511,-3.089283,0.8314913126843041,lighting,30000,0.2520137541641781
seg_1011,55.855501,-3.800688,0.8550252875604394,signage,50000,0.24064787938122786
seg_1012,53.455852,-2.225412,0.8780836571108344,lighting,30000,0.10202751382813993
seg_1013,54.84848,-1.826005,0.898168685887365,lighting,30000,0.2252204623618421
seg_1014,53.675001,-2.309611,0.8607857225670676,speed_bump,30000,0.12409636082782355
seg_1015,51.545453,0.679637,0.8685316766222858,signage,20000,0.11173342646650822
seg_1016,55.938923,-3.228494,0.8808082674952109,speed_bump,20000,0.13128243042113108
seg_1017,55.951319,-4.77829,0.8993643083315586,speed_bump,20000,0.26465843228835007
seg_1018,51.3879,0.557054,0.8708335542211875,lighting,50000,0.24876987862000427
seg_1019,52.665013,-1.124597,0.7652275555371805,lighting,50000,0.28975448104104246
seg_1020,51.78563,-4.11291,0.8298368913967566,lighting,20000,0.2957952517300821
seg_1021,51.792599,1.154188,0.8721173266738097,lighting,20000,0.2786567972747964
seg_1022,53.869837,-1.924154,0.8849077589639955,signage,20000,0.12658521019539984
seg_1023,51.50977,-0.150288,0.8639093590313077,signage,50000,0.2756765481849961
seg_1024,53.801077,-2.71753,0.8302749903406541,signage,30000,0.26772742695772905
seg_1025,53.013401,-1.354116,0.8734197448581773,lighting,50000,0.27421717197193946
seg_1026,54.911264,-1.45395,0.8004660701772103,lighting,30000,0.13033712342329828
seg_1027,51.642672,-0.255451,0.8766272639129639,lighting,50000,0.12335836555466351
seg_1028,51.529368,0.578767,0.8760311436499792,speed_bump,30000,0.2847617759168163
seg_1029,52.67211,-2.484601,0.7557880564064803,speed_bump,20000,0.1347653298269009
seg_1030,51.53214,-0.059843,0.8600232219846694,speed_bump,50000,0.17372434620852023
seg_1031,51.474234,-3.201241,0.7686420697851145,lighting,50000,0.19119696989881205
seg_1032,51.493232,-0.208726,0.8480759386000698,signage,50000,0.1248885055659129
seg_1033,51.511262,-0.37865,0.8806777396736573,lighting,50000,0.10412685760650948
seg_1034,51.417539,-1.003028,0.8215922186327269,lighting,20000,0.2988180939534232
seg_1035,51.461289,-0.071488,0.8800522573340586,signage,20000,0.27533144896699224
seg_1036,53.704514,-1.396601,0.8659373966004928,signage,30000,0.28246758587012744
seg_1037,54.789477,-3.278623,0.8206054074323508,lighting,20000,0.1569126138544237
seg_1038,52.995131,-1.138199,0.8733134666722852,speed_bump,30000,0.1440203145490878
seg_1039,53.399887,-2.926444,0.8835900195634384,signage,20000,0.18517331163508532
seg_1040,53.15056,-1.202678,0.8510789299693964,signage,30000,0.19066387379560135
seg_1041,54.97846,-1.598935,0.8509218628948447,signage,30000,0.10111988777284814
seg_1042,52.642875,-1.73823,0.6908335995361381,speed_bump,30000,0.25585062251196655
seg_1043,50.796671,-4.531192,0.8285803920233614,speed_bump,50000,0.29933340762840344
seg_1044,55.85957,-4.256934,0.8706424906726796,signage,30000,0.20573817402041789
seg_1045,51.208861,-2.646685,0.8808082674952109,lighting,30000,0.17765173900249026
seg_1046,51.515955,-0.209128,0.8444514876812502,lighting,20000,0.17855037864424067
seg_1047,52.469513,-1.887205,0.863272061515068,speed_bump,30000,0.11921542643442014
seg_1048,52.907701,-1.530105,0.8726068452070586,signage,20000,0.15323236367280235
seg_1049,51.490842,-0.228986,0.8888831607833779,lighting,20000,0.20042655772692625
seg_1050,52.242291,-0.913492,0.8694049066209935,speed_bump,30000,0.18636960022693946
seg_1051,51.13963,-4.076131,0.8549305794349114,speed_bump,20000,0.20900694914862203
seg_1052,52.559817,-1.226413,0.8335424471653229,speed_bump,30000,0.2698131297274813
seg_1053,53.856188,-1.336192,0.7520405666686313,signage,20000,0.1450484605399224
seg_1054,51.298019,0.501361,0.8597257377887327,lighting,50000,0.1055328361812624
seg_1055,50.211819,-5.164431,0.8211184457878278,signage,50000,0.10764508905654815
seg_1056,54.423789,-2.989308,0.8783296945676803,speed_bump,20000,0.12683376106137167
seg_1057,53.770481,-2.705432,0.8589015036105728,signage,30000,0.21409659696088051
seg_1058,50.904538,-1.194292,0.7226518617256104,speed_bump,30000,0.2616369620075849
seg_1059,50.834023,-1.049381,0.755581225862986,lighting,30000,0.2773611878561263
seg_1060,52.990325,-1.22351,0.8239134581472277,signage,30000,0.22702264039499423
seg_1061,52.144401,0.758293,0.8160748171164787,signage,50000,0.18062865049017868
seg_1062,50.490867,-4.088183,0.8248604829701514,lighting,30000,0.13090294163122948
seg_1063,50.544265,-3.628089,0.8266420517280454,signage,20000,0.18028366788869582
seg_1064,50.7374,-3.274974,0.8246663158858705,signage,30000,0.16648302678155671
seg_1065,51.612359,-0.109722,0.8452526653888068,speed_bump,20000,0.2740051761714275
seg_1066,51.621548,-0.292666,0.8469240348609925,signage,30000,0.19734387548212146
seg_1067,53.833062,-1.796357,0.8387243912486789,speed_bump,20000,0.14523917999090577
seg_1068,55.493166,-4.513623,0.7661692490229268,speed_bump,20000,0.157760213363156
seg_1069,57.152371,-2.104426,0.8179727196684982,lighting,50000,0.1272940329085378
seg_1070,52.600052,-1.548759,0.8270238920028783,signage,20000,0.28371708981382626
seg_1071,55.277674,-1.600761,0.8344444243226438,lighting,50000,0.11006916924729371
seg_1072,51.524937,0.171522,0.9060596088257512,signage,50000,0.10256924971117885
seg_1073,55.852164,-4.262401,0.8868921871172672,speed_bump,30000,0.13659778670537376
seg_1074,51.484162,0.001782,0.891501644286564,speed_bump,50000,0.26217480358212514
seg_1075,50.723392,-1.924317,0.8610969769075383,lighting,20000,0.20469335732621624
seg_1076,51.345978,0.151704,0.8583658519756138,signage,20000,0.22516865747539727
seg_1077,51.395172,-2.691481,0.8323012654909696,lighting,20000,0.17154633508314696
seg_1078,51.522142,0.018847,0.8871507794988254,speed_bump,30000,0.11373559710983401
seg_1079,53.800044,-1.557841,0.8910725015393074,signage,30000,0.27123163249843363
seg_1080,53.377023,-1.464977,0.8754808237149692,signage,50000,0.1383788544250815
seg_1081,53.537643,-1.464735,0.8835513828170589,signage,30000,0.10661184010902294
seg_1082,51.523647,-0.079234,0.8892924117355094,signage,20000,0.21454082718663875
seg_1083,50.833402,-0.128164,0.8692644364159976,speed_bump,50000,0.11665784407692022
seg_1084,52.628893,-2.126288,0.8705563897472253,lighting,50000,0.11915237037196685
seg_1085,53.418737,-1.412452,0.8815533516713843,signage,50000,0.26007540629650505
seg_1086,51.953374,-0.275287,0.8657379100776147,signage,30000,0.1983219178635991
seg_1087,51.896879,0.895579,0.8657379100776147,signage,30000,0.1483016904494286
seg_1088,52.807867,-0.057234,0.821536174528111,speed_bump,30000,0.16972528467190376
seg_1089,51.50919,-0.235192,0.8241931158511356,lighting,50000,0.2458481957686343
seg_1090,52.819709,1.388446,0.8816271948307352,speed_bump,20000,0.11327082895132037
seg_1091,50.553455,-3.643397,0.8349153818688407,speed_bump,50000,0.12329612318664199
seg_1092,51.514397,-0.038687,0.8742517439241193,signage,20000,0.22325240699811394
seg_1093,52.755875,1.535436,0.8825814894558972,speed_bump,30000,0.22139434689342147
seg_1094,51.497981,-2.654571,0.7558173985418821,lighting,20000,0.2944924369070744
seg_1095,51.457376,-0.195012,0.7997881169716813,lighting,30000,0.17490989625108994
seg_1096,51.504161,-0.712466,0.8389692465833248,signage,50000,0.11301552543550318
seg_1097,54.697599,-1.242619,0.8606370555323578,signage,50000,0.20750748696992558
seg_1098,54.771699,-1.317188,0.9022152920522803,lighting,50000,0.22766936235235805
seg_1099,53.650027,-1.506445,0.8090127512917793,speed_bump,20000,0.12792055715724981
seg_1100,51.352518,-2.357249,0.7629332092145249,speed_bump,20000,0.21057239470703934
seg_1101,51.509603,-2.563813,0.847321305094941,speed_bump,50000,0.1395534243316529
seg_1102,50.823605,-0.145452,0.880332736166794,signage,30000,0.2689460115762137
seg_1103,51.292809,-0.101936,0.8547121191250873,lighting,20000,0.26703229915676596
seg_1104,52.673051,-2.034205,0.8988549727608829,lighting,50000,0.18592581919968837
seg_1105,53.734409,-1.758102,0.8690513646590824,lighting,30000,0.2933486381025608
seg_1106,52.445185,-1.934201,0.7808786086219821,lighting,20000,0.2959547748899483
seg_1107,55.628117,-4.655396,0.820972350411785,signage,50000,0.1258502177895239
seg_1108,51.19729,-0.561452,0.8302749903406541,signage,30000,0.17354276096649351
seg_1109,52.220188,0.14511,0.8705715289236796,lighting,30000,0.22006429400932892
seg_1110,53.57329,-0.922895,0.8223357068929539,speed_bump,50000,0.11696756191628888
seg_1111,54.89076,-1.795889,0.7443307095661359,lighting,30000,0.1765311007628274
seg_1112,52.899246,-1.485598,0.8748503009643289,lighting,30000,0.15223441680331815
seg_1113,53.273868,-3.179856,0.8170762575295458,lighting,30000,0.2904100441933408
seg_1114,52.670296,-2.761274,0.7975343433344871,lighting,20000,0.1823171645662941
seg_1115,53.067218,-0.835883,0.8215068110236207,speed_bump,20000,0.2525341717095025
seg_1116,51.564267,-0.105225,0.7971984985240341,signage,50000,0.17734107270243477
seg_1117,51.330132,-2.2639,0.8266420517280454,speed_bump,20000,0.12636241408376708
seg_1118,50.868163,-0.620767,0.8628290227116686,signage,30000,0.2726303060321695
seg_1119,52.492205,-1.608925,0.8149708615386076,speed_bump,20000,0.10008338338062078
seg_1120,53.200015,-1.026814,0.7480758473680846,lighting,20000,0.11118817479489002
seg_1121,52.40438,-1.536735,0.8083520861278184,lighting,30000,0.17287688117940864
seg_1122,53.555007,-2.083435,0.8858534684033869,lighting,50000,0.23737965110374729
seg_1123,52.416552,-1.969815,0.8526331595520539,lighting,30000,0.16834085905815516
seg_1124,52.895539,-1.191885,0.8372817916476127,signage,20000,0.113262563524195
seg_1125,50.410866,-4.137981,0.8817205883653086,signage,20000,0.16356800674682975
seg_1126,53.476121,-1.235884,0.848027143895286,signage,20000,0.14899617179803246
seg_1127,50.850514,-1.075822,0.8659222049573487,speed_bump,50000,0.1010839599636396
seg_1128,54.255541,-1.354401,0.8323012654909696,speed_bump,20000,0.20696038263608035
seg_1129,52.828377,-1.758489,0.8628290227116686,speed_bump,30000,0.12332918294883721
seg_1130,50.824569,-0.141013,0.863272061515068,speed_bump,20000,0.1574992577593332
seg_1131,51.587875,-0.11377,0.8703242259405367,signage,30000,0.2282379660444829
seg_1132,52.61456,-2.062295,0.8526331595520539,signage,50000,0.24502313776459542
seg_1133,52.502798,-1.830107,0.8805030066127716,signage,30000,0.1526911253712045
seg_1134,54.987928,-1.708172,0.8829902719223293,speed_bump,30000,0.1658387342130468
seg_1135,55.239063,-1.609483,0.8215068110236207,lighting,20000,0.14938184762549306
seg_1136,53.402223,-1.432623,0.8635707487738997,signage,20000,0.29137772006323837
seg_1137,51.456425,0.146243,0.8708335542211875,speed_bump,50000,0.13810394539748055
seg_1138,55.901513,-4.405592,0.878119497358099,signage,20000,0.13663612072673526
seg_1139,53.675194,-2.944252,0.8670132071594837,speed_bump,30000,0.1890070591663064
seg_1140,54.990946,-1.486706,0.8508048371475456,signage,20000,0.13786127184011382
seg_1141,51.662919,-0.408378,0.8771851600593772,speed_bump,20000,0.13134169125712164
seg_1142,50.367783,-4.157419,0.880332736166794,signage,30000,0.1191759075402171
seg_1143,56.621317,-3.860953,0.8141309781932862,signage,50000,0.2280342496216499
seg_1144,53.390384,-3.049393,0.832988474289404,lighting,20000,0.2224164509803792
seg_1145,53.689495,-1.635734,0.8705715289236796,speed_bump,50000,0.23003257837559324
seg_1146,53.648374,-0.987747,0.770958936787228,speed_bump,30000,0.25466000160187924
seg_1147,51.878775,-0.54387,0.8888831607833779,signage,50000,0.16527160255851517
seg_1148,52.416505,-1.490351,0.8912893786170506,signage,20000,0.2836847467223843
seg_1149,51.542747,-0.081457,0.9000588319563694,signage,50000,0.2466409222137512
seg_1150,53.484885,-2.225716,0.8908017365910966,speed_bump,20000,0.26094171771623736
seg_1151,51.377124,-0.06109,0.8742517439241193,speed_bump,50000,0.24419243276534222
seg_1152,51.9584,-0.208434,0.8268819739612618,speed_bump,30000,0.17169112908651235
seg_1153,53.45691,-2.277977,0.8662479861618091,signage,30000,0.15660649761252698
seg_1154,52.99696,-0.409075,0.8770264695737506,lighting,20000,0.18450341391580283
seg_1155,51.568418,0.217173,0.9207109722238969,speed_bump,30000,0.1194060721066717
seg_1156,54.968432,-1.620548,0.8554970453381133,lighting,20000,0.1902561003131894
seg_1157,51.420172,-1.882616,0.8373053237709134,signage,30000,0.10862819661904798
seg_1158,52.702997,1.196008,0.8201803582632392,speed_bump,50000,0.1007891920054389
seg_1159,51.574895,0.137676,0.9374947940288172,speed_bump,20000,0.28629978789493854
seg_1160,55.875653,-4.282514,0.8937828685097291,speed_bump,20000,0.23786737211757858
seg_1161,51.526704,-0.210007,0.8659222049573487,speed_bump,20000,0.21236938941319378
seg_1162,51.511338,-0.009853,0.8623531352830244,signage,20000,0.16822040788461157
seg_1163,50.721549,-1.872188,0.8835900195634384,speed_bump,20000,0.2141076029370148
seg_1164,52.246605,-0.92638,0.8705563897472253,speed_bump,20000,0.27831515526766637
seg_1165,52.91733,-0.32134,0.810091518762741,lighting,30000,0.2304760267887729
seg_1166,51.508361,-0.131608,0.8606370555323578,lighting,20000,0.22049639959070083
seg_1167,51.473796,-0.06851,0.9103777380500414,speed_bump,50000,0.1920409005943356
seg_1168,52.675913,1.223559,0.8704372332643087,signage,50000,0.1691394061301716
seg_1169,52.90964,-0.084656,0.761531388628523,signage,50000,0.23970942278434235
seg_1170,51.602968,-0.270404,0.8241931158511356,speed_bump,30000,0.29619618820316285
seg_1171,52.545195,-1.872707,0.8680095281251984,speed_bump,20000,0.184951538704118
seg_1172,55.925734,-4.045161,0.8533838281438058,speed_bump,50000,0.17844104080284015
seg_1173,50.407048,-4.095727,0.8131377365002426,lighting,20000,0.1856226944730085
seg_1174,53.591121,-2.272965,0.8360215019583017,lighting,30000,0.1851087936099443
seg_1175,55.837299,-3.922654,0.7416632459495545,speed_bump,30000,0.29812495467369904
seg_1176,51.421342,-0.500637,0.9287403000031267,lighting,50000,0.24135565150186813
seg_1177,54.665283,-2.751284,0.8662479861618091,lighting,30000,0.17183688984211834
seg_1178,54.988529,-1.671306,0.8734197448581773,lighting,50000,0.17430047476534452
seg_1179,57.136797,-2.138815,0.8692644364159976,lighting,50000,0.18615938494881112
seg_1180,52.359585,0.129092,0.7659837115959455,speed_bump,30000,0.10734243751608995
seg_1181,51.592855,-0.380944,0.8657379100776147,signage,50000,0.20556328040424998
seg_1182,52.570202,-0.245427,0.8454487557329182,signage,20000,0.26227619030455296
seg_1183,52.682665,-0.325249,0.8752296157453984,speed_bump,50000,0.2321135586415021
seg_1184,51.530109,-0.084007,0.8828627271165255,speed_bump,20000,0.13968416935230832
seg_1185,51.473354,-0.286686,0.8835513828170589,lighting,50000,0.24560684827567397
seg_1186,50.767289,-3.004933,0.8198253214397685,lighting,30000,0.24389172126640604
seg_1187,53.523882,-1.126297,0.8845622187014777,speed_bump,50000,0.15250784312979943
seg_1188,51.36311,1.415768,0.8742517439241193,speed_bump,20000,0.224574931371387
seg_1189,55.161805,-1.538978,0.8247430415189133,lighting,30000,0.22218980662438723
seg_1190,53.070229,-2.168469,0.6502557350935563,speed_bump,50000,0.2679575247712363
seg_1191,51.598544,-0.075376,0.8704372332643087,lighting,20000,0.12721446236668826
seg_1192,55.919214,-3.275556,0.8820470212100398,lighting,20000,0.13896770090230454
seg_1193,51.462319,-0.009395,0.8659222049573487,signage,20000,0.19719390075356102
seg_1194,51.571873,-1.768957,0.8476572874844607,speed_bump,20000,0.10882902977846141
seg_1195,52.654709,0.072436,0.8211184457878278,speed_bump,30000,0.1831188395203413
seg_1196,54.895682,-1.370663,0.7944807193765254,signage,30000,0.2576438083999446
seg_1197,51.479301,0.319656,0.8708335542211875,signage,20000,0.12974287879679963
seg_1198,50.637445,-4.673881,0.8987360441155908,signage,20000,0.19198974738730495
seg_1199,50.977695,-1.329774,0.8728909250039701,speed_bump,20000,0.29795384667648894
seg_1200,50.958886,-1.357426,0.8510789299693964,signage,50000,0.20118400268497288
seg_1201,50.855507,0.579911,0.877893402574257,speed_bump,50000,0.19966476482441808
seg_1202,53.40908,-2.99058,0.8806777396736573,signage,20000,0.2117587167448336
seg_1203,51.566194,-0.102114,0.8748503009643289,signage,20000,0.13720087406654824
seg_1204,52.963719,-0.026873,0.8718228826828031,speed_bump,20000,0.12943277653718885
seg_1205,51.454051,0.708108,0.8684820366806858,signage,50000,0.23547092582302168
seg_1206,51.788674,0.098615,0.7994416859506625,speed_bump,50000,0.17915336198115403
seg_1207,51.087286,-1.265368,0.8206054074323508,signage,50000,0.15798132564309514
seg_1208,53.329006,-1.344464,0.8662479861618091,lighting,20000,0.10627832398397952
seg_1209,53.41478,-2.078804,0.8483956092824603,signage,30000,0.2692100994356965
seg_1210,54.102116,-0.360249,0.9625021869641273,speed_bump,20000,0.10646577316896655
seg_1211,51.420201,-1.001028,0.7661850145444566,signage,50000,0.24999662481666388
seg_1212,54.924147,-1.366318,0.8775397761816214,speed_bump,30000,0.1763977117997162
seg_1213,53.377364,-2.545318,0.861145373273433,signage,20000,0.21973756210093004
seg_1214,51.952515,-0.508594,0.8224694584429251,lighting,50000,0.14953560013803247
seg_1215,51.687365,-0.225522,0.7652398279570446,lighting,30000,0.13107993324641462
seg_1216,51.99495,-4.978931,0.7461309698044977,speed_bump,30000,0.2066776001669895
seg_1217,51.545709,-0.202648,0.8635707487738997,signage,20000,0.23912353899082872
seg_1218,53.986456,-1.018777,0.7629688389471555,signage,20000,0.13909865898902932
seg_1219,53.790347,-1.747685,0.8438953416340625,speed_bump,50000,0.18727178948651285
seg_1220,51.504297,-2.697598,0.8432850900957162,speed_bump,20000,0.18893099405827912
seg_1221,51.323442,-0.714806,0.8728909250039701,speed_bump,20000,0.14319582981589257
seg_1222,50.802229,-1.627459,0.8676945014521522,signage,50000,0.2130098892504262
seg_1223,52.457922,-1.893857,0.8985544404525508,speed_bump,20000,0.12918713735634013
seg_1224,51.367152,0.038911,0.8277620933002683,speed_bump,30000,0.20194983466371602
seg_1225,50.841172,0.439339,0.8708335542211875,signage,50000,0.1226863022731999
seg_1226,51.508145,0.070709,0.8824443304134958,lighting,30000,0.19710848177102747
seg_1227,53.585476,-1.193156,0.876133013246341,signage,30000,0.16231981097511136
seg_1228,53.310058,-3.740871,0.831894771985585,lighting,20000,0.190449258416307
seg_1229,51.221666,-2.611607,0.8208984642978178,lighting,30000,0.18674987188863484
seg_1230,50.451359,-4.107405,0.8046313020732515,signage,30000,0.2815866245637185
seg_1231,50.679436,-1.142669,0.8406033453593317,signage,30000,0.19798711999129254
seg_1232,52.263626,0.179155,0.8109533763992033,signage,20000,0.26369978077537487
seg_1233,52.181713,-2.195074,0.8635707487738997,signage,20000,0.14513047858234304
seg_1234,53.730895,-1.658913,0.8659373966004928,speed_bump,50000,0.17041655892685176
seg_1235,51.579881,-1.842822,0.9078330017905517,speed_bump,50000,0.11501787612663819
seg_1236,51.318407,-0.139197,0.8816469077358114,lighting,50000,0.18414955896429872
seg_1237,53.611834,-0.962591,0.8750255375987566,lighting,20000,0.2337399774149862
seg_1238,51.359527,-2.930657,0.8757333617299232,lighting,50000,0.2676334068218792
seg_1239,51.450166,-0.331163,0.8828627271165255,lighting,20000,0.21318298235983102
seg_1240,52.9939,-2.228362,0.8749265399522802,speed_bump,30000,0.2280145339186157
seg_1241,50.899602,-1.309466,0.8247430415189133,signage,20000,0.13545341552338963
seg_1242,53.670225,-1.826809,0.877737079593542,signage,50000,0.10744120764668788
seg_1243,52.048154,-3.149198,0.8265404205642413,speed_bump,20000,0.2583376290354632
seg_1244,54.65159,-3.492376,0.8691989506345296,signage,50000,0.1334076414882573
seg_1245,51.747049,-0.959069,0.8628290227116686,signage,20000,0.11823390710655049
seg_1246,52.427366,-1.906579,0.8759873080403942,signage,50000,0.28751246418131904
seg_1247,53.179995,-3.390217,0.823543915079258,speed_bump,30000,0.2927042728118353
seg_1248,51.727054,0.124721,0.8302749903406541,lighting,20000,0.22325145832049892
seg_1249,52.037067,1.187424,0.8813928062646859,signage,20000,0.1757274545374587
seg_1250,51.455728,-2.599289,0.8816271948307352,lighting,50000,0.26664790819281037
seg_1251,52.413892,-1.779578,0.8742517439241193,speed_bump,20000,0.14094399186708248
seg_1252,52.472955,-1.906409,0.8680095281251984,lighting,20000,0.1858784654859364
seg_1253,50.849096,-1.792447,0.8341633581154094,signage,30000,0.17140345980012034
seg_1254,53.226095,-0.548002,0.8588482408307422,speed_bump,20000,0.2825399981483363
seg_1255,53.572796,-0.0974,0.8659373966004928,lighting,20000,0.2839554830724547
seg_1256,51.790726,-0.188552,0.8718228826828031,lighting,30000,0.23017718526473327
seg_1257,52.38136,-2.567358,0.8303652455192708,speed_bump,50000,0.12214802805453838
seg_1258,53.406382,-2.901193,0.8628624605556141,speed_bump,50000,0.19643855793166048
seg_1259,53.890987,-2.954922,0.7661692490229268,signage,50000,0.14906567324481135
seg_1260,53.25278,-2.401656,0.8583658519756138,lighting,20000,0.27698313263689633
seg_1261,51.494827,-0.098741,0.8761215483617639,signage,30000,0.1276805598032404
seg_1262,52.191263,-0.606099,0.8266420517280454,speed_bump,20000,0.11086205517214148
seg_1263,53.772943,-2.682437,0.8748503009643289,signage,50000,0.24088580671001564
seg_1264,54.992077,-1.428953,0.8856512868004818,lighting,30000,0.19065721499363059
seg_1265,53.959794,-0.532531,0.8222320932880077,lighting,20000,0.2676729775206169
seg_1266,53.563496,-2.103222,0.8285705129119834,lighting,50000,0.11492592623386236
seg_1267,53.252284,-2.149999,0.8277620933002683,speed_bump,20000,0.2602152265215685
seg_1268,53.154261,-2.343761,0.8298490558377805,signage,20000,0.10746695056883167
seg_1269,51.580786,-0.212357,0.8705715289236796,lighting,50000,0.1056140023827914
seg_1270,51.66956,-1.546171,0.8628290227116686,speed_bump,30000,0.19226315034620595
seg_1271,55.784626,-4.16631,0.8451365891658246,lighting,50000,0.14425825793613037
seg_1272,51.126831,0.754807,0.8374630841065995,signage,30000,0.21874374140130612
seg_1273,54.716861,-2.848817,0.8201562677558243,signage,50000,0.10516339884229409
seg_1274,51.910057,-0.411139,0.9413611808372708,signage,30000,0.10707790847259571
seg_1275,52.523867,-1.992598,0.9361651341731348,signage,20000,0.2454296992343881
seg_1276,51.398618,-2.336334,0.8912893786170506,speed_bump,20000,0.14203303249846233
seg_1277,51.587544,-3.774852,0.8783897232626303,signage,50000,0.23128342473214672
seg_1278,52.183708,-2.184406,0.8588932134924776,lighting,20000,0.2499844323001517
seg_1279,51.603185,-1.78006,0.8508048371475456,signage,30000,0.1118662331449935
seg_1280,51.571321,0.62949,0.8766272639129639,signage,20000,0.25395079089284783
seg_1281,51.065587,0.333091,0.8133546674501767,signage,20000,0.1536842435922572
seg_1282,50.671259,-1.439292,0.7791163621465778,speed_bump,30000,0.17790919163994964
seg_1283,52.237116,0.700176,0.8009486962111896,signage,20000,0.11732783845906335
seg_1284,51.275856,1.073066,0.8680650198970753,speed_bump,30000,0.26772599667297053
seg_1285,51.504666,-0.577153,0.8828627271165255,lighting,50000,0.21214575726515278
seg_1286,51.370363,-0.117286,0.8759873080403942,signage,20000,0.20093305556943442
seg_1287,53.543177,-2.801143,0.755581225862986,lighting,20000,0.29371096218055115
seg_1288,54.225572,-2.772882,0.825928878043767,lighting,20000,0.16690115198813416
seg_1289,51.534616,-0.89486,0.8223357068929539,speed_bump,50000,0.2781558572953392
seg_1290,54.038965,-2.800507,0.8749265399522802,lighting,30000,0.24393757621292084
seg_1291,52.42146,-1.846154,0.8718228826828031,signage,30000,0.2857056271704478
seg_1292,51.801362,1.152769,0.8650077810790384,speed_bump,20000,0.2815604105524919
seg_1293,50.778978,-1.786786,0.7428970677549007,lighting,50000,0.2982059610052139
seg_1294,51.451233,-0.960774,0.8680642954332026,signage,20000,0.12633535040743152
seg_1295,51.6301,-0.504311,0.768260315713157,speed_bump,50000,0.259203278418319
seg_1296,51.75222,-1.262163,0.8912893786170506,lighting,20000,0.2608988709895006
seg_1297,52.527804,-1.839887,0.858249452909064,signage,50000,0.22887470563569737
seg_1298,51.465847,-0.050155,0.8659373966004928,speed_bump,20000,0.1557721916476404
seg_1299,50.856064,-0.986277,0.8786417551846124,lighting,20000,0.29302965432566297
seg_1300,51.769225,-0.456961,0.8416124367958004,signage,30000,0.14088442757804193
seg_1301,52.064419,1.220821,0.8835513828170589,speed_bump,20000,0.19991507567168781
seg_1302,51.605947,-0.026081,0.8280286997348917,signage,20000,0.20429742256383726
seg_1303,53.015033,-0.424769,0.8198253214397685,signage,30000,0.13236586896720776
seg_1304,50.814973,-0.342693,0.8464106944475261,speed_bump,20000,0.24450576446664818
seg_1305,53.483893,-2.270619,0.877893402574257,signage,30000,0.11777343283604796
seg_1306,55.343362,-4.614533,0.8372288063837818,lighting,50000,0.23861955576934218
seg_1307,52.645611,1.210091,0.8803142371753241,lighting,20000,0.2697230992581274
seg_1308,55.64521,-4.726013,0.8662479861618091,speed_bump,30000,0.16987928501647992
seg_1309,51.123821,1.291772,0.8659373966004928,signage,20000,0.24188416171984004
seg_1310,50.831533,-0.197966,0.8820470212100398,speed_bump,30000,0.13135480162956997
seg_1311,51.591279,-3.76803,0.8808082674952109,speed_bump,20000,0.2691898002905757
seg_1312,56.538702,-3.112921,0.8514558562751968,signage,20000,0.2904063397106449
seg_1313,51.613808,-0.249481,0.8687294422211866,signage,20000,0.1305387386999554
seg_1314,51.368118,1.393057,0.8742517439241193,signage,50000,0.23837189479446644
seg_1315,51.471318,-0.210592,0.8806777396736573,lighting,20000,0.20116621931130516
seg_1316,53.812504,-1.727657,0.798953983479413,signage,50000,0.20629986636647574
seg_1317,51.295727,-0.564574,0.8347301339492573,speed_bump,50000,0.24129794372013763
seg_1318,51.510068,-0.135,0.8609027621681186,speed_bump,30000,0.19774809986728745
seg_1319,53.405835,-2.991708,0.8443666687004182,speed_bump,20000,0.22006527840354334
seg_1320,52.789219,-2.083304,0.8820470212100398,lighting,50000,0.14618020388227543
seg_1321,51.603443,0.248051,0.8139672182214167,lighting,50000,0.17570131929772606
seg_1322,53.090962,-2.431207,0.87144583096471,speed_bump,20000,0.2730480700143004
seg_1323,53.445953,-2.989092,0.8856512868004818,signage,50000,0.12198050232967712
seg_1324,51.814532,1.174731,0.8365440831290601,signage,50000,0.21951505218672795
seg_1325,52.484568,-1.946807,0.9139766464594621,lighting,20000,0.13685741244697805
seg_1326,51.41793,-0.059794,0.885653777518426,signage,20000,0.26930791958467437
seg_1327,52.060219,1.238831,0.8757333617299232,lighting,50000,0.21580879077070997
seg_1328,51.33342,-0.271438,0.8905278843155824,signage,20000,0.18060975653405423
seg_1329,52.444524,-2.10884,0.8833420383113613,speed_bump,30000,0.1499649347303636
seg_1330,50.96066,-3.043274,0.8132373870284961,speed_bump,20000,0.18736893983792688
seg_1331,50.728525,-1.93536,0.8659373966004928,signage,50000,0.29152246518434843
seg_1332,51.203106,-2.967342,0.8224694584429251,speed_bump,20000,0.2018418579487241
seg_1333,51.554759,-3.046135,0.7340938802497082,signage,20000,0.19389790633997203
seg_1334,52.66288,-1.368906,0.8616682844257012,speed_bump,20000,0.2492547627000618
seg_1335,51.506618,-0.267714,0.8690513646590824,signage,20000,0.17580941416638135
seg_1336,55.545542,-4.667897,0.8650077810790384,speed_bump,30000,0.1854847899761588
seg_1337,52.332221,-0.246642,0.8032216953928162,lighting,20000,0.16738954631432382
seg_1338,53.308448,-0.948709,0.8680650198970753,signage,50000,0.13018395106587827
seg_1339,50.803084,-1.082649,0.8659222049573487,speed_bump,30000,0.24276184284053012
seg_1340,53.73238,-1.862176,0.8770973704521865,speed_bump,20000,0.27460618277672477
seg_1341,53.542945,-2.09715,0.8685316766222858,lighting,50000,0.2811185298485531
seg_1342,51.425618,-0.046234,0.8704372332643087,lighting,30000,0.2761605876075559
seg_1343,53.493806,-1.156459,0.8606370555323578,speed_bump,50000,0.1903567604875986
seg_1344,51.494771,-3.206534,0.7052508211119551,lighting,20000,0.15681323844063927
seg_1345,52.160593,-2.122327,0.8420419875485543,signage,50000,0.22758474992016467
seg_1346,52.025543,1.21435,0.8454495406739785,signage,30000,0.29094098238120636
seg_1347,53.52225,-1.132832,0.8675851608680963,signage,50000,0.245410129633721
seg_1348,53.699393,-2.289266,0.8692644364159976,signage,30000,0.1989697123180313
seg_1349,55.091182,-1.619543,0.8223357068929539,speed_bump,50000,0.23776171490268963
seg_1350,56.040897,-3.422852,0.8754978334021959,lighting,30000,0.25450758249087935
seg_1351,51.49724,-0.194449,0.8833420383113613,speed_bump,20000,0.2838538522656141
seg_1352,54.276881,-0.402864,0.8617569211990833,speed_bump,20000,0.2526431507944308
seg_1353,51.773243,-0.196064,0.8608213997124884,signage,50000,0.1866381111271811
seg_1354,52.316947,-2.708104,0.8272867246620755,lighting,50000,0.15472130369309683
seg_1355,50.41489,-4.855429,0.8205593871897975,speed_bump,30000,0.19997633294591827
seg_1356,50.956176,-1.223869,0.8583658519756138,speed_bump,50000,0.16563558892109437
seg_1357,52.698631,-2.011213,0.8879452702824493,lighting,20000,0.2885529185375628
seg_1358,52.402028,-4.068299,0.8705715289236796,lighting,20000,0.20159316868999244
seg_1359,50.95031,-1.369588,0.8126409294121661,speed_bump,30000,0.19441126719280166
seg_1360,53.847253,-1.830275,0.8131377365002426,lighting,30000,0.16963924363097257
seg_1361,51.263019,-0.765511,0.8242095241402523,lighting,50000,0.22788139805832006
seg_1362,51.153515,-0.534073,0.8655805870881796,speed_bump,50000,0.20401025572418957
seg_1363,53.401504,-2.25325,0.8770973704521865,lighting,20000,0.1258097845796513
seg_1364,50.750375,-3.506678,0.8628290227116686,speed_bump,50000,0.2738415621660989
seg_1365,50.761739,-1.865131,0.8682832676293241,lighting,30000,0.17180256642875968
seg_1366,52.785069,-1.574426,0.8912893786170506,lighting,50000,0.18651568599163082
seg_1367,52.991259,-2.197212,0.8718228826828031,speed_bump,20000,0.1411334113327158
seg_1368,53.194946,-2.889238,0.7987900889142103,signage,20000,0.21067964152357782
seg_1369,51.541754,-0.173673,0.8547121191250873,speed_bump,20000,0.24041101248571659
seg_1370,53.534648,-1.14572,0.8354622839605819,signage,50000,0.2762330641251879
seg_1371,53.716212,-1.871775,0.8869742198488482,speed_bump,20000,0.11032153299445253
seg_1372,51.490777,-0.206949,0.8469240348609925,speed_bump,50000,0.29466638193987565
seg_1373,52.953429,-1.169751,0.8817205883653086,speed_bump,50000,0.24076354840407135
seg_1374,51.504658,-0.59891,0.848027143895286,signage,20000,0.15685973688230348
seg_1375,51.87417,-0.417054,0.7682406240558654,signage,50000,0.1408949510027932
seg_1376,53.429356,-1.358965,0.8775397761816214,signage,20000,0.1592175837309196
seg_1377,52.579622,-0.247073,0.8817205883653086,signage,20000,0.27514515033328846
seg_1378,52.661635,-2.01512,0.8950647624083092,speed_bump,30000,0.15827803463919007
seg_1379,53.332738,-1.9845,0.8194205884102485,speed_bump,20000,0.19256422691144714
seg_1380,52.084252,1.111368,0.7945703567810105,signage,20000,0.24114761084844652
seg_1381,53.803806,-1.779736,0.8617569211990833,lighting,20000,0.27439797274477706
seg_1382,52.588073,-1.102661,0.9094811037688428,speed_bump,30000,0.23171423246922082
seg_1383,54.224575,-2.618712,0.8035539971411686,signage,20000,0.25062183930688453
seg_1384,51.514375,-0.056851,0.801347493846295,speed_bump,20000,0.13466535925919113
seg_1385,50.427432,-4.425971,0.746735505299509,lighting,30000,0.2754815655382278
seg_1386,52.244518,-1.929226,0.7371042937706236,speed_bump,30000,0.15514383672362214
seg_1387,53.767247,-0.332906,0.8680095281251984,lighting,50000,0.12567563281130315
seg_1388,51.43651,-0.186774,0.8759873080403942,signage,20000,0.29524885806813383
seg_1389,52.146213,0.914677,0.8583168233323262,signage,30000,0.1403279850908322
seg_1390,54.462116,-3.535924,0.7371042937706236,lighting,50000,0.1273303940155953
seg_1391,51.71424,-5.028488,0.8708335542211875,speed_bump,30000,0.2252041800203573
seg_1392,55.893149,-2.351898,0.8129160791250674,signage,20000,0.16377262989921906
seg_1393,53.877792,-2.986109,0.8833420383113613,signage,30000,0.12666984103609866
seg_1394,53.799379,-1.481478,0.8623531352830244,lighting,30000,0.22022422344317522
seg_1395,51.399569,-0.458221,0.8748503009643289,speed_bump,20000,0.2517970454444471
seg_1396,52.22444,-0.230394,0.8266420517280454,speed_bump,30000,0.2586396748414313
seg_1397,53.574706,-2.42456,0.8414759376965659,speed_bump,20000,0.13110252020245447
seg_1398,51.783918,-0.188534,0.8610969769075383,lighting,30000,0.21137341358798845
seg_1399,51.490536,-0.173827,0.880332736166794,lighting,50000,0.2627356741362921
seg_1400,54.776716,-1.575385,0.8793426011109614,signage,30000,0.13221740228483705
seg_1401,55.941823,-4.310882,0.8241931158511356,lighting,50000,0.14153645035413498
seg_1402,53.056179,-2.998731,0.8896739408174394,lighting,20000,0.10048227948633554
seg_1403,54.693972,-2.790602,0.761531388628523,lighting,50000,0.20492683127905761
seg_1404,51.932816,-1.536429,0.8131377365002426,lighting,50000,0.1389363393723902
seg_1405,50.710322,-3.538085,0.8728909250039701,lighting,50000,0.2448485151453798
seg_1406,52.580792,-1.216893,0.8731519917639816,speed_bump,50000,0.29244277112352113
seg_1407,54.164393,-2.515655,0.8386017164905353,signage,30000,0.14175109779981404
seg_1408,51.374275,-0.073711,0.8867249781439189,lighting,30000,0.2298194023527065
seg_1409,51.527375,-3.553669,0.8160748171164787,lighting,50000,0.14236689229170227
seg_1410,52.548615,-1.876089,0.8597042032991686,lighting,50000,0.10360137179594081
seg_1411,52.243058,-1.805705,0.8592647795905549,speed_bump,30000,0.25171083884291695
seg_1412,53.292532,-3.696946,0.8597042032991686,lighting,20000,0.18680093533017855
seg_1413,52.5435,-2.114246,0.8606370555323578,signage,20000,0.28935737230293057
seg_1414,53.68354,-1.779363,0.8196079615333689,speed_bump,20000,0.20685717642868112
seg_1415,51.122657,-3.018483,0.8229633390802847,signage,20000,0.1314965737951368
seg_1416,51.214757,-0.634056,0.9094472493718002,speed_bump,20000,0.18995488835945556
seg_1417,50.875121,0.550999,0.8338604237088112,speed_bump,20000,0.1405783589612033
seg_1418,53.519823,-1.136636,0.8662479861618091,signage,50000,0.2756058545373149
seg_1419,51.74178,-0.336951,0.8772010368831225,speed_bump,20000,0.23818063617750496
seg_1420,53.371696,-2.596965,0.9211765505337501,signage,30000,0.1682477609309407
seg_1421,51.365521,0.319848,0.7280939538127603,signage,30000,0.20556406456142806
seg_1422,51.374334,-0.050143,0.8354622839605819,speed_bump,20000,0.2338960376426057
seg_1423,54.411172,-2.948634,0.7146572121431831,signage,50000,0.25657154332908505
seg_1424,51.345603,-0.058399,0.8951536348631989,lighting,50000,0.11602944197410835
seg_1425,53.259253,-2.057835,0.8294472422470992,signage,50000,0.10450376839904936
seg_1426,51.879316,0.871593,0.8708335542211875,signage,50000,0.12289053943397797
seg_1427,51.5517,-3.346218,0.8743660166871092,signage,30000,0.1789992620345126
seg_1428,53.843263,-2.21928,0.8539175376858494,lighting,50000,0.1933413220164184
seg_1429,51.4658,-2.569176,0.8806777396736573,signage,20000,0.1272923260427697
seg_1430,53.05424,-1.202921,0.9043511489880939,speed_bump,50000,0.18223062757992106
seg_1431,53.457513,-2.853146,0.8682832676293241,lighting,50000,0.18832455727236608
seg_1432,52.030814,1.202436,0.8793426011109614,lighting,20000,0.12181799273549734
seg_1433,50.421909,-4.292979,0.7711583585398505,speed_bump,30000,0.28333199203914683
seg_1434,53.323271,-3.827657,0.877893402574257,lighting,30000,0.2198291855175415
seg_1435,53.574804,-1.413401,0.8704372332643087,lighting,20000,0.17770710609125642
seg_1436,51.490257,0.35921,0.8308306518730301,speed_bump,50000,0.2013814366944413
seg_1437,50.988125,-0.216558,0.8109533763992033,speed_bump,20000,0.16283949729376135
seg_1438,53.679515,-1.512399,0.8680650198970753,lighting,20000,0.27086620632891856
seg_1439,50.546609,-3.497492,0.8748503009643289,signage,20000,0.21500300831370073
seg_1440,53.002716,-1.278276,0.7033723678901146,signage,50000,0.1989791628787087
seg_1441,53.544187,-2.527026,0.8716138471852003,speed_bump,20000,0.2821770806191195
seg_1442,52.22413,1.419739,0.8491222996745057,signage,30000,0.2675959396468135
seg_1443,51.151654,-0.975954,0.8766272639129639,speed_bump,50000,0.26256037828516987
seg_1444,52.45815,-2.145667,0.8800522573340586,lighting,20000,0.14512184084636884
seg_1445,53.384309,-1.465938,0.8847686443381488,lighting,50000,0.13062462229367136
seg_1446,51.516472,-0.147566,0.8009486962111896,signage,20000,0.23801930394254953
seg_1447,54.275048,-0.41384,0.8680642954332026,signage,50000,0.19372845126827917
seg_1448,52.516592,-1.750476,0.8294830725662028,signage,20000,0.2367425425913687
seg_1449,53.531317,-1.110604,0.8069918436252739,lighting,20000,0.25212544642222323
seg_1450,53.526466,-1.109648,0.8505502618683282,lighting,50000,0.15906270146895019
seg_1451,51.866813,-0.418329,0.8680095281251984,lighting,50000,0.15693008662456173
seg_1452,54.634196,-1.64365,0.8835900195634384,lighting,50000,0.19816631325163675
seg_1453,51.755573,-1.29572,0.8314913126843041,lighting,50000,0.15470986270529946
seg_1454,51.456923,-0.996658,0.877893402574257,speed_bump,30000,0.2334590552032399
seg_1455,52.958386,-1.166426,0.8648865316129715,lighting,20000,0.24934608917614334
seg_1456,53.808914,-3.032027,0.8858534684033869,signage,20000,0.19440778921064888
seg_1457,55.804787,-4.215144,0.8955844938953103,speed_bump,30000,0.24475995311972865
seg_1458,51.34112,0.756729,0.8606370555323578,lighting,30000,0.20208751381415524
seg_1459,51.477413,-0.051366,0.8277620933002683,speed_bump,30000,0.24257434439340184
seg_1460,50.906789,-1.404609,0.8952405861703664,signage,20000,0.14499364955914507
seg_1461,51.646221,-3.936865,0.8906276485443786,lighting,30000,0.2477686091866084
seg_1462,51.502403,-0.226377,0.8690513646590824,lighting,20000,0.24302480469140356
seg_1463,51.604848,0.048533,0.8160748171164787,lighting,20000,0.15332114140983552
seg_1464,50.376241,-4.15724,0.8692644364159976,signage,20000,0.21119419820803498
seg_1465,55.853607,-4.373229,0.8657379100776147,lighting,30000,0.2710623335748803
seg_1466,50.481265,-3.522066,0.8581628120817569,speed_bump,30000,0.14990452939448778
seg_1467,51.51371,-0.24871,0.8370354181098999,speed_bump,20000,0.24719595680293527
seg_1468,54.866469,-2.913328,0.8776040979237564,signage,30000,0.2907933434293774
seg_1469,52.615916,-1.953294,0.8912893786170506,lighting,20000,0.27324838395151296
seg_1470,55.973053,-2.896604,0.8327280305248103,signage,20000,0.18030401653605524
seg_1471,53.459864,-1.519813,0.8110709587816983,signage,20000,0.2214415465976277
seg_1472,51.508227,-0.581653,0.8778270788896069,speed_bump,30000,0.2983540268505408
seg_1473,55.4451,-3.658309,0.7371042937706236,lighting,50000,0.21368748227514367
seg_1474,53.687817,-1.65063,0.8650077810790384,signage,20000,0.12300552048607333
seg_1475,51.584002,-0.069182,0.8820470212100398,lighting,20000,0.10908615095575219
seg_1476,51.815965,-0.822214,0.858249452909064,speed_bump,20000,0.25806290194880566
seg_1477,52.920002,-0.614937,0.8277620933002683,speed_bump,30000,0.18472566508036922
seg_1478,52.655045,1.292272,0.9110115217990513,lighting,50000,0.1493625781258389
seg_1479,51.545533,-0.07586,0.8849077589639955,speed_bump,20000,0.1695344061321894
seg_1480,53.393608,-2.564188,0.7913950977162021,lighting,30000,0.25147457330929046
seg_1481,51.648369,-0.030021,0.8607302457428504,lighting,50000,0.19304946712676582
seg_1482,54.00931,-2.245329,0.7503751733214675,lighting,50000,0.2736998985051753
seg_1483,51.147291,-1.776516,0.8131377365002426,lighting,30000,0.24698511775553986
seg_1484,52.511279,-1.976097,0.8759873080403942,speed_bump,50000,0.29480283008908503
seg_1485,51.404065,-0.119475,0.8003705068035671,signage,50000,0.2777007533579686
seg_1486,51.51855,-0.105416,0.8866175064016307,lighting,50000,0.15090944235720183
seg_1487,50.982808,-4.037064,0.7501977950494252,lighting,20000,0.23181184656051065
seg_1488,52.651541,-1.114223,0.8277620933002683,lighting,20000,0.10410860690562879
seg_1489,51.490968,-0.049924,0.8888831607833779,speed_bump,20000,0.29822134488591967
seg_1490,51.189609,-1.25594,0.8242095241402523,lighting,50000,0.1522012217605193
seg_1491,51.46446,-0.217191,0.9051456227309146,speed_bump,30000,0.2329590187247168
seg_1492,53.795582,-1.758129,0.8839035364841051,lighting,20000,0.26983072423991306
seg_1493,51.60966,-3.036407,0.8685316766222858,lighting,30000,0.1320929325455943
seg_1494,50.818686,-0.392081,0.8594520200921291,speed_bump,20000,0.2695758685620958
seg_1495,51.488656,-0.287697,0.8749265399522802,speed_bump,50000,0.1024491331581645
seg_1496,52.592165,1.720585,0.8687294422211866,speed_bump,30000,0.18839542761708147
seg_1497,53.371173,-3.070715,0.8222320932880077,signage,50000,0.19440752450622767
seg_1498,52.47247,-1.877775,0.8718228826828031,speed_bump,20000,0.17481814265174717
seg_1499,52.801592,-1.594883,0.8469240348609925,signage,30000,0.21727694926009994
seg_1500,50.941023,0.237964,0.813476322262668,speed_bump,20000,0.28296846974052636
seg_1501,53.116067,-2.093646,0.8262790329257004,lighting,50000,0.16539782286005783
seg_1502,55.820886,-4.302587,0.8839035364841051,lighting,30000,0.21585197743328483
seg_1503,51.51417,-0.20776,0.824195186195775,lighting,30000,0.2754925051486645
seg_1504,52.490008,-1.884502,0.8709574620550127,speed_bump,30000,0.2545990790202756
seg_1505,51.512981,-1.62976,0.8239134581472277,lighting,20000,0.10814665296109921
seg_1506,52.752076,-1.443921,0.8206512615216448,signage,50000,0.28855815282553243
seg_1507,51.93488,-0.252866,0.8208984642978178,speed_bump,30000,0.10932938085172256
seg_1508,51.315938,-0.754959,0.7340938802497082,signage,50000,0.2177516948748659
seg_1509,54.96458,-1.455648,0.8617569211990833,signage,20000,0.21507072406303296
seg_1510,50.906268,-0.533789,0.8364108227637785,speed_bump,20000,0.25727804614046323
seg_1511,57.593806,-7.207863,0.760361168983097,lighting,50000,0.12968861036979554
seg_1512,53.494903,-2.250189,0.8597042032991686,signage,20000,0.13587407841254076
seg_1513,53.525032,-1.106588,0.8577056716270393,lighting,20000,0.2504213865476721
seg_1514,53.550291,-2.634191,0.8680642954332026,lighting,50000,0.12990095048232503
seg_1515,54.809723,-1.588475,0.8201562677558243,signage,20000,0.1938890254131279
seg_1516,53.749123,-1.458426,0.8469971082160745,speed_bump,20000,0.24632961804218637
seg_1517,53.096268,-2.430513,0.8905278843155824,lighting,30000,0.23024838575653622
seg_1518,50.935043,-1.141463,0.6928088884984457,speed_bump,20000,0.14212083722261903
seg_1519,51.474823,-0.392919,0.8500173076848866,speed_bump,20000,0.1607920517372171
seg_1520,52.692964,-2.032518,0.8748503009643289,signage,20000,0.2937949806482082
seg_1521,52.525268,-1.471073,0.8816271948307352,signage,20000,0.18973412403097678
seg_1522,55.675842,-4.069317,0.8302749903406541,lighting,20000,0.10889149528727611
seg_1523,50.864932,0.55627,0.8941205909971154,lighting,50000,0.14391697989326652
seg_1524,53.834826,-2.212398,0.8749265399522802,speed_bump,20000,0.16848701793236753
seg_1525,53.285359,-3.811726,0.8323012654909696,lighting,20000,0.29989788085891717
seg_1526,54.056758,-2.81695,0.7997881169716813,lighting,20000,0.16053830949538372
seg_1527,52.995985,-1.178828,0.8705715289236796,lighting,30000,0.105279169756509
seg_1528,52.024007,1.231357,0.8408734755032492,lighting,50000,0.2025843155110672
seg_1529,54.990985,-1.850896,0.76751543360898,signage,30000,0.11672107699479542
seg_1530,53.07936,-3.021361,0.9499564443216199,lighting,20000,0.15481351973914437
seg_1531,53.188803,0.138179,0.761531388628523,lighting,20000,0.2984766352187878
seg_1532,51.203902,-3.478056,0.8856512868004818,signage,30000,0.24092770378603087
seg_1533,51.379006,-0.155421,0.8704372332643087,lighting,20000,0.11013332585657408
seg_1534,51.825835,-0.829182,0.8752296157453984,signage,50000,0.1897373437183592
seg_1535,51.591101,0.23979,0.8317330713577599,lighting,50000,0.13432750252576986
seg_1536,50.847757,-1.024527,0.8808082674952109,lighting,30000,0.12458893128042425
seg_1537,51.345505,-0.31572,0.8110709587816983,lighting,50000,0.2174130826697604
seg_1538,53.448543,-2.863055,0.8293539935256348,signage,20000,0.20113117792804314
seg_1539,53.591096,-0.640375,0.8703242259405367,speed_bump,20000,0.24857331686310163
seg_1540,50.877464,0.259823,0.8476572874844607,speed_bump,50000,0.2784612456463719
seg_1541,52.4103,-1.438248,0.8313430703490263,lighting,50000,0.1493363714863324
seg_1542,52.130973,-2.058112,0.8194205884102485,lighting,20000,0.2845983973310794
seg_1543,55.861947,-4.256753,0.7817347507726844,speed_bump,30000,0.2035983545108191
seg_1544,55.996778,-3.722186,0.8597257377887327,lighting,20000,0.15176698363702343
seg_1545,54.240489,-1.348299,0.8323012654909696,speed_bump,30000,0.2691571676205219
seg_1546,51.024049,-2.662846,0.8508048371475456,signage,50000,0.1071059836058045
seg_1547,50.200273,-5.123709,0.8400266099823095,signage,50000,0.2119018754945921
seg_1548,51.358242,-0.249762,0.8910725015393074,speed_bump,30000,0.2443243070059933
seg_1549,51.438199,-0.147422,0.8808082674952109,lighting,50000,0.15599553743122865
seg_1550,55.999227,-3.404226,0.856821637326877,lighting,30000,0.2726983835126435
seg_1551,51.558116,-3.359102,0.7371042937706236,signage,50000,0.14805691267159699
seg_1552,50.737342,-2.056653,0.8309369619687645,speed_bump,20000,0.2679748565463478
seg_1553,50.947797,-1.38743,0.8608213997124884,speed_bump,30000,0.11570899276649145
seg_1554,51.484973,-0.174626,0.8338604237088112,speed_bump,30000,0.13198551837368627
seg_1555,51.598021,-1.135201,0.8760311436499792,lighting,30000,0.17619691678038163
seg_1556,51.887493,0.888015,0.8708335542211875,signage,20000,0.2708111025596358
seg_1557,54.924932,-1.415301,0.8900476742148065,signage,20000,0.1289170730253565
seg_1558,51.577076,0.011202,0.8667538003488293,signage,50000,0.2750876479588483
seg_1559,51.501102,-2.591946,0.8994419750412397,signage,20000,0.14594630532255876
seg_1560,55.853548,-4.318357,0.8670761210564936,lighting,30000,0.19050167971890575
seg_1561,52.502386,-2.141393,0.8600510786342832,lighting,30000,0.17054688085206754
seg_1562,53.652366,-2.734823,0.8303652455192708,lighting,30000,0.12362524532290471
seg_1563,52.328783,0.997131,0.7171649137255237,signage,20000,0.288861947903828
seg_1564,53.099872,-1.251505,0.8757333617299232,speed_bump,20000,0.1876356581504427
seg_1565,52.955888,-1.169198,0.8500173076848866,speed_bump,20000,0.2380662522712389
seg_1566,52.447159,-1.927724,0.793885982940686,signage,20000,0.21505353533280622
seg_1567,54.624803,-3.165026,0.8435271523748454,speed_bump,20000,0.2003431833704415
seg_1568,53.728461,-1.499671,0.8610969769075383,signage,20000,0.22331552471136978
seg_1569,55.759901,-4.171937,0.8692644364159976,signage,20000,0.2796684612404858
seg_1570,54.607261,-1.072289,0.8690513646590824,lighting,50000,0.2398624751388219
seg_1571,53.496267,-2.125685,0.8677943915119922,speed_bump,30000,0.20649601589104422
seg_1572,53.441308,-2.158492,0.8662479861618091,signage,20000,0.22903719213319526
seg_1573,52.40688,-1.510307,0.8757333617299232,signage,30000,0.2212788561018043
seg_1574,51.661901,-4.921734,0.8232896132794008,lighting,20000,0.18662424149726262
seg_1575,53.337261,-1.384773,0.8742517439241193,lighting,30000,0.22495280202609008
seg_1576,53.802797,-3.053134,0.8728909250039701,speed_bump,20000,0.1887139600328327
seg_1577,55.81253,-4.268575,0.8780836571108344,signage,20000,0.25152287557438247
seg_1578,51.546308,0.006672,0.8793426011109614,lighting,20000,0.2937824967044571
seg_1579,53.524523,-2.172831,0.8515531981802436,speed_bump,30000,0.29197307149944585
seg_1580,53.563835,-3.057758,0.8868921871172672,lighting,30000,0.26414715728499605
seg_1581,51.378107,0.561774,0.8442576364802962,lighting,30000,0.22035177941189704
seg_1582,52.598508,-2.015896,0.8270238920028783,speed_bump,30000,0.2498663976141481
seg_1583,53.549909,-2.143653,0.846876582359446,speed_bump,50000,0.13560965905151087
seg_1584,54.977351,-1.502191,0.8856512868004818,speed_bump,50000,0.1958036914627845
seg_1585,52.751669,-1.472848,0.8760311436499792,lighting,30000,0.15146095299827286
seg_1586,50.821049,-0.384787,0.7292813590411343,signage,30000,0.10069899622186942
seg_1587,50.710898,-1.165465,0.761531388628523,lighting,30000,0.2933475149344152
seg_1588,51.227001,-0.579002,0.8667942431492512,signage,20000,0.2727697123703683
seg_1589,51.448972,-0.380714,0.8469240348609925,lighting,30000,0.20273972369398535
seg_1590,51.257074,-0.125332,0.8852704950386587,signage,20000,0.15083045762380137
seg_1591,51.325994,0.444115,0.9241415840835857,speed_bump,50000,0.23859504203984733
seg_1592,52.594458,-0.250216,0.8550846794111406,speed_bump,30000,0.1869602169099855
seg_1593,52.569804,-2.023132,0.8265419511490008,lighting,50000,0.2606699066845399
seg_1594,51.425824,-0.877206,0.8452526653888068,signage,50000,0.29990362203618987
seg_1595,51.402337,-0.216018,0.8718228826828031,lighting,30000,0.16981652149797402
seg_1596,51.632078,-0.12812,0.8847686443381488,speed_bump,50000,0.14888060869560954
seg_1597,53.76123,-0.301286,0.8690513646590824,signage,30000,0.15347649775895164
seg_1598,51.586237,-0.086986,0.8718228826828031,signage,20000,0.1186692491361344
seg_1599,51.473929,-0.158507,0.846876582359446,signage,20000,0.17880923930003106
seg_1600,50.615292,-2.465419,0.8791890505441367,lighting,20000,0.10348501054338187
seg_1601,52.324609,-2.089911,0.8222320932880077,signage,50000,0.12287911148025513
seg_1602,53.690134,-2.702165,0.9022152920522803,signage,30000,0.15433914945453406
seg_1603,51.217191,-0.17636,0.7142558565463881,lighting,20000,0.13197255518189616
seg_1604,51.694018,-1.365255,0.8170762575295458,lighting,30000,0.24643181990014504
seg_1605,51.452551,-0.016729,0.8360215019583017,signage,20000,0.12112095817358007
seg_1606,53.042393,-2.205947,0.8509379675921853,lighting,50000,0.2731988210049049
seg_1607,51.629985,-0.01709,0.8952405861703664,speed_bump,50000,0.14422290074219057
seg_1608,52.05453,-0.702828,0.8215068110236207,lighting,20000,0.12171812339431354
seg_1609,54.435636,-0.894859,0.8327280305248103,lighting,50000,0.1020213288862517
seg_1610,54.401579,-1.604849,0.8090127512917793,signage,30000,0.24304100086442929
seg_1611,52.667554,-2.000101,0.7869553908120024,lighting,20000,0.1513233491877084
seg_1612,52.858999,-2.655109,0.7572553010574267,signage,50000,0.20189972102755493
seg_1613,55.005627,-1.600872,0.8905278843155824,signage,20000,0.12232320933443115
seg_1614,51.850365,0.524498,0.8215068110236207,lighting,20000,0.29705918464724984
seg_1615,53.467748,-2.747599,0.8858534684033869,lighting,20000,0.12507694781399106
seg_1616,51.526725,-0.451623,0.818782085549202,signage,30000,0.18238518532837564
seg_1617,53.412232,-2.967935,0.9146921977108724,speed_bump,30000,0.2703299004668932
seg_1618,52.066382,-0.814732,0.8883880157230684,lighting,20000,0.14897738969608137
seg_1619,52.984708,-2.12196,0.8718228826828031,signage,20000,0.15339435706923468
seg_1620,52.629086,-1.205984,0.8432247340709114,lighting,20000,0.26169990317814656
seg_1621,52.519321,-1.900696,0.8817205883653086,lighting,50000,0.15466793143840254
seg_1622,53.410881,-1.257694,0.8131377365002426,signage,50000,0.1005742622189626
seg_1623,53.859613,-2.739058,0.8228300438362112,lighting,50000,0.18558274409798997
seg_1624,51.452418,-0.221406,0.8828627271165255,speed_bump,30000,0.102507041935695
seg_1625,53.077136,-1.242788,0.8726160539907307,signage,30000,0.2819584567658734
seg_1626,51.591344,-0.352553,0.8628624605556141,speed_bump,50000,0.22836264483584418
seg_1627,51.54654,-0.099038,0.8806777396736573,speed_bump,30000,0.21660285324424844
seg_1628,56.460231,-2.978154,0.8831320409771359,speed_bump,30000,0.1403179021724726
seg_1629,51.491836,0.082647,0.8780836571108344,lighting,20000,0.23998923708572725
seg_1630,52.270153,0.086695,0.8350725275558416,speed_bump,30000,0.23545092873566914
seg_1631,52.774579,-1.557482,0.9209513755929344,signage,20000,0.11209271478507299
seg_1632,51.53405,-0.105182,0.801347493846295,lighting,20000,0.2761693061621145
seg_1633,50.703466,-2.379059,0.7842611310963951,signage,50000,0.2158826725859611
seg_1634,51.60294,0.444146,0.7657617178232036,speed_bump,50000,0.25849337620772206
seg_1635,52.512861,-1.467429,0.8659373966004928,speed_bump,20000,0.15258281442576885
seg_1636,52.969372,-1.169237,0.8728909250039701,lighting,20000,0.12440955995069083
seg_1637,50.629583,-3.327779,0.8195548960339194,speed_bump,20000,0.24048991463735692
seg_1638,50.818566,-1.573953,0.7791163621465778,lighting,50000,0.25877653725103245
seg_1639,55.770738,-6.25008,0.8038159685958967,lighting,20000,0.17720670672385827
seg_1640,50.395645,-4.047642,0.8670132071594837,signage,20000,0.10473845506326225
seg_1641,50.643846,-4.361061,0.8272867246620755,lighting,20000,0.26365080493077286
seg_1642,51.513961,-0.13095,0.7942875321337631,speed_bump,50000,0.14121878126608814
seg_1643,53.488545,-2.279993,0.8705563897472253,speed_bump,30000,0.16780638837949763
seg_1644,52.406688,-1.500946,0.8690513646590824,lighting,50000,0.22564620155542606
seg_1645,51.387613,0.070293,0.8734197448581773,lighting,50000,0.11999094384226056
seg_1646,50.766851,-2.020388,0.8594520200921291,speed_bump,20000,0.11439915322769263
seg_1647,51.482232,-0.347563,0.848027143895286,speed_bump,50000,0.10514075431505486
seg_1648,51.77628,-1.228433,0.8390963058749038,signage,30000,0.28332797204789106
seg_1649,51.168504,-0.128645,0.8180615715459877,signage,30000,0.16227654885373113
seg_1650,52.267188,1.02141,0.8141309781932862,lighting,20000,0.23213176302342636
seg_1651,52.694297,-2.161248,0.769231611048914,lighting,50000,0.2978470498035484
seg_1652,51.191665,-0.152185,0.8224694584429251,lighting,50000,0.2338901587123887
seg_1653,51.901201,-0.463366,0.8705715289236796,speed_bump,30000,0.205018959171236
seg_1654,53.779931,-0.260083,0.8547121191250873,lighting,20000,0.2041839867034477
seg_1655,51.778756,-1.483362,0.8639093590313077,lighting,50000,0.17538342969111034
seg_1656,53.298126,-1.266853,0.8521511043442651,signage,50000,0.21995593119101706
seg_1657,53.688781,-1.64199,0.8705715289236796,signage,30000,0.2917582779091409
seg_1658,51.651564,0.43693,0.874648532968136,signage,30000,0.257608806739662
seg_1659,52.831678,-1.036256,0.769231611048914,lighting,20000,0.1848453234066475
seg_1660,52.022537,-0.313584,0.896195062250897,speed_bump,20000,0.16648896580650666
seg_1661,51.43461,-0.465467,0.8667538003488293,speed_bump,50000,0.2767063059246243
seg_1662,51.563621,0.024893,0.8816271948307352,lighting,30000,0.12715716512531877
seg_1663,53.407737,-2.560764,0.8793426011109614,speed_bump,20000,0.2699170513928604
seg_1664,53.092446,-1.157311,0.863666018817732,speed_bump,50000,0.15101535226846646
seg_1665,51.62828,0.00393,0.8783897232626303,speed_bump,20000,0.24312584715518354
seg_1666,51.377646,0.559004,0.8793426011109614,signage,20000,0.261244116154966
seg_1667,50.391041,-4.075465,0.8694049066209935,signage,20000,0.19539930345269452
seg_1668,55.949381,-3.242918,0.8685316766222858,speed_bump,30000,0.13845679522845486
seg_1669,53.536099,-1.1625,0.8828627271165255,signage,30000,0.26895354869247506
seg_1670,51.596831,-0.179817,0.8957179958345405,signage,20000,0.17350166901066294
seg_1671,52.43036,-1.492544,0.9268579645816685,speed_bump,30000,0.16413605209650386
seg_1672,51.547196,0.736574,0.873990225328314,lighting,30000,0.2020032364706879
seg_1673,53.959108,-1.090092,0.8780836571108344,signage,30000,0.18701724822078353
seg_1674,51.74621,-4.064132,0.8605196266157694,signage,30000,0.23661044340774484
seg_1675,50.845316,0.49013,0.8894539226879051,signage,50000,0.12743956167453308
seg_1676,52.381279,-1.280606,0.757610846459222,lighting,50000,0.18713793080957458
seg_1677,53.059393,-2.137092,0.8690513646590824,speed_bump,20000,0.2783403622450408
seg_1678,53.207004,-2.857451,0.8726160539907307,signage,50000,0.1072125418879451
seg_1679,51.561648,0.6812,0.8406316380391178,speed_bump,30000,0.19146766663066528
seg_1680,52.563965,-1.331675,0.8126409294121661,signage,20000,0.23210639327704202
seg_1681,51.878367,-2.199736,0.755581225862986,lighting,30000,0.277542217408397
seg_1682,54.905831,-1.381594,0.880118507542614,lighting,50000,0.21875724538663516
seg_1683,51.445408,0.006706,0.8833420383113613,signage,50000,0.2648968542478657
seg_1684,53.404853,-2.192802,0.8600510786342832,speed_bump,30000,0.14453820379185728
seg_1685,50.81582,0.324296,0.8224026216185021,speed_bump,20000,0.17056188724557192
seg_1686,54.207842,-0.628479,0.7028480798733733,speed_bump,20000,0.2884264547856085
seg_1687,51.034541,-3.472946,0.8032216953928162,speed_bump,20000,0.27719502261853723
seg_1688,52.467487,-2.155707,0.8667538003488293,signage,50000,0.2115905965377409
seg_1689,55.962588,-3.179103,0.8480759386000698,lighting,30000,0.19509766755896904
seg_1690,55.853042,-4.365734,0.850155520252104,signage,30000,0.1902134782908917
seg_1691,52.473335,-1.95742,0.8718228826828031,signage,50000,0.11175793231340321
seg_1692,51.009151,-2.688719,0.9049656709688216,speed_bump,50000,0.2784754207913134
seg_1693,51.427567,0.255806,0.7506738547757813,speed_bump,50000,0.2636299016830671
seg_1694,53.765808,-0.196258,0.7876797676395466,lighting,20000,0.19125022894557342
seg_1695,53.26618,-2.473449,0.8847686443381488,signage,30000,0.15588799454389468
seg_1696,55.976976,-3.600543,0.8179727196684982,speed_bump,50000,0.16858412128530612
seg_1697,53.267837,-2.147954,0.8748503009643289,lighting,50000,0.1246321171745779
seg_1698,51.495018,-0.282435,0.8628624605556141,speed_bump,20000,0.24435794826114451
seg_1699,51.539891,-0.524286,0.7529967042803264,signage,30000,0.21133397131097154
seg_1700,51.574424,-0.225739,0.8680650198970753,lighting,50000,0.146820684564979
seg_1701,53.527196,-2.946116,0.9260820979577024,lighting,20000,0.22460111441553793
seg_1702,54.283847,-0.392763,0.8505502618683282,signage,30000,0.2958460428509949
seg_1703,51.5103,-0.138305,0.8751347832736022,lighting,20000,0.12447902709523584
seg_1704,51.514867,-0.988294,0.7693748758259177,signage,50000,0.19169700212506555
seg_1705,51.565449,-0.277595,0.7942875321337631,signage,20000,0.19883176418442533
seg_1706,51.203815,0.287946,0.8720629277573755,signage,20000,0.13335944276476047
seg_1707,53.54528,-2.517456,0.8831320409771359,signage,20000,0.20631604219946295
seg_1708,51.523526,-0.175243,0.8606370555323578,lighting,20000,0.22119545170961802
seg_1709,51.5691,-1.776618,0.8680642954332026,lighting,30000,0.13146890776369907
seg_1710,53.407049,-2.173709,0.8486526675050747,speed_bump,20000,0.13094477980177527
seg_1711,53.333212,-1.567188,0.8239134581472277,speed_bump,30000,0.27126974312675123
seg_1712,51.591574,-0.165591,0.8500173076848866,signage,30000,0.16227748733400899
seg_1713,51.547422,-3.590366,0.8864427423502513,signage,30000,0.2260666774157262
seg_1714,51.230135,0.513004,0.8705563897472253,speed_bump,50000,0.22535461513504282
seg_1715,52.688577,0.316716,0.8066373097326636,signage,30000,0.26783417511652696
seg_1716,51.239475,-2.996851,0.8742517439241193,speed_bump,30000,0.2479789262463047
seg_1717,52.731689,-0.425416,0.8222320932880077,speed_bump,50000,0.26811528668765555
seg_1718,51.493367,-0.241422,0.8710083258286672,speed_bump,20000,0.22504295793013313
seg_1719,52.629273,-1.193718,0.8547121191250873,speed_bump,50000,0.1898914321027988
seg_1720,53.550646,-2.127355,0.8588482408307422,lighting,50000,0.17871330426261495
seg_1721,51.51211,-0.061271,0.8800368254623406,signage,20000,0.17580595333228716
seg_1722,52.734073,1.413681,0.8285803920233614,speed_bump,20000,0.18367861958183157
seg_1723,53.398315,-2.622419,0.9086031692799197,signage,30000,0.12586185043075407
seg_1724,52.667916,0.255129,0.7804542503151798,speed_bump,20000,0.18479167420063342
seg_1725,55.917053,-4.331333,0.8754808237149692,signage,30000,0.17788898144052423
seg_1726,51.524813,-0.081199,0.8414759376965659,signage,50000,0.1069143326636463
seg_1727,53.364061,-1.406958,0.8662479861618091,speed_bump,30000,0.15502615106526801
seg_1728,52.745022,-3.092486,0.8445457845615582,speed_bump,20000,0.25038139494804335
seg_1729,51.730204,-0.024871,0.8778270788896069,lighting,20000,0.21558911428192506
seg_1730,51.426619,-0.169472,0.8547121191250873,signage,50000,0.261233499351206
seg_1731,51.545885,-0.147959,0.8800522573340586,signage,20000,0.20853760887615297
seg_1732,52.812764,-3.260215,0.6911847333469124,signage,30000,0.2708167530950535
seg_1733,51.240795,-0.110955,0.7659837115959455,signage,50000,0.2592134199203433
seg_1734,50.831621,-0.198375,0.8675851608680963,signage,20000,0.11965691402844943
seg_1735,51.312917,-0.055905,0.8732036702766863,signage,30000,0.29540127360319846
seg_1736,52.67522,-1.854331,0.8628290227116686,speed_bump,30000,0.10294948938026577
seg_1737,51.283091,0.170822,0.8757333617299232,lighting,20000,0.21936760758592372
seg_1738,52.955897,-1.132727,0.8733134666722852,lighting,30000,0.25850230186335243
seg_1739,51.381329,-0.493898,0.8662479861618091,lighting,30000,0.1663788279701807
seg_1740,53.692998,-1.311199,0.8500173076848866,speed_bump,20000,0.2197139584594316
seg_1741,53.695623,-1.83084,0.877893402574257,signage,50000,0.17242450616948965
seg_1742,53.341976,-2.49111,0.8047113047708372,speed_bump,30000,0.11212299500150039
seg_1743,51.560092,-0.091836,0.8303896800569004,lighting,20000,0.10169230381786619
seg_1744,52.25886,-1.179458,0.8197954963348947,lighting,50000,0.11897240602223767
seg_1745,53.339813,-2.736799,0.8850635350856231,signage,50000,0.11968191882400936
seg_1746,51.607491,-1.212236,0.7476211376490451,signage,20000,0.22217795547874997
seg_1747,53.837292,-1.593611,0.8110709587816983,speed_bump,20000,0.20517304619250265
seg_1748,52.620761,1.305804,0.8009486962111896,signage,30000,0.1910926600346284
seg_1749,56.341525,-3.285084,0.7371042937706236,signage,30000,0.2383842951204835
seg_1750,53.495396,-2.894191,0.8215068110236207,signage,50000,0.10336522740248968
seg_1751,51.54748,-0.276258,0.8760311436499792,signage,30000,0.1541966962831462
seg_1752,51.020532,-3.104215,0.8835900195634384,speed_bump,30000,0.25547854625752553
seg_1753,52.515863,-1.972853,0.8303652455192708,speed_bump,20000,0.2819954213034237
seg_1754,51.561447,0.680741,0.8265419511490008,speed_bump,30000,0.1876673192475163
seg_1755,51.630139,-3.965066,0.8484800441401649,lighting,50000,0.11629679602769327
seg_1756,50.398446,-4.138407,0.8828627271165255,speed_bump,30000,0.2597457478456976
seg_1757,50.880517,-2.632236,0.7793408493616653,speed_bump,30000,0.2770340866545467
seg_1758,53.875784,-1.90764,0.8733134666722852,speed_bump,20000,0.18273205413874388
seg_1759,50.717741,-1.980605,0.9427587524172754,speed_bump,50000,0.1486710507840554
seg_1760,51.577649,-0.104235,0.8680095281251984,speed_bump,20000,0.10879433364458907
seg_1761,50.984275,-1.364725,0.8775397761816214,speed_bump,20000,0.2182165643789712
seg_1762,51.472081,-0.104584,0.877893402574257,lighting,20000,0.28197389811249984
seg_1763,51.546766,-0.135519,0.8662479861618091,speed_bump,50000,0.23557760510406514
seg_1764,51.489331,-0.311868,0.8500418001450094,speed_bump,30000,0.16344971957894688
seg_1765,52.353222,-0.178705,0.8284735227200004,signage,50000,0.22857766485799338
seg_1766,50.795276,-1.089258,0.892089383694813,speed_bump,30000,0.2664136814896051
seg_1767,50.806672,0.248969,0.8866175064016307,speed_bump,30000,0.19516601186989158
seg_1768,53.807803,-3.04597,0.8597042032991686,lighting,30000,0.2639496979995677
seg_1769,52.500223,-1.990097,0.8657379100776147,lighting,20000,0.17838193533327082
seg_1770,53.434192,-0.065209,0.8194205884102485,speed_bump,30000,0.16970113571915413
seg_1771,57.156892,-2.161306,0.8704372332643087,speed_bump,50000,0.2165977251757108
seg_1772,51.482136,0.06982,0.9157793207662821,speed_bump,50000,0.19293728353889625
seg_1773,52.471429,-1.55567,0.7629332092145249,speed_bump,30000,0.29542238409221666
seg_1774,55.902241,-3.390883,0.8151383513226886,signage,50000,0.20327788470563496
seg_1775,52.689803,-1.808803,0.8680642954332026,lighting,50000,0.1770344057832043
seg_1776,54.561284,-1.190247,0.8510789299693964,lighting,30000,0.17898670862570726
seg_1777,51.541416,-0.23135,0.8858534684033869,lighting,30000,0.2095879901226233
seg_1778,51.554502,-0.152658,0.8847686443381488,lighting,20000,0.17098240760163907
seg_1779,51.512554,-0.612647,0.8856512868004818,signage,20000,0.2445813203929872
seg_1780,53.412687,-2.281439,0.8828627271165255,lighting,50000,0.17613258554032818
seg_1781,51.246346,0.549427,0.8788312187531079,speed_bump,20000,0.17682887730504862
seg_1782,57.169779,-2.125312,0.8721173266738097,lighting,30000,0.22339464987536092
seg_1783,53.431426,-3.070801,0.8195548960339194,signage,50000,0.112169374539202
seg_1784,53.341722,-3.3429,0.8109533763992033,signage,20000,0.23107098362302922
seg_1785,50.962823,-1.565956,0.8550252875604394,lighting,50000,0.20099444343173742
seg_1786,51.807776,-1.277763,0.863666018817732,lighting,30000,0.19060522285732834
seg_1787,53.806612,-1.535677,0.8800522573340586,lighting,20000,0.24385059814159027
seg_1788,52.394021,0.264654,0.8720629277573755,speed_bump,20000,0.2516511564009722
seg_1789,52.296668,-0.937287,0.8507469410968699,signage,50000,0.26925217268249185
seg_1790,51.364219,-0.258584,0.8524361183682376,speed_bump,50000,0.17496062416348945
seg_1791,55.850467,-4.321112,0.8714086405812678,signage,50000,0.1654075384506762
seg_1792,55.903595,-4.311007,0.8603756849932008,speed_bump,50000,0.2428684202989039
seg_1793,53.795874,-1.726702,0.8806777396736573,lighting,20000,0.21636097182808917
seg_1794,51.636582,-3.940232,0.8650077810790384,speed_bump,50000,0.22636030927036332
seg_1795,53.286197,-1.871416,0.7572553010574267,lighting,20000,0.21110458142116706
seg_1796,51.60723,0.020045,0.8692644364159976,signage,20000,0.2545386046407709
seg_1797,52.827898,-1.617243,0.877893402574257,lighting,50000,0.13800817769843063
seg_1798,51.509105,-3.548004,0.8659373966004928,speed_bump,30000,0.21114242654827936
seg_1799,51.07484,-1.785947,0.880332736166794,speed_bump,30000,0.13162035778872597
seg_1800,52.955184,-1.156126,0.8889401457343908,lighting,50000,0.1814503878581984
seg_1801,51.636576,0.426732,0.896031477621039,speed_bump,20000,0.23279876468321495
seg_1802,55.078425,-1.587429,0.8715766391203233,speed_bump,30000,0.19861432166283408
seg_1803,53.304974,-1.416505,0.8437832584022027,lighting,50000,0.17591830733443625
seg_1804,52.900681,-1.426113,0.8110709587816983,lighting,30000,0.2769940002831212
seg_1805,51.574446,-0.526198,0.7354779775489689,lighting,30000,0.25456514289949567
seg_1806,51.484404,-2.586545,0.8705563897472253,lighting,30000,0.205258157000075
seg_1807,52.586632,1.700844,0.8244340154869686,speed_bump,50000,0.29001063113509756
seg_1808,52.063438,-0.787909,0.8778270788896069,lighting,20000,0.18487305788699876
seg_1809,52.646319,-1.125266,0.8525607034593479,signage,50000,0.2576145855176212
seg_1810,55.163965,-2.319706,0.8266420517280454,lighting,50000,0.1335872479602836
seg_1811,51.611732,-0.739754,0.7686420697851145,speed_bump,50000,0.1571584954221194
seg_1812,53.541038,-1.317742,0.7572553010574267,signage,30000,0.16761711626679096
seg_1813,50.700613,-3.216483,0.8448679455380598,speed_bump,30000,0.12116415054090467
seg_1814,51.303496,-0.716368,0.7539137975696071,signage,30000,0.20036096301521356
seg_1815,51.596374,-1.10386,0.8617569211990833,lighting,20000,0.13845202682529914
seg_1816,54.111292,-3.222783,0.8759873080403942,lighting,50000,0.2268371778899317
seg_1817,53.898493,-2.787683,0.8211184457878278,lighting,30000,0.13801847191460365
seg_1818,57.625182,-4.392513,0.829519837486178,lighting,50000,0.12470125146785507
seg_1819,51.526176,-3.69231,0.8751347832736022,lighting,20000,0.2938173455197849
seg_1820,57.057573,-3.130328,0.9516913972738074,lighting,50000,0.23164806116222125
seg_1821,51.49158,-2.470829,0.8786417551846124,signage,30000,0.2872901829416977
seg_1822,51.566019,0.08618,0.8505502618683282,lighting,50000,0.1979775583986464
seg_1823,51.442749,-0.188973,0.8687294422211866,signage,20000,0.10668049261267486
seg_1824,52.538647,-1.233567,0.8170762575295458,signage,30000,0.21487423408628878
seg_1825,56.066314,-3.409651,0.8729486585462318,signage,30000,0.2116657773671417
seg_1826,53.232399,-0.609218,0.7371042937706236,lighting,30000,0.1029951211873188
seg_1827,51.654841,-1.26201,0.833021213410837,signage,20000,0.2722484088803663
seg_1828,51.557212,0.699908,0.8705563897472253,speed_bump,30000,0.22399413612328495
seg_1829,53.415106,-2.798132,0.8705715289236796,signage,20000,0.2489382338752292
seg_1830,53.769238,-2.545984,0.8142140777605035,speed_bump,30000,0.1987842212315029
seg_1831,52.026091,-1.134025,0.7472144213444974,signage,20000,0.2236804875816526
seg_1832,53.367832,-3.001015,0.858143413517776,speed_bump,30000,0.15149397864570485
seg_1833,51.377369,0.242559,0.8211184457878278,lighting,30000,0.2947515535537294
seg_1834,51.337557,-0.51579,0.8550320021849056,speed_bump,20000,0.18014400150953302
seg_1835,50.534491,-3.616773,0.8554970453381133,lighting,50000,0.13246532426752583
seg_1836,51.525351,-0.12342,0.8797431333289853,signage,50000,0.11118308367492546
seg_1837,50.716582,-2.007476,0.8748503009643289,lighting,20000,0.2272343866170742
seg_1838,52.158928,-2.261927,0.8288134167385981,lighting,20000,0.29667597023529113
seg_1839,52.283238,-1.547103,0.8589015036105728,speed_bump,50000,0.2791588993692563
seg_1840,51.767513,0.554202,0.8211184457878278,speed_bump,20000,0.2404209134972827
seg_1841,53.824576,-1.667267,0.8143803874366171,lighting,50000,0.2981195857985721
seg_1842,51.616277,-0.090636,0.8179727196684982,signage,30000,0.2445656524084213
seg_1843,51.486393,0.167673,0.8899232816631637,signage,30000,0.1678502246802792
seg_1844,53.756103,-0.486413,0.8584111678639613,signage,20000,0.22024362661203462
seg_1845,52.534603,-2.412232,0.8680095281251984,speed_bump,30000,0.11595332849711232
seg_1846,53.447653,-2.277014,0.9099053632852224,speed_bump,20000,0.14433649804450815
seg_1847,52.508044,-1.991569,0.8705563897472253,speed_bump,30000,0.18350804718569844
seg_1848,52.304192,-3.200219,0.8201562677558243,speed_bump,30000,0.14036369871260906
seg_1849,52.458051,-1.954639,0.8839035364841051,lighting,20000,0.29070020296563415
seg_1850,52.066231,-0.771057,0.880332736166794,lighting,30000,0.29911950534892984
seg_1851,53.188037,-2.194672,0.7688427094172257,lighting,30000,0.17418718402433309
seg_1852,51.43104,-2.577086,0.8179727196684982,speed_bump,50000,0.24184579721543972
seg_1853,52.656066,-1.142812,0.8742517439241193,lighting,20000,0.18155414613264811
seg_1854,51.432067,-0.538121,0.8997099060187381,lighting,50000,0.12790184087724127
seg_1855,53.367723,-1.475914,0.8951536348631989,signage,50000,0.1673853695404217
seg_1856,52.927112,-0.053817,0.924254896551526,speed_bump,50000,0.14667433974313265
seg_1857,54.574111,-1.241971,0.8733134666722852,speed_bump,50000,0.16561564408148394
seg_1858,52.089082,-1.022211,0.8109533763992033,speed_bump,30000,0.1430043376795433
seg_1859,52.266349,1.345761,0.8211637784351603,signage,50000,0.12246902381164929
seg_1860,55.468444,-4.6255,0.8817205883653086,signage,50000,0.1434856858724826
seg_1861,53.397508,-3.090928,0.8597538978723606,lighting,30000,0.2811514063659686
seg_1862,51.489849,0.021477,0.8554970453381133,signage,20000,0.11704433515530575
seg_1863,53.409659,-3.017827,0.8900476742148065,speed_bump,30000,0.1649513287510469
seg_1864,52.508436,-1.461146,0.8469240348609925,signage,50000,0.20568997890052707
seg_1865,51.505275,-0.225977,0.8884273390348446,speed_bump,50000,0.17090253123567137
seg_1866,53.433988,-1.440027,0.8680642954332026,lighting,30000,0.20352141900377746
seg_1867,53.476893,-2.225664,0.860177828903435,signage,20000,0.1086840120468708
seg_1868,51.647479,-3.952184,0.8606370555323578,lighting,50000,0.22971392667287555
seg_1869,54.913977,-1.756981,0.8435406506619411,signage,20000,0.21269576031121204
seg_1870,51.378721,0.101794,0.8947334743691822,lighting,20000,0.2361932531709383
seg_1871,51.443156,-2.487123,0.9061185220416524,lighting,30000,0.2134515631654474
seg_1872,51.925169,-0.577419,0.7480758473680846,speed_bump,50000,0.18758071648513264
seg_1873,52.725721,-2.476903,0.82927382386192,signage,20000,0.1700283084588165
seg_1874,52.409419,-1.973947,0.8778270788896069,speed_bump,30000,0.14528703801995524
seg_1875,51.801108,-4.98339,0.8816271948307352,lighting,20000,0.20001354536132251
seg_1876,53.683679,-1.49789,0.8733134666722852,lighting,30000,0.1052104904755014
seg_1877,51.535418,0.73255,0.8708335542211875,signage,20000,0.16564816561986515
seg_1878,52.744615,0.067663,0.8023251155206408,signage,30000,0.23557445871290586
seg_1879,51.888262,-0.202506,0.8446392985520714,lighting,30000,0.12174340793727186
seg_1880,50.436138,-3.567793,0.8662479861618091,speed_bump,20000,0.11257824846390573
seg_1881,51.562249,-0.015855,0.801987490371122,lighting,20000,0.23043572105827306
seg_1882,51.524417,-0.110051,0.8397229395794316,lighting,50000,0.17955494422847004
seg_1883,51.978205,-0.215798,0.8610747024180011,signage,20000,0.2603650073098762
seg_1884,51.753397,-1.263447,0.831894771985585,speed_bump,20000,0.28746226079426473
seg_1885,54.057561,-2.790995,0.8751347832736022,lighting,20000,0.2914080907465154
seg_1886,53.432043,-1.357269,0.896031477621039,speed_bump,50000,0.18511857077883584
seg_1887,55.824537,-4.165974,0.8864427423502513,speed_bump,30000,0.15286544485500647
seg_1888,52.434505,-1.853757,0.9136619295200046,lighting,20000,0.2217227477484956
seg_1889,51.324424,-0.825433,0.7896160836694851,speed_bump,50000,0.22563858518564728
seg_1890,51.309155,-0.809425,0.823543915079258,lighting,20000,0.22446898721517933
seg_1891,51.391026,-1.061454,0.8126409294121661,lighting,30000,0.16435572274377624
seg_1892,53.489264,-2.968482,0.880332736166794,signage,20000,0.11275034728346062
seg_1893,52.521857,-2.087808,0.876133013246341,signage,50000,0.14200096776511978
seg_1894,51.835165,1.136548,0.858249452909064,lighting,50000,0.13088388560444675
seg_1895,51.58884,-0.169021,0.8866175064016307,signage,50000,0.12478006915666205
seg_1896,53.605507,-2.173917,0.8556229204204123,speed_bump,20000,0.2852566642143146
seg_1897,51.488755,-0.553434,0.7597331132812171,signage,20000,0.1027695291947936
seg_1898,53.598587,-2.425177,0.8617569211990833,signage,50000,0.22037154784726432
seg_1899,52.651982,-1.175413,0.8879122650106923,speed_bump,50000,0.28949475914802736
seg_1900,51.493694,-0.174565,0.8680642954332026,speed_bump,20000,0.17201062549882556
seg_1901,53.719149,-0.971712,0.8109533763992033,speed_bump,50000,0.20541961783449247
seg_1902,55.884843,-4.185192,0.8224026216185021,signage,50000,0.23915673269503193
seg_1903,53.232291,-4.178385,0.8223357068929539,lighting,30000,0.16343393893164776
seg_1904,53.128898,-2.614064,0.8198253214397685,lighting,30000,0.19553039754144982
seg_1905,50.455531,-4.75664,0.8296170751759724,lighting,20000,0.2634205700665504
seg_1906,52.579536,-1.137944,0.8828627271165255,lighting,20000,0.2490711330560527
seg_1907,52.341435,-0.538615,0.7659837115959455,lighting,20000,0.26168988229856815
seg_1908,51.853103,-2.240546,0.8692644364159976,lighting,20000,0.2974680327255312
seg_1909,51.919799,-0.192631,0.8821358221429451,signage,50000,0.1740654949872358
seg_1910,51.365505,-1.885772,0.7622302622900192,lighting,30000,0.2494182525871546
seg_1911,53.41733,-2.325115,0.8500173076848866,signage,50000,0.22055691342039657
seg_1912,54.070562,-2.864702,0.8680650198970753,lighting,20000,0.23332095344423925
seg_1913,53.379366,-2.941182,0.9078330017905517,signage,50000,0.2479747809665869
seg_1914,51.514897,-0.144604,0.7816891115963966,lighting,20000,0.24994626338926296
seg_1915,53.077318,-2.505765,0.8308306518730301,speed_bump,50000,0.27714902985896395
seg_1916,53.486912,-1.496148,0.8079571794502124,lighting,20000,0.16986433504721107
seg_1917,51.477999,-0.405607,0.8290948230020172,speed_bump,20000,0.23069627122238212
seg_1918,51.316524,-0.568058,0.8800368254623406,speed_bump,20000,0.15605808631937118
seg_1919,55.78658,-4.423162,0.8302749903406541,speed_bump,50000,0.218913741023395
seg_1920,53.021587,-2.097019,0.8685316766222858,speed_bump,20000,0.2502350280343856
seg_1921,51.478951,-2.522971,0.8766272639129639,speed_bump,30000,0.25820021723232806
seg_1922,51.693502,-4.927677,0.8302749903406541,signage,30000,0.18402490059782456
seg_1923,53.7578,-0.293991,0.8680650198970753,speed_bump,50000,0.20174404464027196
seg_1924,50.719584,-1.885933,0.8685316766222858,speed_bump,30000,0.16676997023403456
seg_1925,50.757945,-2.033002,0.8180023230176633,lighting,20000,0.1338072693079261
seg_1926,51.52476,-0.081349,0.8805030066127716,speed_bump,30000,0.15210348103850643
seg_1927,52.194164,-2.221755,0.8749265399522802,lighting,20000,0.2824274009799649
seg_1928,51.458356,0.03808,0.8338604237088112,lighting,50000,0.1617939084818632
seg_1929,51.640836,-0.009969,0.8667538003488293,signage,50000,0.294951866709122
seg_1930,52.181046,1.038241,0.6960101111348012,lighting,20000,0.14829561704307634
seg_1931,51.837323,1.026791,0.8507469410968699,speed_bump,50000,0.24461421749620896
seg_1932,51.777032,-0.202726,0.8608213997124884,signage,20000,0.21478065871436713
seg_1933,52.545736,0.087503,0.8793426011109614,signage,30000,0.23937400990495972
seg_1934,51.449687,-0.938791,0.8828627271165255,lighting,30000,0.22879158932183621
seg_1935,53.452722,-2.299936,0.8667538003488293,lighting,20000,0.24134971671951783
seg_1936,51.266861,-0.023015,0.8302749903406541,speed_bump,30000,0.28110940968709175
seg_1937,51.523624,-3.363552,0.8195548960339194,speed_bump,20000,0.21269389921249626
seg_1938,53.750877,-1.609161,0.8623531352830244,signage,50000,0.11356975658079904
seg_1939,55.885944,-4.18401,0.8700101125821428,lighting,50000,0.1541650868893799
seg_1940,51.851731,-2.650399,0.8032216953928162,lighting,50000,0.24164379608175277
seg_1941,50.882851,-1.344009,0.8211184457878278,lighting,30000,0.19881492559513467
seg_1942,51.481197,-2.508942,0.8690513646590824,signage,30000,0.20971039652393736
seg_1943,52.529363,-2.199559,0.9559396357986765,lighting,30000,0.2193160910760583
seg_1944,51.648379,-0.046789,0.8951536348631989,speed_bump,50000,0.176525854596914
seg_1945,54.777989,-1.567141,0.8692644364159976,lighting,30000,0.25477910501757106
seg_1946,52.484433,1.71855,0.8816469077358114,lighting,30000,0.2447069767793097
seg_1947,52.383359,-2.248854,0.887007141059882,signage,30000,0.24285988243862278
seg_1948,53.674868,-0.381067,0.7686420697851145,lighting,30000,0.24306203480698893
seg_1949,52.336455,-3.953383,0.8475703601094304,lighting,30000,0.27807160033084954
seg_1950,53.54421,-1.444308,0.8805725732453946,signage,50000,0.21907855588865488
seg_1951,52.099186,0.138423,0.8206054074323508,speed_bump,30000,0.29341443989939164
seg_1952,53.69331,-2.313578,0.8391780123935494,lighting,50000,0.12383853687812758
seg_1953,54.868833,-1.859262,0.8718228826828031,speed_bump,50000,0.22639179531877288
seg_1954,51.125093,-2.986098,0.858249452909064,signage,30000,0.2433853091871591
seg_1955,51.406364,-0.406097,0.8760311436499792,speed_bump,50000,0.1954440821908719
seg_1956,51.600962,-1.651604,0.7731332727888991,speed_bump,20000,0.15764167729138728
seg_1957,51.608249,-0.145133,0.8225840218077916,speed_bump,50000,0.2100074905422198
seg_1958,50.884821,-1.314455,0.8680642954332026,speed_bump,20000,0.17294953605814053
seg_1959,52.940729,1.164922,0.8215068110236207,lighting,30000,0.2818248142135633
seg_1960,53.742661,-2.497741,0.8751347832736022,signage,20000,0.17135848250665098
seg_1961,54.911842,-1.460883,0.7877166607044158,signage,30000,0.1351413985404258
seg_1962,51.481311,-0.187878,0.7803474256759896,lighting,30000,0.21527782803309056
seg_1963,53.302086,-0.520964,0.8340170789030412,signage,50000,0.17919851827607386
seg_1964,52.421105,-1.967911,0.8467139724986471,signage,20000,0.1191796289601682
seg_1965,50.723738,-1.875823,0.8932702982300907,signage,50000,0.21296847019958165
seg_1966,51.935586,1.273217,0.8452526653888068,speed_bump,50000,0.20756928223314028
seg_1967,53.778858,-0.329419,0.8705563897472253,speed_bump,30000,0.13463941732663903
seg_1968,52.780427,-0.886398,0.8766272639129639,signage,30000,0.21952763379196857
seg_1969,55.632259,-4.645936,0.8038159685958967,lighting,50000,0.2134717947714978
seg_1970,51.11857,-3.05018,0.8583658519756138,signage,20000,0.2547225246083182
seg_1971,52.394579,-1.952793,0.8726160539907307,signage,50000,0.17231398596852687
seg_1972,50.204917,-5.360059,0.8126409294121661,signage,20000,0.14975190473272787
seg_1973,51.523899,-0.145247,0.8610747024180011,speed_bump,50000,0.2902439773941551
seg_1974,51.636483,-1.001591,0.7457122295847912,speed_bump,20000,0.2122435045565576
seg_1975,52.961503,-1.13723,0.8759873080403942,lighting,50000,0.10542799177683607
seg_1976,55.113336,-1.66652,0.7693748758259177,signage,50000,0.26414233682234867
seg_1977,51.393364,-0.093749,0.8662479861618091,speed_bump,20000,0.13935161218378816
seg_1978,52.467781,-1.590888,0.7706736656791214,lighting,30000,0.2572072635291687
seg_1979,55.065006,-1.633925,0.8224026216185021,signage,30000,0.24103248543119296
seg_1980,54.985243,-1.543973,0.863272061515068,speed_bump,20000,0.29376274485263143
seg_1981,52.391676,-1.310004,0.8562310136995008,speed_bump,30000,0.29311586031890524
seg_1982,52.504665,-1.33312,0.8417304384346448,lighting,50000,0.154882124931152
seg_1983,55.945895,-3.204856,0.8856512868004818,signage,20000,0.25328991624468367
seg_1984,51.514915,-0.162908,0.863272061515068,speed_bump,50000,0.1633710171559848
seg_1985,56.180954,-3.148412,0.8206054074323508,signage,50000,0.22583958776591886
seg_1986,52.322651,-2.059096,0.8800522573340586,signage,30000,0.21954921699091862
seg_1987,51.530948,-0.271116,0.7938097502730195,lighting,30000,0.11090870312423294
seg_1988,53.544934,-1.439545,0.8835900195634384,lighting,30000,0.10103634996707152
seg_1989,52.243273,0.398623,0.8720629277573755,signage,20000,0.11155280291896191
seg_1990,51.289425,0.77486,0.8216058468014436,speed_bump,30000,0.12558840950634823
seg_1991,54.623658,-3.16267,0.8853717369174723,speed_bump,50000,0.15153049826955473
seg_1992,51.34032,-2.144774,0.8435406506619411,lighting,20000,0.2813910446485125
seg_1993,53.750342,-2.36074,0.8241931158511356,speed_bump,50000,0.20372653506933724
seg_1994,52.628651,-1.13472,0.9009191174832648,signage,50000,0.2593783477681577
seg_1995,52.924581,-1.461795,0.858143413517776,lighting,50000,0.2676623504214416
seg_1996,50.385368,-4.095896,0.8414759376965659,speed_bump,30000,0.24698861971810823
seg_1997,51.923157,0.893445,0.8549305794349114,signage,30000,0.1782770248841144
seg_1998,51.500897,-0.10699,0.8241931158511356,lighting,30000,0.27277187876819653
seg_1999,53.652482,-3.015755,0.8347301339492573,lighting,50000,0.24840995066418411
seg_2000,53.491928,-2.359297,0.8705563897472253,signage,50000,0.24863028868101048
seg_2001,53.757405,-0.298422,0.8559732257622649,lighting,30000,0.28031486543311385
seg_2002,53.417553,-1.321376,0.8550846794111406,speed_bump,50000,0.21973269449153673
seg_2003,51.572067,-0.230449,0.8167680316711905,speed_bump,30000,0.20571488599243531
seg_2004,51.504831,-2.526437,0.8201562677558243,signage,30000,0.27803251151941505
seg_2005,51.306501,-0.906087,0.6911847333469124,lighting,20000,0.19089234563283936
seg_2006,52.973435,-1.074207,0.9093928717668107,speed_bump,30000,0.26231413920576857
seg_2007,52.619343,-0.922768,0.8806175446107922,lighting,30000,0.11076927208896155
seg_2008,53.494805,-2.972377,0.8912893786170506,signage,50000,0.10025798889126443
seg_2009,52.956057,-1.263125,0.8845101180578178,speed_bump,50000,0.20565849792087137
seg_2010,51.408932,-0.305197,0.8761215483617639,speed_bump,20000,0.11472237876327605
seg_2011,52.310394,-1.896997,0.8694049066209935,speed_bump,30000,0.2953086026906127
seg_2012,51.532945,-0.137237,0.8888831607833779,lighting,50000,0.10110023480795977
seg_2013,51.448876,-2.570404,0.8728909250039701,signage,30000,0.24362992729972927
seg_2014,52.993742,-2.299428,0.7793342754915681,speed_bump,30000,0.14867693915724414
seg_2015,51.506334,-3.143858,0.8323012654909696,lighting,50000,0.29351040105441123
seg_2016,50.732215,-1.941023,0.896031477621039,speed_bump,30000,0.17630833012557923
seg_2017,51.402666,0.018637,0.8733134666722852,signage,50000,0.10545668525277303
seg_2018,51.431647,-0.725582,0.8532333799177628,signage,30000,0.10538715308175656
seg_2019,54.612648,-1.059934,0.880332736166794,speed_bump,20000,0.2106746743449377
seg_2020,52.928241,-2.169763,0.6563817626373495,lighting,30000,0.2973423958062562
seg_2021,50.914555,-1.327694,0.8434333373697559,speed_bump,50000,0.29595470700914384
seg_2022,50.579985,-3.468465,0.8659373966004928,speed_bump,30000,0.16745459445785316
seg_2023,51.634614,-0.752125,0.7808786086219821,speed_bump,50000,0.19654072983777937
seg_2024,52.972158,-1.305893,0.8628624605556141,lighting,20000,0.12009116115956323
seg_2025,51.506981,-0.121869,0.858797549180867,speed_bump,50000,0.20443537119834632
seg_2026,51.803385,-3.205329,0.7400982571847969,speed_bump,20000,0.21994031980965462
seg_2027,51.879515,0.552556,0.8733134666722852,signage,50000,0.1502123331222642
seg_2028,51.47504,-2.58916,0.8957179958345405,speed_bump,30000,0.22242288718303477
seg_2029,51.801342,0.628629,0.7028480798733733,speed_bump,50000,0.27993855033925075
seg_2030,54.900338,-1.40287,0.7947438111961099,speed_bump,50000,0.10019106668469611
seg_2031,51.566194,-0.141362,0.8525607034593479,lighting,50000,0.1457867548615889
seg_2032,51.450633,-0.976345,0.8757333617299232,lighting,50000,0.14198391266478763
seg_2033,51.249259,-0.587959,0.8778270788896069,signage,30000,0.12477724060676541
seg_2034,52.478481,-2.156277,0.8662479861618091,signage,50000,0.13322024254742038
seg_2035,52.518172,-1.879704,0.8742517439241193,signage,20000,0.22518250907307752
seg_2036,51.459856,-0.968839,0.8509379675921853,speed_bump,20000,0.12053887803012853
seg_2037,53.242702,-1.43983,0.8554970453381133,lighting,30000,0.24770632180414434
seg_2038,52.504398,-1.901039,0.9309184232171975,signage,50000,0.27740451811167666
seg_2039,53.51758,-2.18716,0.8858534684033869,speed_bump,50000,0.2853175448356738
seg_2040,51.133292,-0.131212,0.8270238920028783,lighting,30000,0.23203516286394016
seg_2041,52.934793,-1.135752,0.8748503009643289,signage,30000,0.1394792821267232
seg_2042,51.064146,-0.334237,0.8837427328729084,signage,30000,0.11705931510798158
seg_2043,50.878745,0.647612,0.8197954963348947,signage,50000,0.14640499076139993
seg_2044,53.641297,-1.277857,0.8628290227116686,lighting,50000,0.2923914371570085
seg_2045,51.308987,-0.750218,0.8680095281251984,signage,20000,0.29246904035014243
seg_2046,54.624352,-1.728767,0.8127798839300624,speed_bump,30000,0.1763837767836684
seg_2047,54.97872,-1.485768,0.8606370555323578,speed_bump,30000,0.1651583082195101
seg_2048,53.513774,-2.326908,0.884697540133837,signage,50000,0.20200211645181307
seg_2049,53.801288,-1.633335,0.8600232219846694,speed_bump,30000,0.15833761829348014
seg_2050,53.343905,-0.683553,0.7882541265779204,lighting,50000,0.2959324903311127
seg_2051,53.348699,-2.987377,0.8625473519659984,lighting,30000,0.1442442780049155
seg_2052,53.023953,-1.028636,0.8275054570014916,speed_bump,50000,0.17382853643655372
seg_2053,53.647078,-2.732897,0.7899263124702588,signage,20000,0.18587417514003565
seg_2054,53.413641,-3.076446,0.8323012654909696,signage,50000,0.12501280461623243
seg_2055,54.76359,-1.356085,0.8608213997124884,speed_bump,20000,0.17656496535402597
seg_2056,50.383941,-3.970762,0.8508048371475456,signage,30000,0.2713461440203947
seg_2057,51.371747,-0.100684,0.8847686443381488,signage,50000,0.1280722002913517
seg_2058,53.008604,-2.225,0.8539210677952933,speed_bump,50000,0.21680439016523745
seg_2059,54.957866,-1.664373,0.8512591614879486,speed_bump,30000,0.18132742761200335
seg_2060,53.463975,-2.21219,0.7997881169716813,signage,30000,0.13410734522349094
seg_2061,54.577691,-1.158052,0.8460296830081679,speed_bump,20000,0.10246723288984116
seg_2062,53.74795,-0.284077,0.8716190982067766,lighting,50000,0.15466866069798005
seg_2063,51.185991,-0.639217,0.856821637326877,signage,20000,0.11236579213960039
seg_2064,56.373513,-5.439574,0.8244407258020671,speed_bump,20000,0.17535369425934705
seg_2065,53.359502,-1.487134,0.8659373966004928,speed_bump,30000,0.26204197113986916
seg_2066,51.941168,-0.521518,0.8505972889443347,signage,20000,0.24393705217552247
seg_2067,51.60125,0.084329,0.8650077810790384,signage,20000,0.28947674234035337
seg_2068,51.189467,-0.464141,0.8593204994772553,lighting,30000,0.18540308346741383
seg_2069,50.635015,-3.35818,0.8273716252006651,speed_bump,50000,0.24156027971837055
seg_2070,53.42484,-1.34282,0.8734197448581773,lighting,20000,0.23306834442040406
seg_2071,53.354283,-1.485844,0.8718228826828031,speed_bump,50000,0.1434092606316519
seg_2072,54.861524,-1.76463,0.7572553010574267,speed_bump,30000,0.1607165010465317
seg_2073,52.517235,-0.156158,0.8047113047708372,speed_bump,20000,0.20596590667955206
seg_2074,50.964022,-1.525048,0.8417304384346448,signage,50000,0.2593314638011843
seg_2075,53.061559,-3.082571,0.8455192908398169,speed_bump,30000,0.19236254689258653
seg_2076,52.405747,-1.799758,0.8728909250039701,speed_bump,50000,0.14554830723510545
seg_2077,53.593766,-2.208921,0.8858270135451275,speed_bump,20000,0.29869313805607395
seg_2078,53.251109,-1.412292,0.880754340715499,lighting,20000,0.1231157612707337
seg_2079,53.433709,-1.349417,0.8690513646590824,lighting,20000,0.29117778149826556
seg_2080,53.775334,-2.748502,0.7507244198249542,signage,30000,0.26180925768609775
seg_2081,52.378552,-1.466696,0.8268135263306369,lighting,50000,0.2677787038615703
seg_2082,52.479081,-1.856468,0.8800522573340586,lighting,50000,0.2589835166182999
seg_2083,51.342305,0.578445,0.8791566361716951,signage,30000,0.1416341882609244
seg_2084,51.544604,-0.101571,0.8749265399522802,lighting,30000,0.22651647547904835
seg_2085,51.609261,-0.041392,0.8639093590313077,speed_bump,50000,0.2513499624901864
seg_2086,52.255837,0.882002,0.8266393066773222,signage,30000,0.24913715842033027
seg_2087,52.422316,-1.88865,0.8742517439241193,speed_bump,20000,0.1543130741088155
seg_2088,53.524719,-3.028424,0.8239134581472277,lighting,20000,0.1362238775527363
seg_2089,51.446256,-0.356053,0.8814155017174773,lighting,20000,0.16562459678290983
seg_2090,50.761104,-2.792261,0.7925488258862231,signage,30000,0.19596889607547835
seg_2091,55.863451,-4.25604,0.8751347832736022,lighting,30000,0.2147561494127353
seg_2092,52.620735,-2.129501,0.90649261722916,signage,30000,0.26739007246383206
seg_2093,53.424418,-1.209904,0.8748503009643289,lighting,30000,0.2538068455409232
seg_2094,52.518546,-1.490483,0.8716190982067766,lighting,50000,0.23523010513330322
seg_2095,51.835629,-2.255257,0.8692644364159976,signage,50000,0.15269785858855212
seg_2096,50.803541,-2.251863,0.8484617143565997,signage,20000,0.19577609978698868
seg_2097,51.465388,0.008998,0.8757333617299232,signage,20000,0.1670871748255922
seg_2098,51.549493,-0.059682,0.8724948757403926,signage,20000,0.14698563591010683
seg_2099,52.797802,-2.134489,0.87808815829286,lighting,50000,0.10204907207669589
seg_2100,51.304177,-0.439327,0.8699823947355502,signage,30000,0.16789239411413812
seg_2101,55.010203,-1.645328,0.8505502618683282,signage,50000,0.1512232535429243
seg_2102,51.230764,1.361729,0.856821637326877,lighting,30000,0.2143804653933633
seg_2103,51.508015,-0.00481,0.8063710927924588,lighting,30000,0.11246035405674244
seg_2104,51.522965,0.030584,0.8692644364159976,signage,20000,0.1541039193420402
seg_2105,51.298393,-0.057452,0.8270238920028783,lighting,30000,0.10895389799768307
seg_2106,55.942589,-3.212119,0.8376267019928082,signage,20000,0.22828358090268722
seg_2107,51.69781,-1.267012,0.7280939538127603,lighting,30000,0.21363791171372498
seg_2108,51.492321,-0.121751,0.8716190982067766,lighting,20000,0.16749600461489464
seg_2109,51.429624,0.402278,0.8805725732453946,lighting,20000,0.12946692008710875
seg_2110,51.746989,-1.617132,0.8616179731548715,lighting,20000,0.291583966553747
seg_2111,57.633627,-2.56367,0.7568484324908111,signage,50000,0.21687848947772267
seg_2112,53.431244,-2.318779,0.8186919211927746,signage,50000,0.23582267331441356
seg_2113,53.016529,-1.334542,0.8009486962111896,signage,30000,0.20626975065389036
seg_2114,55.735901,-3.836112,0.8905278843155824,signage,30000,0.261306649529241
seg_2115,55.888738,-3.04863,0.87808815829286,lighting,50000,0.27927600990962426
seg_2116,53.311919,-2.23711,0.8507469410968699,signage,30000,0.17654210871952597
seg_2117,53.923164,-1.14868,0.8160748171164787,speed_bump,30000,0.2380050624461221
seg_2118,51.419095,-0.200407,0.7901538110541024,speed_bump,30000,0.1459774969092794
seg_2119,51.258107,-1.08222,0.8610747024180011,signage,30000,0.23037100943240768
seg_2120,53.595835,-1.852195,0.7629688389471555,signage,30000,0.17983112599531054
seg_2121,51.410147,-3.250174,0.8277620933002683,signage,50000,0.101356319880261
seg_2122,52.579374,-0.239452,0.8748503009643289,speed_bump,30000,0.29110557368452417
seg_2123,55.968227,-3.236312,0.8797431333289853,speed_bump,30000,0.2736883091077438
seg_2124,50.301363,-4.80014,0.8046313020732515,signage,20000,0.15816731006920567
seg_2125,53.96399,-0.805854,0.8232896132794008,lighting,50000,0.2995514628465721
seg_2126,51.648752,-3.818006,0.8757333617299232,lighting,50000,0.16342553491130682
seg_2127,51.526712,-0.014949,0.8760311436499792,speed_bump,20000,0.19176883729181493
seg_2128,51.37509,-0.079568,0.7808786086219821,lighting,20000,0.2702518052348834
seg_2129,51.38204,0.730011,0.9196172896756772,lighting,50000,0.16091927026560818
seg_2130,51.545117,-1.744289,0.8323012654909696,signage,20000,0.1901080568775
seg_2131,51.556123,-0.390903,0.8703242259405367,signage,50000,0.2331174334246511
seg_2132,50.734367,-1.929542,0.9353066414103485,speed_bump,50000,0.12609351095448565
seg_2133,53.837627,-1.594069,0.8657379100776147,speed_bump,50000,0.18447007373834354
seg_2134,54.653768,-1.668278,0.8032216953928162,speed_bump,20000,0.1618819874723253
seg_2135,51.458401,-0.432632,0.8786417551846124,signage,30000,0.2353548611729636
seg_2136,53.463527,-2.621449,0.788846166241622,speed_bump,30000,0.12719387801207435
seg_2137,53.473827,-2.23,0.8635707487738997,lighting,50000,0.14654629582018747
seg_2138,50.374671,-4.130165,0.8452526653888068,speed_bump,20000,0.24227524075049656
seg_2139,51.614813,-0.069319,0.8693187344911308,speed_bump,20000,0.13124487394482295
seg_2140,51.514976,-1.735955,0.8624909786370449,signage,20000,0.18440385244797794
seg_2141,52.624553,1.179467,0.8598466704746015,signage,50000,0.24257614441852374
seg_2142,52.231496,0.13145,0.8365440831290601,signage,50000,0.25309367688600104
seg_2143,52.392317,-0.72763,0.8588482408307422,speed_bump,20000,0.11897623573433369
seg_2144,53.546142,-1.146666,0.8139672182214167,speed_bump,20000,0.2703991218838956
seg_2145,54.689998,-1.620745,0.861153433757097,speed_bump,20000,0.24479446022599327
seg_2146,54.884506,-1.745483,0.8758327016263876,lighting,50000,0.16785891773866274
seg_2147,51.363684,1.044002,0.897937969951561,signage,30000,0.252760570466048
seg_2148,51.618028,-0.836488,0.8223357068929539,signage,20000,0.2456597730681318
seg_2149,54.890448,-1.457676,0.8133546674501767,signage,20000,0.22017824530167712
seg_2150,53.115315,-3.306697,0.8774480553157286,lighting,30000,0.21169623468116888
seg_2151,53.758429,-3.028361,0.8835513828170589,lighting,30000,0.2469406977799171
seg_2152,50.942981,-2.701263,0.9005900947126997,signage,20000,0.2998519803410909
seg_2153,51.875143,0.63658,0.7661692490229268,speed_bump,50000,0.21571044986317706
seg_2154,51.513663,-0.120149,0.8816469077358114,signage,30000,0.26174357435244955
seg_2155,53.546428,-1.317203,0.8246663158858705,speed_bump,20000,0.24885474346311656
seg_2156,54.585781,-1.331194,0.8649509167632634,speed_bump,50000,0.27116168040676514
seg_2157,51.433605,-0.268176,0.8046313020732515,speed_bump,50000,0.29090497227682766
seg_2158,51.244556,-0.729328,0.9302866342873385,signage,20000,0.13861664149216305
seg_2159,53.866714,-2.369345,0.8390986076876861,speed_bump,20000,0.13309192727902325
seg_2160,52.417711,-1.458283,0.8705563897472253,signage,20000,0.21727036568298017
seg_2161,52.46148,-2.08633,0.8716190982067766,lighting,50000,0.18985901257730087
seg_2162,52.44963,-1.872983,0.8943914771724963,speed_bump,30000,0.21414453858383384
seg_2163,51.595087,-0.626592,0.7457122295847912,signage,50000,0.25960854689710167
seg_2164,53.459263,-2.227689,0.8341441331600754,signage,30000,0.2863428960098493
seg_2165,57.683566,-4.281948,0.7480758473680846,signage,30000,0.18348316503971163
seg_2166,52.997267,-2.184399,0.8392933644402285,lighting,30000,0.2435865291087249
seg_2167,53.226766,-1.434496,0.8529187412103224,signage,50000,0.13935983756828188
seg_2168,53.427886,-2.725076,0.8139672182214167,signage,30000,0.2069103898709047
seg_2169,56.275106,-3.742185,0.8748687358116625,signage,50000,0.10436095555610399
seg_2170,51.322091,0.543114,0.7882541265779204,lighting,50000,0.2007501134266194
seg_2171,55.900266,-4.142985,0.9241415840835857,signage,50000,0.20906729182509998
seg_2172,51.621523,-1.445715,0.8224026216185021,signage,50000,0.24708906715566625
seg_2173,52.637512,-1.101724,0.8705715289236796,signage,30000,0.22989695804139834
seg_2174,51.50208,-0.513693,0.7028480798733733,lighting,20000,0.17167934686116032
seg_2175,50.988208,-0.685197,0.7629688389471555,signage,30000,0.10114618014262428
seg_2176,51.257302,-0.086344,0.863666018817732,lighting,50000,0.1230971747245898
seg_2177,52.597968,1.730532,0.8690513646590824,speed_bump,50000,0.29461213070349046
seg_2178,51.078972,-4.056276,0.8241931158511356,speed_bump,30000,0.2844666316630612
seg_2179,50.813751,-0.370843,0.8800368254623406,speed_bump,20000,0.16501863261622907
seg_2180,54.952184,-1.505531,0.7952719040728745,signage,30000,0.15177058798477755
seg_2181,53.798935,-1.549164,0.8757333617299232,lighting,50000,0.1872832587380075
seg_2182,50.393341,-3.524135,0.8606370555323578,speed_bump,20000,0.23798800592241456
seg_2183,55.017812,-1.42568,0.9371175161394518,speed_bump,20000,0.17136553453159473
seg_2184,51.593167,-0.234249,0.8705715289236796,speed_bump,20000,0.11345876954623112
seg_2185,52.202845,-2.241699,0.8816469077358114,lighting,50000,0.18055901848887929
seg_2186,53.859614,-0.450429,0.8313896944175465,lighting,30000,0.15211779889628638
seg_2187,53.906882,-1.526118,0.7400982571847969,lighting,20000,0.16498600224224236
seg_2188,51.869842,0.165002,0.8705563897472253,speed_bump,20000,0.13259144915746088
seg_2189,53.551157,-2.183882,0.8657379100776147,speed_bump,20000,0.2317680138891295
seg_2190,51.430449,-2.604985,0.8816469077358114,speed_bump,30000,0.20532618664904498
seg_2191,52.439168,1.469085,0.7994416859506625,speed_bump,50000,0.15417262345907085
seg_2192,52.578613,-1.971928,0.8680642954332026,lighting,30000,0.21077249626124828
seg_2193,54.947738,-1.642131,0.8391588094119623,lighting,50000,0.19854156943344758
seg_2194,52.943531,-1.033117,0.8131377365002426,speed_bump,50000,0.25919497131320557
seg_2195,51.545153,-0.141498,0.8770849122089348,signage,50000,0.2911968538680403
seg_2196,55.011202,-1.565258,0.8734197448581773,lighting,20000,0.1261341017957312
seg_2197,51.922762,0.201436,0.84578093746394,signage,50000,0.27678269578159653
seg_2198,54.528143,-1.294124,0.8384429601151482,speed_bump,20000,0.2409593876569804
seg_2199,51.315597,-2.427127,0.7400982571847969,lighting,30000,0.23851070905958097
seg_2200,51.512546,-0.001585,0.8597042032991686,speed_bump,50000,0.17486017942849447
seg_2201,53.703977,-2.324442,0.7808786086219821,lighting,20000,0.16878163909298421
seg_2202,52.513977,-1.453858,0.8680095281251984,lighting,20000,0.1011278969645034
seg_2203,53.005607,-1.134242,0.8670132071594837,speed_bump,20000,0.2964409749274616
seg_2204,53.705985,-1.654569,0.8729486585462318,speed_bump,20000,0.22130116647460973
seg_2205,51.456299,0.011358,0.8705715289236796,signage,30000,0.1804657247847851
seg_2206,53.588129,-2.46589,0.8943914771724963,lighting,50000,0.2087537643784357
seg_2207,52.474469,-1.899854,0.885653777518426,signage,20000,0.1081054068192525
seg_2208,53.130775,-1.257001,0.8849077589639955,lighting,30000,0.13473019105833378
seg_2209,53.810834,-1.744677,0.8716190982067766,lighting,50000,0.22467198499268048
seg_2210,51.553227,-0.376581,0.8775397761816214,signage,50000,0.20285234593672402
seg_2211,54.009098,-1.407417,0.8109533763992033,signage,20000,0.2574149645855266
seg_2212,52.525712,-2.177728,0.8199515801242754,speed_bump,30000,0.2317485380890674
seg_2213,51.550631,-0.28263,0.8662479861618091,lighting,20000,0.22028713519587745
seg_2214,51.191935,-0.601833,0.8716190982067766,lighting,20000,0.2630531408610627
seg_2215,53.391811,-2.024214,0.7503751733214675,speed_bump,20000,0.11365262111038013
seg_2216,50.402971,-4.102302,0.8242042390059865,speed_bump,30000,0.23817735928625705
seg_2217,55.848915,-4.308079,0.8617569211990833,signage,20000,0.2431181426578031
seg_2218,51.748128,-0.336254,0.8833420383113613,lighting,20000,0.1550327099360022
seg_2219,51.416292,-0.14184,0.8952405861703664,lighting,20000,0.1391299272974789
seg_2220,52.472619,-2.031472,0.8588932134924776,signage,30000,0.14277049509119982
seg_2221,51.378502,-2.293225,0.8454870711919236,lighting,30000,0.13962817268639885
seg_2222,53.524621,-1.131064,0.8500173076848866,lighting,30000,0.20475643818071892
seg_2223,52.871047,-1.361729,0.7371042937706236,speed_bump,20000,0.1271252622731657
seg_2224,52.414699,-1.778692,0.7997881169716813,speed_bump,30000,0.23185717228387007
seg_2225,51.373772,-0.05419,0.8265419511490008,speed_bump,30000,0.12101565178975392
seg_2226,53.430301,-2.538877,0.8201562677558243,signage,20000,0.10537792806205125
seg_2227,51.476704,-0.112456,0.8856512868004818,signage,50000,0.16385804848917424
seg_2228,51.420645,-0.161224,0.8775397761816214,lighting,50000,0.13837194474660822
seg_2229,51.590638,-0.117842,0.8502186751804309,signage,30000,0.2977324110820164
seg_2230,51.020375,-4.203933,0.877463559424302,speed_bump,30000,0.16059926012344347
seg_2231,51.462745,0.105221,0.8759873080403942,lighting,50000,0.14441281720510274
seg_2232,53.288682,-3.577972,0.8734197448581773,signage,30000,0.1393539646998429
seg_2233,52.457238,-4.04233,0.8466088126804919,lighting,30000,0.17477058096069806
seg_2234,51.580958,-0.211917,0.8600232219846694,speed_bump,30000,0.22116977906631557
seg_2235,51.579868,-0.119153,0.858249452909064,signage,20000,0.25638905500925646
seg_2236,51.442115,0.366325,0.8476572874844607,lighting,50000,0.17291524954861368
seg_2237,54.660264,-1.194791,0.8222996403273817,lighting,20000,0.22519419600855786
seg_2238,53.190024,-3.051978,0.8223357068929539,speed_bump,20000,0.19641197965587748
seg_2239,53.549274,-2.254735,0.8247430415189133,signage,50000,0.2692990692506797
seg_2240,53.628748,-1.239964,0.6528295561655598,lighting,30000,0.21380835543168702
seg_2241,53.721606,-0.455508,0.8797431333289853,speed_bump,30000,0.15797833437582004
seg_2242,52.450722,-1.312628,0.8090127512917793,speed_bump,20000,0.24071745143565118
seg_2243,50.410081,-4.425507,0.8247430415189133,lighting,20000,0.2640128976045991
seg_2244,51.50055,-0.19331,0.8692644364159976,signage,50000,0.193088131352793
seg_2245,52.224532,-0.985126,0.9034728344227032,signage,30000,0.2974394477764638
seg_2246,53.660088,-2.178197,0.8694049066209935,speed_bump,20000,0.27581937583826266
seg_2247,51.634987,-0.513832,0.8347322998964722,lighting,50000,0.1393909339330983
seg_2248,51.292105,0.517105,0.8523309240348236,lighting,30000,0.25735117443124744
seg_2249,53.803841,-3.02598,0.8714086405812678,speed_bump,50000,0.2201902488699532
seg_2250,52.48187,-1.944159,0.8703242259405367,speed_bump,30000,0.20696225956156694
seg_2251,51.906434,-0.425834,0.8778270788896069,speed_bump,30000,0.20278771731591366
seg_2252,53.429427,-2.55503,0.8538047437167354,lighting,50000,0.2706822285564858
seg_2253,53.393841,-2.862399,0.8423241815073486,speed_bump,50000,0.2221745577806897
seg_2254,55.605327,-2.876768,0.8032216953928162,lighting,20000,0.20754119701074675
seg_2255,52.631646,1.425917,0.7472144213444974,signage,50000,0.10977198135160982
seg_2256,53.800015,-2.925175,0.768588410970976,signage,50000,0.1896605739517115
seg_2257,51.365903,-0.089721,0.8708335542211875,speed_bump,30000,0.28160831240910156
seg_2258,53.031957,0.114496,0.8205506417074031,lighting,20000,0.24234734586892379
seg_2259,51.51755,-0.080355,0.8952405861703664,signage,20000,0.11019079561123069
seg_2260,51.406777,-0.486879,0.832988474289404,lighting,20000,0.27679845643020845
seg_2261,52.607117,1.723657,0.8905278843155824,signage,20000,0.26533344427541083
seg_2262,53.581132,-2.770443,0.770958936787228,lighting,50000,0.2093368423139056
seg_2263,52.617971,1.737998,0.8791670636904769,speed_bump,50000,0.10448109303645631
seg_2264,50.638738,-4.363715,0.8583168233323262,lighting,30000,0.2124859236067601
seg_2265,51.138269,-2.866595,0.7652398279570446,lighting,30000,0.11091780998528522
seg_2266,51.2515,-0.58971,0.8694049066209935,signage,50000,0.16407579192749608
seg_2267,51.489935,-0.195479,0.8753978147836918,signage,30000,0.22578192378054776
seg_2268,50.865346,-0.046873,0.7169781669398847,lighting,30000,0.28258261677643487
seg_2269,55.989568,-3.54327,0.8508048371475456,signage,30000,0.17155912745189575
seg_2270,51.272687,1.073829,0.8617569211990833,lighting,20000,0.27200475657669065
seg_2271,52.973825,-0.012859,0.777656520055848,lighting,20000,0.28367220208010324
seg_2272,50.544136,-3.628112,0.8327280305248103,lighting,30000,0.10420877609146287
seg_2273,51.516375,-0.13013,0.8565665462862913,speed_bump,50000,0.1478855675505063
seg_2274,52.053513,-1.219874,0.8194205884102485,lighting,20000,0.24197245984549975
seg_2275,51.582657,-0.164651,0.8687294422211866,speed_bump,20000,0.2513686086159097
seg_2276,54.86393,-1.499694,0.8452526653888068,lighting,20000,0.1784833700434108
seg_2277,50.720754,-3.549647,0.8703242259405367,lighting,50000,0.231350922554571
seg_2278,55.834776,-4.256296,0.8705563897472253,speed_bump,30000,0.22243172347240703
seg_2279,53.35618,-2.490673,0.8127798839300624,signage,30000,0.24795499232021198
seg_2280,51.502727,-3.175767,0.8272714724151042,signage,30000,0.24373168554902436
seg_2281,56.190674,-3.203492,0.8708335542211875,speed_bump,20000,0.11717415959807227
seg_2282,52.644509,-1.199941,0.863272061515068,lighting,50000,0.1316500361880122
seg_2283,52.535406,-1.179221,0.863666018817732,signage,20000,0.1265454294518632
seg_2284,56.104468,-3.337952,0.8628995164077061,signage,20000,0.2864960139685638
seg_2285,50.779955,-1.08384,0.8222320932880077,signage,50000,0.28270852967059784
seg_2286,51.393539,-0.240797,0.8650077810790384,signage,30000,0.25948245391939395
seg_2287,51.452582,-0.088983,0.896031477621039,signage,20000,0.12334371213519187
seg_2288,51.437807,-0.09492,0.9540219377155768,signage,30000,0.21485429398391717
seg_2289,53.49647,-2.273412,0.8523309240348236,speed_bump,20000,0.13744612521797028
seg_2290,51.754922,0.486581,0.880332736166794,speed_bump,50000,0.1736767875117605
seg_2291,51.747622,0.500631,0.8856512868004818,lighting,50000,0.1534182553274826
seg_2292,52.476052,-0.939595,0.8955844938953103,lighting,20000,0.26578619629749317
seg_2293,51.240793,-0.013101,0.8224694584429251,signage,30000,0.12889027990385465
seg_2294,53.373921,-1.226922,0.8285705129119834,signage,20000,0.22923583372201514
seg_2295,51.436574,-2.555735,0.8685316766222858,signage,30000,0.29677893275523337
seg_2296,52.585326,-1.829493,0.8721173266738097,lighting,20000,0.2374109166507267
seg_2297,51.872888,-4.136175,0.7223510335780026,speed_bump,20000,0.11584669780139195
seg_2298,53.623968,-1.671266,0.8312628952692926,lighting,30000,0.28156990039250496
seg_2299,51.710192,-0.120554,0.8350725275558416,signage,50000,0.22861593553791923
seg_2300,56.156199,-3.109211,0.8244407258020671,lighting,50000,0.1912621959210407
seg_2301,54.442126,-1.669683,0.8199515801242754,lighting,20000,0.2319384957082237
seg_2302,50.823484,-0.143469,0.8606370555323578,speed_bump,50000,0.27580886609452737
seg_2303,53.480904,-2.887521,0.8423394584180989,signage,20000,0.19542544558304986
seg_2304,53.262366,-1.435076,0.8767053221107842,signage,50000,0.20626429656244583
seg_2305,52.602053,0.372402,0.887007141059882,lighting,20000,0.19048947984359071
seg_2306,51.013514,-4.214373,0.8687294422211866,lighting,30000,0.11451828526473305
seg_2307,51.824725,-2.511295,0.8820470212100398,lighting,20000,0.25741402538547165
seg_2308,55.961118,-3.228396,0.8849077589639955,lighting,50000,0.1252823487283678
seg_2309,51.883463,0.88732,0.8659222049573487,speed_bump,20000,0.17891400205766206
seg_2310,55.030618,-1.633849,0.8266420517280454,lighting,50000,0.17736456912154583
seg_2311,52.463857,1.730097,0.8476572874844607,lighting,20000,0.15600815841734758
seg_2312,51.74994,-1.256985,0.8597042032991686,speed_bump,30000,0.18050142517888368
seg_2313,53.742012,-2.02207,0.8233185719931672,lighting,20000,0.2236018220764857
seg_2314,52.512305,-3.317766,0.8976717548183893,lighting,50000,0.16227746244154234
seg_2315,57.332878,-2.241206,0.8760832981408552,lighting,30000,0.1345023875396553
seg_2316,54.292106,-1.340309,0.8038159685958967,lighting,50000,0.27387350210145334
seg_2317,53.737191,-0.355975,0.8805725732453946,speed_bump,50000,0.2941665299714271
seg_2318,53.792463,-1.771961,0.8592164292102253,signage,30000,0.19171676477526411
seg_2319,51.671609,-3.218647,0.8680650198970753,signage,20000,0.16540394246891715
seg_2320,53.472626,-1.456393,0.871318134225059,lighting,20000,0.10949641555564588
seg_2321,51.571977,-0.230452,0.8221564333758742,lighting,20000,0.10737030812201064
seg_2322,51.506544,-0.214832,0.8588482408307422,speed_bump,50000,0.1785763991290804
seg_2323,51.564707,0.20415,0.880118507542614,speed_bump,50000,0.28604840366019313
seg_2324,50.904672,-1.635155,0.7520616180421834,signage,30000,0.24614170868031288
seg_2325,53.250367,-3.495621,0.8493285407266689,signage,50000,0.169853883774155
seg_2326,52.467589,-3.254601,0.8194205884102485,speed_bump,20000,0.29360928503641215
seg_2327,51.792994,0.644344,0.8749265399522802,lighting,50000,0.18575158065114614
seg_2328,50.744975,-1.878356,0.832988474289404,lighting,30000,0.15535854879492914
seg_2329,53.003614,-1.180949,0.8131377365002426,lighting,20000,0.18527064894487144
seg_2330,51.671031,-4.721552,0.8549305794349114,lighting,20000,0.14230864539676655
seg_2331,52.533834,-0.319212,0.7867573484746397,signage,30000,0.2771277540401591
seg_2332,53.733078,-0.38206,0.8617569211990833,lighting,30000,0.17223466208353805
seg_2333,52.893648,-1.622713,0.802720937702115,signage,20000,0.23159379289886428
seg_2334,51.559987,-0.33912,0.8828627271165255,speed_bump,30000,0.1778094397654327
seg_2335,53.426152,-2.722098,0.9078897111892202,speed_bump,20000,0.28034628359279246
seg_2336,52.585126,-2.002078,0.8849077589639955,speed_bump,50000,0.22847615034312602
seg_2337,50.943042,-1.443573,0.858249452909064,signage,30000,0.1976503780562599
seg_2338,51.526075,0.073829,0.8208938905822676,lighting,20000,0.1264285938362677
seg_2339,52.477563,-1.849934,0.8547121191250873,lighting,30000,0.28038333257044085
seg_2340,51.412366,-3.261307,0.8849077589639955,speed_bump,50000,0.20936337365435417
seg_2341,51.28273,1.0887,0.7817347507726844,speed_bump,30000,0.1570105945922835
seg_2342,51.450158,-0.122618,0.8702621254243045,speed_bump,50000,0.27558537836334085
seg_2343,53.407827,-2.163708,0.8617569211990833,signage,30000,0.11088808547888157
seg_2344,50.93962,-0.998125,0.8680650198970753,speed_bump,50000,0.16281538346591434
seg_2345,50.719988,-3.491811,0.8888831607833779,lighting,20000,0.2073656802404295
seg_2346,51.407733,0.016847,0.9061185220416524,lighting,20000,0.1679628672086586
seg_2347,53.367939,-0.003249,0.847321305094941,signage,30000,0.19534685107577154
seg_2348,53.70487,-1.795309,0.8732036702766863,lighting,50000,0.15286325046619678
seg_2349,50.750836,-1.847726,0.8547121191250873,speed_bump,50000,0.12601661818657944
seg_2350,55.861392,-4.269949,0.8704372332643087,speed_bump,50000,0.10737082772337035
seg_2351,52.246191,-0.85632,0.8338604237088112,signage,50000,0.13152931298242837
seg_2352,52.683174,1.238612,0.7659837115959455,signage,30000,0.2905893028049623
seg_2353,53.56459,-2.237766,0.8417304384346448,speed_bump,20000,0.21508062666734767
seg_2354,53.480547,-2.911021,0.8608213997124884,lighting,50000,0.1977920250555903
seg_2355,53.724723,-1.669572,0.7714100760744074,speed_bump,30000,0.17686476786114172
seg_2356,51.53489,-0.895286,0.8435406506619411,speed_bump,20000,0.24168402919667706
seg_2357,52.513184,-2.095229,0.8867249781439189,lighting,20000,0.12825189518121866
seg_2358,52.672158,1.323594,0.7629688389471555,speed_bump,50000,0.1552259735305327
seg_2359,52.032001,-0.724669,0.8724948757403926,lighting,20000,0.23118042393275054
seg_2360,52.576559,-1.215788,0.845594616165035,speed_bump,20000,0.19581287291704558
seg_2361,51.642115,-3.024733,0.8813928062646859,signage,50000,0.2540185077918177
seg_2362,51.51444,0.003397,0.8808082674952109,signage,20000,0.27942196879133063
seg_2363,53.424131,-2.934526,0.8659373966004928,lighting,20000,0.26467451827413124
seg_2364,50.846565,-0.39598,0.8835513828170589,signage,50000,0.1368415428521464
seg_2365,51.265538,0.596939,0.8280132823277481,lighting,30000,0.1182940471053957
seg_2366,54.822694,-1.730397,0.8151207191698444,speed_bump,50000,0.1338881201090097
seg_2367,53.284983,-2.394908,0.8387455187314052,lighting,30000,0.2567061383200461
seg_2368,52.576532,-0.223774,0.8659373966004928,lighting,20000,0.28276621789854206
seg_2369,53.56799,-0.074511,0.8847686443381488,lighting,20000,0.2850897735407715
seg_2370,51.741787,-0.197172,0.8046313020732515,lighting,50000,0.15964315787408911
seg_2371,51.214871,1.360713,0.8718228826828031,signage,20000,0.2680682756027116
seg_2372,51.817674,-0.802785,0.8849077589639955,lighting,30000,0.20724710700441934
seg_2373,51.35129,-0.887789,0.8280132823277481,speed_bump,30000,0.2645583696696414
seg_2374,54.547142,-1.332135,0.8609027621681186,signage,30000,0.2096729684760002
seg_2375,52.51051,-1.076466,0.8242345204645491,signage,50000,0.12917864395582362
seg_2376,51.399308,-0.302681,0.8588932134924776,signage,30000,0.11584391021461948
seg_2377,52.446419,-0.164267,0.8591892891907902,lighting,30000,0.2914438298418679
seg_2378,53.954179,-1.071883,0.8716138471852003,signage,30000,0.18516051128631578
seg_2379,52.632169,-1.145053,0.9281330788399541,speed_bump,30000,0.17010412897946356
seg_2380,51.242117,-0.543149,0.8734197448581773,lighting,50000,0.17126061695366207
seg_2381,52.574423,-1.336976,0.8821695957400528,speed_bump,20000,0.1757868822950944
seg_2382,51.495257,-0.907193,0.8012140665037246,signage,20000,0.28899936557886763
seg_2383,55.702162,-3.971874,0.7791163621465778,speed_bump,30000,0.11254091748063517
seg_2384,53.586087,-2.663579,0.8498948661406653,lighting,30000,0.12381225747645984
seg_2385,51.151638,0.328235,0.8198253214397685,signage,20000,0.25793030309636983
seg_2386,52.586437,-1.98565,0.8856512868004818,signage,50000,0.20988189826802772
seg_2387,53.386252,-2.697455,0.754196820524327,signage,30000,0.1257073515921904
seg_2388,52.563722,-1.880177,0.8505502618683282,signage,20000,0.10689202735566727
seg_2389,52.150333,1.373748,0.8413212652936808,signage,50000,0.14484686965584548
seg_2390,54.016083,-0.441262,0.761531388628523,speed_bump,50000,0.1521621475420542
seg_2391,50.85558,-0.57796,0.7699120437104444,lighting,30000,0.1028426059149284
seg_2392,51.621835,-3.90491,0.8502186751804309,speed_bump,20000,0.14321810766743867
seg_2393,52.371953,-1.270496,0.8650077810790384,lighting,20000,0.24766378739047992
seg_2394,54.483985,-0.621399,0.877893402574257,speed_bump,30000,0.27108673792740073
seg_2395,53.12085,-2.064369,0.7223510335780026,speed_bump,20000,0.27964716595394357
seg_2396,53.698758,-1.857288,0.8288134167385981,signage,30000,0.17798280652870868
seg_2397,53.510033,-1.334828,0.8372817916476127,lighting,20000,0.16388274518071153
seg_2398,50.107529,-5.569363,0.8216058468014436,lighting,20000,0.29997216964157747
seg_2399,51.88302,0.913684,0.8588932134924776,signage,30000,0.2538680901843178
seg_2400,52.039476,-0.736434,0.8778270788896069,lighting,50000,0.20747041618151085
seg_2401,50.895758,-1.364153,0.8691380290833993,speed_bump,50000,0.15095428653787932
seg_2402,51.226577,-0.66751,0.8362290517233468,signage,20000,0.16426109057702093
seg_2403,54.680929,-1.220114,0.8912893786170506,speed_bump,20000,0.20307286976587743
seg_2404,51.467069,-0.369275,0.8858534684033869,speed_bump,30000,0.2084165839581501
seg_2405,52.709998,1.180317,0.8126409294121661,signage,30000,0.10273572885473557
seg_2406,54.303492,-2.715175,0.8748687358116625,speed_bump,50000,0.2918800170542949
seg_2407,56.920198,-2.20989,0.7681449485015396,signage,50000,0.2151212494703127
seg_2408,50.706737,-2.09981,0.7032633907021514,speed_bump,30000,0.21783164888182666
seg_2409,52.485597,-2.12087,0.8736644109418091,lighting,20000,0.14229422675076384
seg_2410,53.59177,-2.304384,0.8912893786170506,speed_bump,20000,0.2529974357602496
seg_2411,50.826133,0.23847,0.8760311436499792,lighting,20000,0.24745290401836853
seg_2412,53.813508,-1.577595,0.7719814245748218,signage,30000,0.11903159468095281
seg_2413,51.422233,-0.283708,0.848027143895286,speed_bump,20000,0.21899887445198404
seg_2414,51.441237,-0.149749,0.8600232219846694,speed_bump,20000,0.23163874906597595
seg_2415,51.498293,-0.158101,0.8387206574974276,speed_bump,50000,0.26711363491477547
seg_2416,54.970619,-1.461971,0.8456495618667028,speed_bump,50000,0.14121823578354215
seg_2417,51.592446,0.032527,0.8912893786170506,lighting,30000,0.27552695936128113
seg_2418,55.87777,-4.326899,0.8509218628948447,lighting,50000,0.1922962143415191
seg_2419,53.686476,-1.50028,0.8429543539546722,speed_bump,50000,0.11930472386112896
seg_2420,52.967318,-1.616767,0.8246663158858705,lighting,50000,0.1211242443021752
seg_2421,51.656938,-3.99501,0.8109533763992033,signage,50000,0.1395608907346339
seg_2422,51.529337,-0.138848,0.8793426011109614,lighting,20000,0.1565501411970617
seg_2423,53.500579,-1.173813,0.8816469077358114,signage,50000,0.1992811608919599
seg_2424,54.984258,-2.154255,0.7652275555371805,speed_bump,50000,0.24975023954891198
seg_2425,53.346665,0.107655,0.770958936787228,speed_bump,50000,0.13734518040388646
seg_2426,55.920877,-3.142791,0.8694049066209935,lighting,30000,0.2985303588999073
seg_2427,51.241027,0.209557,0.8197954963348947,speed_bump,50000,0.13230438635406253
seg_2428,51.495453,-3.560363,0.8657379100776147,signage,50000,0.21987559354442948
seg_2429,52.902662,-0.665447,0.7531134551469991,lighting,50000,0.28578808717426796
seg_2430,53.778202,-2.488753,0.8605490860609336,lighting,50000,0.2665014845753654
seg_2431,51.536863,-0.198073,0.8718228826828031,speed_bump,50000,0.22957784033263198
seg_2432,51.353723,-0.038379,0.8525637441156347,lighting,30000,0.2430985993581797
seg_2433,51.956995,1.341647,0.8905278843155824,lighting,50000,0.12684112534107286
seg_2434,51.414896,-0.083077,0.846876582359446,speed_bump,30000,0.10193261075204965
seg_2435,51.196679,-0.615144,0.8842830087391433,speed_bump,50000,0.18682975687207454
seg_2436,51.651596,-0.179793,0.8559529077497536,speed_bump,50000,0.11790378526766061
seg_2437,51.013991,-1.683927,0.8575455369171597,signage,50000,0.17155051238256486
seg_2438,53.512514,-2.802826,0.8384429601151482,signage,30000,0.1447485587139475
seg_2439,52.477841,-1.856559,0.8623128444166132,lighting,30000,0.2832693444761485
seg_2440,51.717575,-2.525574,0.8194205884102485,speed_bump,20000,0.2760111998016115
seg_2441,51.112925,0.458914,0.7371042937706236,lighting,30000,0.2637885697062017
seg_2442,51.674747,-4.162418,0.8347322998964722,lighting,30000,0.2427888596827975
seg_2443,50.824801,-0.173381,0.8526331595520539,lighting,30000,0.1308143858208054
seg_2444,53.481689,-2.203397,0.8888831607833779,speed_bump,50000,0.10967348523983032
seg_2445,53.754321,-2.715823,0.8197954963348947,signage,50000,0.2307775715709385
seg_2446,52.307974,-0.689786,0.8628624605556141,signage,20000,0.22845162743501984
seg_2447,52.419788,-1.523104,0.8910725015393074,speed_bump,30000,0.1738848569508962
seg_2448,50.729676,-1.827959,0.8623531352830244,signage,50000,0.19453733328711942
seg_2449,53.194259,-2.893838,0.8683655710329284,lighting,50000,0.19782987764759785
seg_2450,51.568479,-0.098844,0.8265419511490008,signage,50000,0.14798562654930128
seg_2451,51.564072,-0.101071,0.8704372332643087,signage,50000,0.16283332238151718
seg_2452,51.516815,0.032617,0.8658487628611735,lighting,50000,0.1836779109327003
seg_2453,52.918467,-1.437482,0.8952405861703664,speed_bump,50000,0.22063580598231797
seg_2454,55.968801,-3.232966,0.8705715289236796,signage,30000,0.2911638412034785
seg_2455,55.85182,-4.277575,0.878119497358099,speed_bump,20000,0.207696921903808
seg_2456,51.623504,-0.103769,0.8687294422211866,signage,30000,0.2462327819086403
seg_2457,51.433125,0.009764,0.9469678863596634,signage,50000,0.2614002204791106
seg_2458,53.398551,-2.583053,0.8315525695957509,speed_bump,20000,0.12270162426171072
seg_2459,51.654736,-0.029022,0.8858534684033869,lighting,50000,0.2306249335107882
seg_2460,51.624243,-3.453681,0.8742517439241193,speed_bump,30000,0.19642214405088487
seg_2461,52.490666,-2.123373,0.8265419511490008,lighting,50000,0.21448618844957842
seg_2462,54.983683,-1.429762,0.8639093590313077,speed_bump,20000,0.10768338715380893
seg_2463,51.113671,-0.733636,0.813476322262668,speed_bump,50000,0.281243147309477
seg_2464,51.632153,-0.304695,0.8592105842438866,speed_bump,30000,0.29055682991509
seg_2465,51.754903,-1.254437,0.8816469077358114,lighting,30000,0.10069638473692236
seg_2466,51.53907,-0.36079,0.8547121191250873,lighting,30000,0.1425583184083022
seg_2467,52.452417,1.702303,0.8617569211990833,signage,30000,0.13603883474179
seg_2468,51.002877,-1.664905,0.8133546674501767,lighting,50000,0.2562609034559703
seg_2469,51.627462,-0.754286,0.8628624605556141,lighting,20000,0.21961601182236407
seg_2470,55.085658,-3.6481,0.8912893786170506,signage,50000,0.13546673265934633
seg_2471,51.490627,-0.546909,0.8628290227116686,lighting,50000,0.2627941910637721
seg_2472,51.432204,0.0913,0.8866175064016307,speed_bump,20000,0.1706949743611497
seg_2473,52.501335,-1.763526,0.8680650198970753,lighting,20000,0.19217137525862046
seg_2474,54.346975,-2.776082,0.7629332092145249,lighting,30000,0.1774613210641291
seg_2475,55.836671,-4.294736,0.8734197448581773,speed_bump,50000,0.2042760412882459
seg_2476,51.56647,0.676976,0.8577056716270393,speed_bump,50000,0.19602849376574505
seg_2477,54.972357,-1.558804,0.8628624605556141,lighting,50000,0.15491680053248852
seg_2478,52.514413,-2.058763,0.8659222049573487,lighting,50000,0.18491120749876805
seg_2479,52.455732,-1.862664,0.8347638843556687,lighting,30000,0.28166742997086003
seg_2480,51.385662,-0.772848,0.8520711678763669,speed_bump,30000,0.20057882729584903
seg_2481,50.864162,-0.997186,0.8718228826828031,signage,20000,0.2832772820844751
seg_2482,50.327573,-5.072892,0.7693748758259177,lighting,30000,0.21002540956359292
seg_2483,54.845072,-1.367869,0.8565034910565201,lighting,20000,0.2537634586528318
seg_2484,52.482751,-1.588497,0.8550252875604394,speed_bump,20000,0.15871826193194258
seg_2485,53.213711,0.201173,0.8163561861356071,speed_bump,50000,0.25808269800888156
seg_2486,53.243263,-0.940206,0.8032216953928162,lighting,50000,0.15286432259699712
seg_2487,54.874922,-1.370519,0.8888831607833779,lighting,30000,0.1039099943285946
seg_2488,51.136874,1.131591,0.8464127937714921,speed_bump,20000,0.1321457886355386
seg_2489,53.793412,-1.751736,0.8837427328729084,speed_bump,20000,0.10433057500640737
seg_2490,51.867389,-2.239325,0.8265419511490008,speed_bump,20000,0.2894125283782857
seg_2491,51.486517,-0.252345,0.8428887770525548,lighting,50000,0.29999540408353886
seg_2492,51.452535,0.243507,0.8592749349050915,signage,20000,0.2524460527239041
seg_2493,51.405966,-0.177198,0.8884273390348446,speed_bump,20000,0.12162563275031753
seg_2494,52.137834,-0.466757,0.8816271948307352,speed_bump,50000,0.2797890920665299
seg_2495,50.746529,-2.000961,0.8606370555323578,lighting,50000,0.24875523665322088
seg_2496,50.847053,-1.116873,0.8770782929461827,signage,50000,0.16644890308041757
seg_2497,53.754204,-0.35977,0.8690513646590824,signage,20000,0.2004555823617864
seg_2498,57.494872,-4.154005,0.7686420697851145,lighting,30000,0.23235186825239376
seg_2499,51.573647,-0.073806,0.8600651827956957,signage,20000,0.10481009513465425
seg_2500,51.527844,-0.127498,0.8680095281251984,signage,50000,0.20030818241997903
seg_2501,51.544043,-1.851438,0.8685316766222858,lighting,20000,0.24647908665099702
seg_2502,51.562438,-1.772178,0.8766272639129639,signage,50000,0.13764507437926657
seg_2503,53.401846,-1.503261,0.8705715289236796,lighting,30000,0.18875811469586662
seg_2504,51.580008,-0.018401,0.8733134666722852,lighting,50000,0.20650602583698663
seg_2505,52.395036,-1.976894,0.8879452702824493,lighting,30000,0.24711307439184643
seg_2506,50.390055,-4.100324,0.8704372332643087,speed_bump,20000,0.2928907421586215
seg_2507,51.571624,-0.433358,0.8864427423502513,speed_bump,50000,0.26965510960085826
seg_2508,51.577913,-2.989229,0.8692644364159976,speed_bump,30000,0.22430368404599005
seg_2509,51.458945,-0.115348,0.8721173266738097,lighting,30000,0.21672813496696186
seg_2510,51.515178,0.00761,0.8458254266406374,lighting,30000,0.22063733861453413
seg_2511,52.453245,-1.818084,0.9027889496451101,signage,30000,0.20903572853195473
seg_2512,50.706384,-1.489998,0.8731255427079982,signage,30000,0.11187257605178472
seg_2513,53.609979,-2.431489,0.8820470212100398,signage,20000,0.239659278917641
seg_2514,53.747211,-0.34659,0.8888831607833779,lighting,20000,0.2432673600259206
seg_2515,51.753112,-4.118142,0.8600738595352132,signage,20000,0.20249607245340548
seg_2516,52.348429,-2.096126,0.8776040979237564,signage,20000,0.2740775210805086
seg_2517,51.46898,-0.328744,0.8429543539546722,speed_bump,50000,0.2344873605513357
seg_2518,52.87548,0.661356,0.8215922186327269,lighting,20000,0.1725329315714034
seg_2519,55.883448,-4.326119,0.8680095281251984,signage,20000,0.10393887071972685
seg_2520,51.525137,-0.055095,0.8179727196684982,speed_bump,20000,0.11183232929953602
seg_2521,51.538261,-0.369921,0.8639093590313077,lighting,50000,0.17035965232835726
seg_2522,52.610871,-1.091857,0.8759873080403942,lighting,30000,0.19242106503973655
seg_2523,51.547924,-0.300473,0.8910725015393074,speed_bump,20000,0.13337422390168502
seg_2524,51.647419,-3.851487,0.8761751202034328,lighting,30000,0.13786566128452643
seg_2525,51.67453,-0.376296,0.8197954963348947,lighting,20000,0.14604227175586726
seg_2526,51.891494,-0.485147,0.8775397761816214,speed_bump,20000,0.2561026679152545
seg_2527,52.54125,0.134155,0.8364108227637785,signage,20000,0.2542575681903543
seg_2528,53.498465,-2.077904,0.8523309240348236,lighting,50000,0.17658779708275577
seg_2529,56.45894,-2.970981,0.8597042032991686,speed_bump,20000,0.13447287631687915
seg_2530,51.622854,-0.104661,0.7829429769496291,signage,30000,0.12218167701269385
seg_2531,51.671103,-0.029034,0.8752296157453984,signage,50000,0.11742586240943464
seg_2532,52.457298,-1.823071,0.8705563897472253,signage,50000,0.17825585017987441
seg_2533,56.484133,-2.989161,0.8839035364841051,lighting,30000,0.10910848666422389
seg_2534,54.991286,-1.724736,0.8910725015393074,signage,20000,0.166727007425267
seg_2535,54.994934,-1.564496,0.8912893786170506,signage,30000,0.29230664850822746
seg_2536,51.518646,-2.638135,0.8198253214397685,lighting,20000,0.20150092312200774
seg_2537,55.858776,-4.261043,0.8780836571108344,speed_bump,30000,0.2645289313670378
seg_2538,53.375964,-1.393889,0.8685316766222858,speed_bump,20000,0.1258531891790798
seg_2539,53.502714,-2.486483,0.8228300438362112,speed_bump,30000,0.15361575648194098
seg_2540,55.847379,-4.038967,0.8704372332643087,lighting,30000,0.28930928890880175
seg_2541,54.582937,-1.304937,0.8438953416340625,signage,50000,0.17671037938680473
seg_2542,51.427723,-0.039695,0.8179727196684982,signage,30000,0.22968122568966445
seg_2543,51.605465,-0.331106,0.8815533516713843,speed_bump,50000,0.29522535583251786
seg_2544,51.600258,-0.306605,0.8354622839605819,signage,30000,0.2101575512661471
seg_2545,53.477514,-2.195497,0.8469240348609925,speed_bump,50000,0.1610691898457472
seg_2546,51.760176,-3.261413,0.7873448357085845,signage,30000,0.20638969119041245
seg_2547,51.354415,-2.382826,0.8662479861618091,speed_bump,50000,0.11092743986617187
seg_2548,51.548536,-0.004793,0.8583658519756138,speed_bump,30000,0.12247397481853824
seg_2549,50.853048,-1.166568,0.863272061515068,lighting,50000,0.10143422101045399
seg_2550,52.066509,-0.721155,0.7401157025716693,speed_bump,30000,0.2768420083130009
seg_2551,52.516453,1.236779,0.8372288063837818,lighting,30000,0.2342560857799191
seg_2552,51.499551,-0.129666,0.8778993593534077,lighting,30000,0.15966595302654962
seg_2553,51.991304,0.19562,0.8128633862045094,lighting,50000,0.14423228384146092
seg_2554,52.875161,-0.167312,0.7804542503151798,signage,30000,0.236615320231556
seg_2555,51.264917,-0.134665,0.8129241768498511,lighting,20000,0.2839064129570565
seg_2556,51.463906,0.090589,0.8685316766222858,signage,50000,0.15982781821042213
seg_2557,55.672065,-3.776985,0.8381674834063162,signage,50000,0.16431182187735635
seg_2558,51.693502,-0.25697,0.8199515801242754,lighting,20000,0.27084814503875454
seg_2559,53.58855,-0.401651,0.7629332092145249,speed_bump,50000,0.27867516317675045
seg_2560,51.56034,-0.377193,0.8462839349530258,speed_bump,30000,0.28280731336595566
seg_2561,52.619831,1.197947,0.7790587552067197,speed_bump,20000,0.15863084160133895
seg_2562,50.779935,-1.083129,0.8609027621681186,signage,30000,0.12406251351926978
seg_2563,52.223745,-0.936539,0.8200587631315033,speed_bump,50000,0.1879995143997084
seg_2564,53.480715,-2.248147,0.831894771985585,speed_bump,20000,0.15915297302823622
seg_2565,52.842634,0.84083,0.8215068110236207,speed_bump,50000,0.27677333336236715
seg_2566,54.577293,-3.430092,0.7652275555371805,signage,30000,0.10732698836070897
seg_2567,53.641489,-1.955799,0.7480758473680846,speed_bump,20000,0.22677609392725445
seg_2568,53.497469,-1.115986,0.8617915962109499,speed_bump,30000,0.28123627314962274
seg_2569,51.940116,1.265223,0.7480758473680846,signage,30000,0.2953340733612132
seg_2570,51.562141,-0.297342,0.8452526653888068,signage,50000,0.23002611985960864
seg_2571,54.201809,-1.359025,0.8273997600387248,signage,50000,0.28998459140447597
seg_2572,51.600247,-3.09305,0.8099908772747973,signage,20000,0.11513189252501346
seg_2573,53.76128,-2.795277,0.8445457845615582,speed_bump,50000,0.17185566919924794
seg_2574,53.699213,-1.389801,0.8232896132794008,signage,30000,0.10174293946534674
seg_2575,55.919277,-4.175417,0.8349153818688407,lighting,20000,0.29623675443816366
seg_2576,51.039197,0.504367,0.7371042937706236,lighting,50000,0.28054529575333986
seg_2577,53.400157,-2.949311,0.832988474289404,speed_bump,30000,0.10561051124964027
seg_2578,51.620454,-1.255779,0.8793426011109614,signage,30000,0.1036265300919532
seg_2579,52.990325,-1.22351,0.7280939538127603,speed_bump,50000,0.17339389882127323
seg_2580,55.376879,-1.73248,0.8308306518730301,speed_bump,20000,0.15170759335818035
seg_2581,52.918612,-1.473767,0.846394217087454,speed_bump,20000,0.26938645544850043
seg_2582,51.371512,-2.145261,0.863666018817732,lighting,50000,0.13209688065437247
seg_2583,53.544636,-1.439323,0.7973658158796644,speed_bump,20000,0.2581298925401715
seg_2584,53.725952,0.035781,0.8521511043442651,speed_bump,20000,0.21089193999813266
seg_2585,50.369852,-4.149164,0.832988474289404,speed_bump,20000,0.17547835428099756
seg_2586,52.413771,-1.597122,0.8868921871172672,speed_bump,50000,0.12914395234667575
seg_2587,50.859727,-0.973268,0.8841646566806944,lighting,20000,0.29953826119193416
seg_2588,51.23959,-0.571594,0.8326701886718421,signage,20000,0.22359722418430733
seg_2589,52.060466,-1.359053,0.8888831607833779,speed_bump,30000,0.18787644651359886
seg_2590,51.41947,0.794241,0.880118507542614,lighting,20000,0.17422551131054634
seg_2591,52.470615,-2.084467,0.8778270788896069,speed_bump,30000,0.28114564612617104
seg_2592,54.169151,-0.632298,0.8110709587816983,speed_bump,30000,0.2642383616381522
seg_2593,51.569373,-0.230698,0.8600232219846694,lighting,30000,0.26223715767364475
seg_2594,50.898005,-0.539694,0.7657617178232036,lighting,30000,0.22323969459247855
seg_2595,53.39859,-2.942809,0.8425227034682163,lighting,50000,0.27759131653916036
seg_2596,57.698165,-4.203486,0.838540589032759,speed_bump,30000,0.1598556744244141
seg_2597,51.874215,-0.417046,0.7803474256759896,signage,30000,0.24074122703265785
seg_2598,52.542276,-0.260108,0.8518715383148202,signage,20000,0.18088954847837851
seg_2599,51.328265,-2.54831,0.8131377365002426,speed_bump,20000,0.2199997617119384
seg_2600,52.955184,-1.156126,0.8742517439241193,signage,20000,0.29963060012253856
seg_2601,53.324956,-0.948093,0.8912893786170506,lighting,20000,0.2969049561350636
seg_2602,53.77879,-1.769214,0.9360058727989976,signage,20000,0.20252380329348962
seg_2603,51.503683,-0.820974,0.757610846459222,speed_bump,20000,0.21477269043296493
seg_2604,51.588629,0.498884,0.8786417551846124,signage,20000,0.27946435382746015
seg_2605,51.549004,0.626039,0.8606370555323578,signage,20000,0.29712714250277095
seg_2606,52.429602,-1.231901,0.7876955104450256,speed_bump,30000,0.25572156052521594
seg_2607,51.889781,-1.205857,0.8201562677558243,lighting,20000,0.11303689159172614
seg_2608,54.981581,-1.636002,0.8600651827956957,speed_bump,20000,0.16452794686877278
seg_2609,53.037497,-1.219829,0.8994566484548726,signage,20000,0.27931246798406156
seg_2610,53.483051,-1.186963,0.8775397761816214,signage,20000,0.2536705011700961
seg_2611,52.548041,-2.094277,0.8221564333758742,signage,20000,0.24844661420488542
seg_2612,51.65959,-3.820753,0.8032216953928162,lighting,30000,0.2335846460936282
seg_2613,53.39192,-2.972061,0.8754808237149692,speed_bump,30000,0.1830527699264767
seg_2614,52.520766,-1.802913,0.8452526653888068,lighting,50000,0.18064826406894036
seg_2615,51.530852,0.04247,0.8277620933002683,signage,30000,0.2617864975181602
seg_2616,53.752035,-2.491331,0.8769274953689701,signage,30000,0.15875605835301418
seg_2617,53.928157,-1.097772,0.8215068110236207,lighting,50000,0.23696637454019467
seg_2618,53.26126,-3.209044,0.8835513828170589,speed_bump,20000,0.2452417046847913
seg_2619,52.113532,-1.943306,0.7569834027852395,signage,50000,0.2689111978723058
seg_2620,51.416669,0.069736,0.8539210677952933,signage,50000,0.16397711814140314
seg_2621,52.949971,-1.845923,0.8133546674501767,speed_bump,30000,0.24837785336764043
seg_2622,52.637481,-1.080075,0.8662479861618091,lighting,50000,0.12129797951573738
seg_2623,51.274123,-0.749864,0.8808082674952109,signage,20000,0.12761234579038094
seg_2624,51.461057,-0.331917,0.8906276485443786,signage,50000,0.1834672080346803
seg_2625,52.53519,-2.424298,0.8817205883653086,speed_bump,30000,0.11104515527104947
seg_2626,51.580855,-0.535372,0.8160748171164787,signage,20000,0.28953966429306766
seg_2627,53.136469,-1.218238,0.8606370555323578,lighting,20000,0.2803791621018721
seg_2628,55.856726,-4.20132,0.8726068452070586,speed_bump,50000,0.10978673910516863
seg_2629,51.087629,1.145359,0.8397229395794316,lighting,30000,0.2676623443784557
seg_2630,55.927314,-3.155944,0.7181839393249436,signage,20000,0.20177483481800507
seg_2631,52.479354,1.231844,0.7790587552067197,signage,30000,0.24039257767470998
seg_2632,51.37054,-0.366529,0.8831320409771359,signage,50000,0.27738623385963745
seg_2633,52.509371,-1.837154,0.8667538003488293,speed_bump,30000,0.21539489741553972
seg_2634,51.998187,-1.586298,0.770958936787228,lighting,20000,0.1232654200569259
seg_2635,53.08681,-3.05364,0.8600738595352132,lighting,20000,0.10051572209731725
seg_2636,51.590403,-0.103271,0.8597042032991686,speed_bump,20000,0.19938430645028932
seg_2637,53.456634,-2.119845,0.8857442443017308,signage,50000,0.289846426424872
seg_2638,55.908448,-3.136186,0.8105450666745875,lighting,50000,0.21452437432263916
seg_2639,51.588735,-1.748663,0.8633570835357935,signage,50000,0.17458782761764585
seg_2640,52.722591,-1.355459,0.863272061515068,lighting,30000,0.10618440341618268
seg_2641,51.596374,-1.10386,0.8650077810790384,speed_bump,50000,0.2829958834556401
seg_2642,51.266732,-1.081332,0.8953143711534668,lighting,30000,0.16543133217160844
seg_2643,51.536833,0.034662,0.7808786086219821,speed_bump,30000,0.24095548026301922
seg_2644,51.683841,-0.218427,0.8206054074323508,speed_bump,20000,0.23884744042229297
seg_2645,51.053583,-1.294693,0.8508048371475456,lighting,30000,0.15077663227374957
seg_2646,50.882097,0.214751,0.8508048371475456,speed_bump,30000,0.11275550129214507
seg_2647,52.583091,-0.259404,0.8728909250039701,signage,20000,0.1770000757343687
seg_2648,51.413737,-0.056376,0.8547121191250873,signage,30000,0.16342620276743997
seg_2649,51.126941,1.311864,0.8835513828170589,lighting,50000,0.24005127977446516
seg_2650,50.368547,-4.067105,0.8248604829701514,signage,30000,0.26395649913196784
seg_2651,55.642168,-4.763146,0.8805030066127716,signage,30000,0.14448908347833495
seg_2652,51.521615,-0.177341,0.8817205883653086,signage,20000,0.20564621395528845
seg_2653,51.406314,-0.064312,0.8858534684033869,speed_bump,20000,0.10812166947763234
seg_2654,53.079549,-0.935514,0.856821637326877,signage,20000,0.1428511645866924
seg_2655,55.947037,-3.509149,0.9334665162756332,speed_bump,20000,0.25235232106441663
seg_2656,53.736046,-2.97915,0.8211184457878278,lighting,50000,0.2586796640978145
seg_2657,53.748567,-0.347144,0.847321305094941,lighting,50000,0.25528089269036064
seg_2658,51.029104,-3.201533,0.8199515801242754,signage,30000,0.12847758499765402
seg_2659,52.515629,0.631757,0.9138359211201528,lighting,30000,0.21020694549368346
seg_2660,51.212955,-0.798965,0.8889401457343908,speed_bump,30000,0.18454168288867656
seg_2661,52.284863,-1.531475,0.8749265399522802,signage,30000,0.2982972593590181
seg_2662,53.763851,-1.700864,0.858705763764342,lighting,30000,0.2308139738116672
seg_2663,53.097355,-3.030001,0.7340889854084875,speed_bump,30000,0.28704041827914584
seg_2664,53.810983,-1.7304,0.8736644109418091,lighting,50000,0.12907006100168752
seg_2665,52.511014,-0.943395,0.8215068110236207,speed_bump,30000,0.1901746546200458
seg_2666,52.260094,-0.855582,0.8716190982067766,lighting,30000,0.2543215200211737
seg_2667,56.004899,-4.739077,0.8906276485443786,signage,30000,0.1735715456060805
seg_2668,55.934659,-4.065004,0.8185288984744804,lighting,20000,0.22650169923072933
seg_2669,52.492581,-1.98951,0.8617569211990833,signage,20000,0.20234043447473213
seg_2670,51.499518,-0.377334,0.8659373966004928,signage,20000,0.2983858818435985
seg_2671,52.568246,-2.17008,0.8716190982067766,signage,30000,0.1347745080130983
seg_2672,50.718819,-3.491783,0.8780836571108344,signage,50000,0.2870697390660255
seg_2673,51.439063,-2.534889,0.8831320409771359,lighting,50000,0.18031419076065935
seg_2674,53.162605,-2.861945,0.8409924742498484,signage,50000,0.1935985932754589
seg_2675,52.660663,-1.101841,0.8749265399522802,speed_bump,20000,0.20572037673799579
seg_2676,51.469717,-0.125415,0.8879122650106923,signage,50000,0.15307330988671597
seg_2677,55.829231,-4.274338,0.8718228826828031,signage,50000,0.2927314885221586
seg_2678,51.43352,-2.20128,0.8326701886718421,speed_bump,30000,0.28229744104695786
seg_2679,54.556981,-1.247546,0.8737645539068792,speed_bump,20000,0.2945810200422725
seg_2680,51.888898,-2.185086,0.9255708497892341,lighting,30000,0.2993839144419046
seg_2681,51.739813,-4.992242,0.7501977950494252,lighting,50000,0.2339600190361944
seg_2682,54.919837,-1.402582,0.7931540446420783,speed_bump,50000,0.19033709916114894
seg_2683,53.632002,-1.521491,0.8912893786170506,signage,30000,0.270146780299261
seg_2684,52.188052,-2.467473,0.8266393066773222,speed_bump,30000,0.10476097556726771
seg_2685,53.485626,-2.214117,0.858705763764342,speed_bump,30000,0.26688080894270066
seg_2686,52.574911,-0.241697,0.8748503009643289,lighting,20000,0.1994572048422013
seg_2687,52.588412,-0.248685,0.87144583096471,speed_bump,30000,0.23464400541668354
seg_2688,51.540273,0.074475,0.8759873080403942,speed_bump,20000,0.17480921226850152
seg_2689,50.965495,-3.280496,0.8628290227116686,signage,50000,0.17372463077336317
seg_2690,53.368076,-1.474407,0.858705763764342,signage,50000,0.10634343056217754
seg_2691,53.35991,-1.437843,0.8659222049573487,speed_bump,30000,0.18475788608580265
seg_2692,53.700553,-2.718546,0.8224694584429251,signage,30000,0.181670839083866
seg_2693,51.438975,-0.126243,0.8734197448581773,speed_bump,50000,0.14495822037361425
seg_2694,51.667655,-3.918546,0.7867573484746397,signage,30000,0.1494646547079535
seg_2695,51.526513,-0.281375,0.8609027621681186,speed_bump,50000,0.21682791608850233
seg_2696,52.361764,-1.952975,0.8486858418964262,lighting,30000,0.1635542885079006
seg_2697,52.195171,-3.981714,0.82927382386192,speed_bump,20000,0.26605038180345797
seg_2698,51.286273,1.020759,0.8339709375745882,lighting,20000,0.1222770213714133
seg_2699,51.491906,-0.09814,0.8662479861618091,lighting,20000,0.21552898931500872
seg_2700,51.430901,-0.40063,0.8817205883653086,signage,30000,0.13200894542782046
seg_2701,52.76308,-0.891584,0.8718228826828031,signage,30000,0.20564812538413174
seg_2702,50.840117,0.471614,0.8705563897472253,lighting,30000,0.21050917739006375
seg_2703,52.39436,-1.767772,0.8211184457878278,signage,20000,0.22845953730514582
seg_2704,52.216376,-2.787888,0.8314913126843041,lighting,50000,0.18548498945457875
seg_2705,55.079012,-1.554968,0.7371042937706236,lighting,30000,0.20189493702585087
seg_2706,51.075626,-0.295838,0.8690513646590824,signage,50000,0.13619052321625866
seg_2707,53.836484,-1.618333,0.8748503009643289,lighting,30000,0.19260306994726592
seg_2708,51.233728,-0.750081,0.8728909250039701,signage,30000,0.17460607781885812
seg_2709,54.630713,-3.530342,0.8637582653506912,signage,30000,0.23322622093088194
seg_2710,51.673587,-0.386165,0.9188163012820938,lighting,20000,0.1869643446992972
seg_2711,52.481817,-2.031361,0.8588932134924776,lighting,20000,0.25586833019604405
seg_2712,54.191402,-2.962447,0.8129716628394954,signage,30000,0.18519841971473844
seg_2713,53.756495,-1.59561,0.8680095281251984,speed_bump,50000,0.14715423459479174
seg_2714,51.538584,-0.252369,0.8728909250039701,speed_bump,20000,0.15473774379171693
seg_2715,53.573591,-2.427343,0.8597042032991686,speed_bump,30000,0.10905704501832732
seg_2716,52.324258,-0.070422,0.8716138471852003,speed_bump,50000,0.207983762120182
seg_2717,51.420699,0.132774,0.8733134666722852,signage,50000,0.26617617678006433
seg_2718,51.859609,-2.170444,0.8316624061757316,speed_bump,30000,0.253822341363514
seg_2719,55.81861,-4.191027,0.863272061515068,lighting,20000,0.1875578932676943
seg_2720,52.556441,-0.127813,0.831894771985585,speed_bump,20000,0.13922407102890244
seg_2721,51.154119,-0.603206,0.7657617178232036,signage,30000,0.27269688865949054
seg_2722,51.919599,-0.473041,0.8397229395794316,lighting,50000,0.11135620680901369
seg_2723,50.845244,-1.069181,0.8816271948307352,speed_bump,20000,0.1798445450404988
seg_2724,51.518435,-0.627989,0.8858534684033869,signage,50000,0.27132302847679024
seg_2725,52.312704,-0.676574,0.8759873080403942,speed_bump,50000,0.1786353374808393
seg_2726,51.574624,-0.42519,0.8820470212100398,lighting,20000,0.12357509415139199
seg_2727,51.642601,-3.938301,0.9668174340128153,lighting,30000,0.15318990006915922
seg_2728,51.281742,-0.5049,0.8464550951931616,speed_bump,20000,0.22000588834858967
seg_2729,51.44269,-0.355754,0.7469279071000132,speed_bump,50000,0.13040718153891417
seg_2730,51.453108,-1.324002,0.8772606126515836,signage,30000,0.23098706536847116
seg_2731,54.127603,-1.477389,0.7524084095354623,speed_bump,20000,0.18763238623984912
seg_2732,53.167316,-1.409399,0.846876582359446,signage,20000,0.16687790016410436
seg_2733,52.990037,-1.307687,0.8900829215516686,lighting,30000,0.14818509610463276
seg_2734,52.497523,-1.972569,0.9184446292181336,speed_bump,20000,0.26466599717134187
seg_2735,51.578222,-0.710995,0.8733134666722852,lighting,20000,0.1793347894926803
seg_2736,51.542477,-0.027243,0.8866175064016307,speed_bump,20000,0.24769585312124554
seg_2737,52.396058,-2.000984,0.8906276485443786,lighting,30000,0.18807103852747686
seg_2738,53.021226,-2.243177,0.847321305094941,speed_bump,50000,0.1183734373773559
seg_2739,53.31069,-2.706729,0.8090127512917793,speed_bump,30000,0.18810119503345207
seg_2740,50.64088,-4.093829,0.8469971082160745,lighting,20000,0.20153755594715278
seg_2741,51.738884,0.510712,0.8705715289236796,lighting,30000,0.19156843869867535
seg_2742,53.578542,-2.27077,0.7618986730307502,speed_bump,50000,0.2632483423496545
seg_2743,50.715175,-1.883678,0.8623531352830244,signage,20000,0.2821702698086058
seg_2744,50.834984,-4.175686,0.8298490558377805,lighting,20000,0.25735573504220677
seg_2745,51.501952,-0.190949,0.8760311436499792,speed_bump,20000,0.21655638044219194
seg_2746,51.521916,-0.111163,0.8265419511490008,lighting,50000,0.20828999211097815
seg_2747,52.341492,-0.597415,0.8455192908398169,signage,20000,0.2289232060247318
seg_2748,52.457891,-2.836197,0.8298368913967566,speed_bump,30000,0.1575660592878749
seg_2749,51.456572,-0.995628,0.8932702982300907,signage,50000,0.26236936922973697
seg_2750,51.429411,-0.171971,0.8705563897472253,lighting,30000,0.2713696355207322
seg_2751,55.871171,-4.240291,0.8589015036105728,lighting,30000,0.15344343263636612
seg_2752,53.41661,-3.025061,0.8659373966004928,speed_bump,20000,0.2805636416280155
seg_2753,51.738678,0.464214,0.8708335542211875,speed_bump,20000,0.2697465447983335
seg_2754,51.491114,-0.404573,0.8639093590313077,signage,20000,0.18489735349650205
seg_2755,53.728821,-1.502658,0.8550252875604394,signage,50000,0.2818000404185491
seg_2756,53.38844,-2.964388,0.8786417551846124,signage,20000,0.12408779876230164
seg_2757,54.887596,-1.724247,0.8364108227637785,speed_bump,20000,0.10559731184178008
seg_2758,51.241079,-0.170378,0.8694049066209935,speed_bump,50000,0.16957336511881088
seg_2759,52.933722,-1.934943,0.7865161384630973,speed_bump,30000,0.213087139765469
seg_2760,52.647829,0.70354,0.9231701508070607,lighting,30000,0.17028852290657323
seg_2761,54.710077,-1.429878,0.7846250996842846,speed_bump,50000,0.2884135467342719
seg_2762,53.209519,-4.094561,0.6928088884984457,speed_bump,30000,0.15094204581102902
seg_2763,51.51931,-0.10565,0.8800522573340586,lighting,50000,0.15624267871853578
seg_2764,52.484125,-1.84947,0.887007141059882,lighting,30000,0.226965522508971
seg_2765,53.054045,-2.171241,0.884697540133837,speed_bump,50000,0.10077277646834165
seg_2766,51.458866,-1.200259,0.8211184457878278,speed_bump,50000,0.24551141047091984
seg_2767,51.308992,-0.300707,0.858705763764342,signage,30000,0.17549389661863143
seg_2768,55.830228,-4.519382,0.8757333617299232,speed_bump,20000,0.2955495735286592
seg_2769,52.874281,-3.002867,0.7531134551469991,signage,50000,0.2382835186059497
seg_2770,51.467853,-3.181778,0.8815533516713843,speed_bump,20000,0.11044299101646862
seg_2771,55.001859,-1.534358,0.8791890505441367,lighting,20000,0.11852556174839474
seg_2772,56.169142,-3.969008,0.8201023360777607,lighting,30000,0.11763362138483172
seg_2773,52.501921,-1.950174,0.8751347832736022,signage,50000,0.2905244519783887
seg_2774,51.569812,-0.208768,0.8610747024180011,speed_bump,20000,0.23681030824351754
seg_2775,51.869183,-0.428029,0.8775397761816214,lighting,50000,0.18552120145778714
seg_2776,53.466912,-2.304857,0.8742517439241193,speed_bump,50000,0.1400965379760062
seg_2777,51.037577,-1.32834,0.8596390069818405,signage,50000,0.2747279492871606
seg_2778,51.578122,0.208119,0.8609027621681186,speed_bump,30000,0.14031118553426808
seg_2779,53.861955,-2.157933,0.8718228826828031,lighting,20000,0.24133584329516347
seg_2780,53.465549,-2.851687,0.8597538978723606,lighting,30000,0.2526648723090692
seg_2781,51.337842,-0.503563,0.8623531352830244,signage,20000,0.15893121777108166
seg_2782,51.685192,-3.341784,0.7659837115959455,signage,50000,0.20098294743412845
seg_2783,50.821116,-0.539964,0.8635707487738997,signage,30000,0.1445978564636788
seg_2784,53.257527,-2.123784,0.8589015036105728,signage,30000,0.1757859314910996
seg_2785,52.400158,-0.71197,0.8808265346153412,lighting,30000,0.2930268796560017
seg_2786,53.421596,-2.100485,0.7625835090407542,lighting,50000,0.23862760693088605
seg_2787,53.930668,-2.775929,0.7661692490229268,lighting,30000,0.269322841238103
seg_2788,53.559007,-2.126324,0.8716190982067766,lighting,50000,0.2081199142933482
seg_2789,52.684239,-1.954553,0.8592647795905549,signage,50000,0.14780794843027123
seg_2790,50.856856,-0.018099,0.8628290227116686,signage,50000,0.2425759713334387
seg_2791,52.231366,-0.866658,0.746735505299509,lighting,30000,0.20011359215811328
seg_2792,51.57163,0.436115,0.8750255375987566,signage,50000,0.13536977362141173
seg_2793,53.547036,-1.557087,0.754196820524327,speed_bump,20000,0.18248597792364205
seg_2794,52.747188,-3.091651,0.7501977950494252,lighting,20000,0.2269680438032612
seg_2795,51.539926,-0.300914,0.8659373966004928,signage,30000,0.24706637133644763
seg_2796,51.411654,-0.701507,0.8680650198970753,signage,50000,0.14864415917807033
seg_2797,54.845406,-4.465696,0.6790338896716206,speed_bump,20000,0.2751994678698662
seg_2798,55.959192,-4.92961,0.7428970677549007,signage,30000,0.1759102214149356
seg_2799,53.519611,-1.119899,0.8662479861618091,speed_bump,20000,0.15422734357854967
seg_2800,55.9002,-3.503331,0.8617569211990833,signage,30000,0.13902401109074497
seg_2801,51.552428,-1.871459,0.7400982571847969,speed_bump,20000,0.26083426688059475
seg_2802,51.343776,-0.062066,0.8783897232626303,signage,50000,0.1708329149932125
seg_2803,51.52227,-0.208163,0.880332736166794,lighting,50000,0.1966798055775869
seg_2804,52.451691,0.300286,0.8367746112821108,lighting,50000,0.14456396471277513
seg_2805,52.655041,1.29242,0.8882665819275385,signage,50000,0.2372182142337863
seg_2806,52.778813,-1.198963,0.8670132071594837,lighting,20000,0.2562066815104844
seg_2807,52.29258,-1.535821,0.8429543539546722,lighting,30000,0.16788504979066832
seg_2808,54.822463,-3.104403,0.8544745192343838,signage,20000,0.2890158770742804
seg_2809,53.564822,-0.07103,0.8839035364841051,lighting,30000,0.10612212191204723
seg_2810,51.391595,-2.307106,0.8518715383148202,speed_bump,30000,0.12658862065480808
seg_2811,53.796456,-1.535865,0.8778270788896069,lighting,50000,0.21775740631209817
seg_2812,51.960781,-4.26408,0.825928878043767,lighting,20000,0.24028137240967593
seg_2813,51.516502,-0.012078,0.9062801156768409,signage,50000,0.1501365979018118
seg_2814,54.335523,-2.739108,0.8906276485443786,lighting,30000,0.2108142193782697
seg_2815,53.431187,-2.215408,0.8759873080403942,lighting,50000,0.16367724940856254
seg_2816,55.943987,-3.207039,0.8888831607833779,signage,30000,0.21081784912431806
seg_2817,51.607726,-0.276,0.8866175064016307,signage,30000,0.2318655355528505
seg_2818,50.52973,-4.952158,0.8268135263306369,lighting,50000,0.2945616107138115
seg_2819,50.377151,-4.10765,0.8298368913967566,signage,50000,0.19113937200423675
seg_2820,54.931594,-2.746564,0.8505667460983232,speed_bump,20000,0.2296432080542761
seg_2821,50.55665,-2.442516,0.8302749903406541,signage,30000,0.21560784958398638
seg_2822,51.114806,-0.85233,0.8708335542211875,lighting,20000,0.16351097877751458
seg_2823,52.439311,-1.892578,0.8757333617299232,signage,30000,0.15061282633954406
seg_2824,51.51045,5.1e-05,0.7917963862192353,speed_bump,50000,0.2975741443489447
seg_2825,51.501664,-0.163173,0.8179727196684982,signage,50000,0.14137047234030306
seg_2826,53.52908,-2.281618,0.8588482408307422,speed_bump,20000,0.25805505341484736
seg_2827,51.574799,-0.086048,0.8667538003488293,signage,30000,0.1293174782041522
seg_2828,52.113981,-0.49703,0.8828627271165255,speed_bump,30000,0.26087025387225016
seg_2829,54.911619,-1.513043,0.8650077810790384,lighting,30000,0.1371456885979096
seg_2830,53.474213,-2.194808,0.8734197448581773,signage,20000,0.2934313288032334
seg_2831,50.35812,-4.090619,0.8734197448581773,signage,20000,0.23719753131490345
seg_2832,51.939645,-0.210928,0.8460296830081679,lighting,30000,0.11802364873516578
seg_2833,51.641558,0.057704,0.8749265399522802,speed_bump,30000,0.23863542389180217
seg_2834,53.404255,-3.070493,0.8588932134924776,speed_bump,50000,0.22072415255631037
seg_2835,53.741483,-0.374716,0.8749265399522802,speed_bump,30000,0.1675092493387917
seg_2836,51.618707,-3.122428,0.8816469077358114,signage,30000,0.15214719955134293
seg_2837,52.084311,-1.638624,0.8222320932880077,signage,30000,0.24375215634963043
seg_2838,55.00658,-1.606741,0.8828627271165255,lighting,50000,0.24827227458997317
seg_2839,54.54437,-1.329847,0.8816271948307352,signage,30000,0.16544116979050733
seg_2840,51.805714,1.198051,0.8680095281251984,speed_bump,30000,0.2752454221679007
seg_2841,51.080548,0.591987,0.8569069556931109,signage,20000,0.15376544377769824
seg_2842,51.89664,-1.151917,0.8831320409771359,signage,50000,0.11397288519496221
seg_2843,51.480646,-0.435182,0.8669347300158933,speed_bump,50000,0.21997356896551573
seg_2844,51.28417,-0.700846,0.8497432903987269,speed_bump,20000,0.12141411456632323
seg_2845,51.524512,0.225823,0.8239134581472277,speed_bump,30000,0.15533281285329706
seg_2846,51.523118,-1.156036,0.8480193730009533,signage,20000,0.20143727860968758
seg_2847,51.271296,-0.152413,0.7501977950494252,speed_bump,50000,0.15727192447145952
seg_2848,51.14353,-2.728027,0.8273997600387248,lighting,20000,0.14299926848400887
seg_2849,51.509263,-0.063122,0.8241931158511356,speed_bump,20000,0.24063708298113087
seg_2850,52.524216,-1.111185,0.7520405666686313,lighting,20000,0.2093998682804591
seg_2851,51.436588,-0.378579,0.8754808237149692,speed_bump,30000,0.2679522496500561
seg_2852,53.725133,-1.725191,0.8800522573340586,lighting,20000,0.21624791893109552
seg_2853,54.14365,-3.140301,0.8160748171164787,lighting,30000,0.19668944235475566
seg_2854,51.612715,0.094965,0.8338604237088112,signage,50000,0.15225127032215763
seg_2855,51.175783,-1.832712,0.8131377365002426,lighting,50000,0.25841317501825944
seg_2856,51.98627,-0.178777,0.8793426011109614,speed_bump,20000,0.13937420171287346
seg_2857,52.018325,-0.790149,0.8362290517233468,signage,20000,0.14844568219463206
seg_2858,54.0431,-2.855167,0.747481359699633,signage,20000,0.268317719350614
seg_2859,52.536807,-0.137054,0.7569834027852395,speed_bump,50000,0.24823850514584223
seg_2860,53.599282,-2.431985,0.8808198036802879,lighting,30000,0.2225746977959041
seg_2861,53.421599,-2.21885,0.8808082674952109,signage,30000,0.1077841061573147
seg_2862,53.835236,-1.775452,0.8849077589639955,signage,50000,0.12545152365694529
seg_2863,52.394397,0.263791,0.8754978334021959,speed_bump,30000,0.19999149203752192
seg_2864,56.141331,-3.910444,0.8735018943790293,lighting,20000,0.2492677846965782
seg_2865,57.643913,-3.219695,0.8578695143977896,lighting,30000,0.19282017283836467
seg_2866,51.414814,0.125021,0.8694049066209935,lighting,50000,0.10345860488295662
seg_2867,50.453277,-4.534227,0.856821637326877,lighting,20000,0.13685399973336435
seg_2868,53.760134,-2.705607,0.8831320409771359,signage,30000,0.2177533399240436
seg_2869,51.558223,-0.611691,0.8868857356145654,lighting,30000,0.23884341193759825
seg_2870,51.506473,-0.152151,0.8100287680447021,lighting,20000,0.10668566254238088
seg_2871,51.391589,-0.768695,0.9053637113135966,signage,20000,0.10866635069210007
seg_2872,52.728301,-1.386437,0.823716635805986,signage,30000,0.1522620230912726
seg_2873,50.969509,-4.173577,0.8206054074323508,lighting,30000,0.11670033907731299
seg_2874,55.620894,-4.487167,0.8888831607833779,speed_bump,20000,0.20838924643867293
seg_2875,51.129992,0.259424,0.858143413517776,speed_bump,30000,0.1247403963913361
seg_2876,53.794941,-1.752516,0.90649261722916,speed_bump,30000,0.2296438669802845
seg_2877,51.525026,-0.188593,0.8662479861618091,signage,30000,0.2554450638615174
seg_2878,54.333809,-1.439944,0.8110709587816983,signage,50000,0.29410333275042133
seg_2879,53.506577,-2.027559,0.8783897232626303,signage,20000,0.28968139232754286
seg_2880,53.851992,-1.544585,0.8470033716355547,lighting,30000,0.15467303004705563
seg_2881,53.843405,-0.415171,0.8354622839605819,lighting,20000,0.10588192052463458
seg_2882,50.728159,-1.924876,0.8888831607833779,speed_bump,50000,0.1658824432223536
seg_2883,51.357618,-0.697319,0.8508048371475456,lighting,20000,0.24169602374253066
seg_2884,51.534281,-1.294238,0.7673538935715557,speed_bump,50000,0.11196024185450787
seg_2885,51.371834,-0.100537,0.7454951255609104,lighting,20000,0.17194253153428574
seg_2886,53.706442,-1.627146,0.7817347507726844,signage,20000,0.1596069095093814
seg_2887,55.08463,-1.594227,0.8323012654909696,lighting,30000,0.14386912716379535
seg_2888,51.894007,-0.532332,0.8879549512917232,lighting,50000,0.24122615094606306
seg_2889,52.611935,-1.101657,0.8704372332643087,lighting,20000,0.2318194010048748
seg_2890,53.574233,-2.423574,0.8800368254623406,lighting,20000,0.20709881880686865
seg_2891,51.37306,-0.508249,0.8216058468014436,speed_bump,50000,0.28215492793631947
seg_2892,55.863105,-4.210792,0.8758327016263876,speed_bump,20000,0.1206277705460545
seg_2893,51.518663,-0.166792,0.748867034922395,signage,20000,0.12993784489562615
seg_2894,55.77242,-4.318065,0.8734197448581773,lighting,50000,0.17668993584388262
seg_2895,52.029874,-2.345859,0.8520711678763669,speed_bump,20000,0.2311764103725801
seg_2896,52.1869,0.999279,0.8708335542211875,speed_bump,50000,0.2168158584490824
seg_2897,52.88891,-1.289011,0.8775397761816214,speed_bump,50000,0.1148085374935864
seg_2898,53.303838,-1.127193,0.877893402574257,signage,50000,0.2916849607492935
seg_2899,50.841992,-0.165035,0.8659222049573487,lighting,20000,0.1610129632922783
seg_2900,55.094161,-1.569686,0.8692644364159976,speed_bump,20000,0.17179452275661877
seg_2901,53.771842,-1.516564,0.8721173266738097,signage,30000,0.2247259598086847
seg_2902,55.908016,-3.272309,0.8780836571108344,signage,30000,0.2890331034919469
seg_2903,53.833834,-2.214673,0.8904382627719408,speed_bump,50000,0.2325376478206544
seg_2904,51.514474,-0.148509,0.8761385089704191,speed_bump,30000,0.2909546659095408
seg_2905,51.159819,-0.794724,0.8628290227116686,signage,50000,0.13751822376409578
seg_2906,51.199186,-0.442592,0.8922350666885889,speed_bump,50000,0.223761985794587
seg_2907,50.727595,-3.53627,0.8705563897472253,signage,50000,0.26577577837525695
seg_2908,51.789134,1.155248,0.8786417551846124,lighting,20000,0.20180489365096943
seg_2909,53.362075,-2.741691,0.8751347832736022,speed_bump,20000,0.1724347351658681
seg_2910,54.940213,-1.59256,0.9061185220416524,lighting,20000,0.29695170600637544
seg_2911,50.392731,-3.712119,0.8608213997124884,lighting,30000,0.1281974680793321
seg_2912,51.398545,-0.244774,0.8469240348609925,speed_bump,20000,0.18218590550573133
seg_2913,53.365588,-2.27618,0.8662479861618091,lighting,50000,0.274674750512132
seg_2914,51.399456,-1.968631,0.8088391012513131,speed_bump,20000,0.2800961493011842
seg_2915,52.664815,-3.370704,0.7340938802497082,speed_bump,50000,0.2960764203119548
seg_2916,53.378614,-3.016512,0.9005636185418475,speed_bump,50000,0.2769695184528763
seg_2917,52.476672,-1.85671,0.8813389860801015,signage,20000,0.11019140507748251
seg_2918,53.770796,-2.231192,0.6908335995361381,signage,20000,0.2859532999254977
seg_2919,51.150604,0.267867,0.8828627271165255,speed_bump,30000,0.18563343828135703
seg_2920,51.422788,0.235979,0.8198253214397685,lighting,30000,0.23032383749131638
seg_2921,50.849435,-0.85303,0.7569834027852395,signage,20000,0.1788551738334238
seg_2922,51.549459,-0.14089,0.8912893786170506,lighting,30000,0.2627336153227097
seg_2923,53.545529,-2.406535,0.8950647624083092,speed_bump,20000,0.2151838552645532
seg_2924,54.794018,-1.530016,0.8228300438362112,speed_bump,20000,0.2691089285108008
seg_2925,55.354884,-4.680141,0.8223357068929539,lighting,50000,0.13875429430415345
seg_2926,52.483958,-1.859631,0.8957179958345405,speed_bump,50000,0.13699661895098045
seg_2927,50.430446,-3.569717,0.8692644364159976,lighting,20000,0.18807536031695737
seg_2928,53.030163,-0.712275,0.7659837115959455,lighting,50000,0.10095030899249612
seg_2929,50.851527,0.56051,0.8085271525792885,speed_bump,30000,0.23857059097925162
seg_2930,51.253133,-0.123204,0.827273987825701,lighting,30000,0.1592107455616022
seg_2931,51.478081,-0.966644,0.8806777396736573,signage,20000,0.21145986924288995
seg_2932,51.543178,-0.141723,0.8828627271165255,lighting,30000,0.11400071209216939
seg_2933,51.456424,0.237652,0.7804542503151798,speed_bump,30000,0.1341288718765388
seg_2934,51.479302,0.348966,0.8066674805359498,signage,30000,0.22457183400438657
seg_2935,52.961346,-1.068749,0.8718228826828031,lighting,20000,0.16113252542220863
seg_2936,51.303342,0.9157,0.8215068110236207,signage,20000,0.14294438851712674
seg_2937,54.529949,-3.593641,0.8813389860801015,signage,30000,0.1457693001615536
seg_2938,55.876223,-4.044635,0.8576910878468553,signage,20000,0.1429638729450991
seg_2939,52.599754,-1.078503,0.8858534684033869,lighting,20000,0.22457018988610963
seg_2940,52.380464,-0.541378,0.7025403204554947,signage,30000,0.13353824289389143
seg_2941,53.354817,-2.610702,0.8222320932880077,signage,50000,0.17254127183597806
seg_2942,52.416083,-1.515911,0.8775397761816214,signage,30000,0.23757737311869045
seg_2943,53.555111,-0.13322,0.8837427328729084,lighting,20000,0.20273421146953013
seg_2944,51.726309,-3.460428,0.8215068110236207,signage,50000,0.21945617415509677
seg_2945,52.024472,-0.424083,0.8597257377887327,lighting,30000,0.1501813958927497
seg_2946,51.571747,-0.008514,0.8694049066209935,speed_bump,50000,0.2865429746330411
seg_2947,51.513327,-0.15908,0.8751347832736022,speed_bump,20000,0.18277584966326713
seg_2948,51.132701,0.354614,0.7472144213444974,speed_bump,30000,0.15739278732246692
seg_2949,50.827784,-0.134509,0.8874561492981516,speed_bump,20000,0.28086523681169445
seg_2950,50.855132,-1.004212,0.8793426011109614,lighting,30000,0.2310579230528774
seg_2951,52.011514,-0.715875,0.8597257377887327,speed_bump,20000,0.2227891726276901
seg_2952,54.9896,-1.652153,0.8594520200921291,signage,50000,0.2773469304332336
seg_2953,51.425898,-2.58033,0.8759873080403942,speed_bump,20000,0.11170805725427689
seg_2954,55.176505,-3.540179,0.7371042937706236,lighting,30000,0.26753590240151603
seg_2955,51.670972,0.014188,0.6960101111348012,signage,20000,0.23557287286102016
seg_2956,52.418426,-1.783519,0.8167680316711905,lighting,50000,0.17199855895602587
seg_2957,57.315927,-3.624586,0.8160748171164787,speed_bump,30000,0.15127026850477113
seg_2958,51.42562,-0.1311,0.8500173076848866,speed_bump,50000,0.12096117997631153
seg_2959,55.821774,-4.184978,0.8295049605094362,speed_bump,30000,0.288214834049338
seg_2960,53.982787,-1.068151,0.8685316766222858,signage,30000,0.12838242066590724
seg_2961,51.517955,-0.167541,0.8667538003488293,speed_bump,20000,0.15188770714617686
seg_2962,51.443654,-2.364809,0.7384599239181024,signage,30000,0.23822143591389397
seg_2963,53.639604,-1.789121,0.8256709062769158,lighting,30000,0.2420304875771985
seg_2964,51.266658,-2.906348,0.8133546674501767,signage,20000,0.1321537409205188
seg_2965,50.992225,-0.100119,0.8866175064016307,speed_bump,30000,0.2628262321531255
seg_2966,53.799373,-1.766154,0.8680642954332026,lighting,20000,0.2020574538352725
seg_2967,54.821657,-1.709393,0.8151207191698444,lighting,20000,0.2696913356230218
seg_2968,52.181914,0.140604,0.8754808237149692,signage,20000,0.11745707796950891
seg_2969,51.62363,0.520391,0.8705563897472253,speed_bump,30000,0.10856599981873793
seg_2970,51.005108,0.21985,0.8211184457878278,speed_bump,20000,0.22739807629886993
seg_2971,57.470595,-1.789224,0.8200698748357216,lighting,20000,0.13000475942196338
seg_2972,51.395322,-0.555393,0.7646681511338415,speed_bump,30000,0.20498980914665998
seg_2973,51.467356,-2.5011,0.8721173266738097,signage,20000,0.10282175185690175
seg_2974,51.56314,0.103363,0.8338604237088112,lighting,20000,0.25598585210964003
seg_2975,51.103575,-0.145111,0.8242042390059865,speed_bump,30000,0.2799060340357003
seg_2976,51.663508,-3.513064,0.9054542887235626,speed_bump,20000,0.2677765523928576
seg_2977,51.539063,0.051202,0.848027143895286,signage,50000,0.2916705626300836
seg_2978,51.245028,1.126441,0.8224694584429251,lighting,30000,0.28061915093175793
seg_2979,51.345289,1.40171,0.880332736166794,speed_bump,50000,0.18880360365807303
seg_2980,52.558207,-1.978284,0.9246785370320714,signage,50000,0.17966964168872931
seg_2981,52.416954,-1.490199,0.8858534684033869,lighting,50000,0.27923673359430856
seg_2982,51.505193,0.105159,0.8858534684033869,signage,30000,0.2853877590714454
seg_2983,52.384066,-1.473534,0.8864427423502513,signage,30000,0.2945671896636074
seg_2984,53.828829,-1.756694,0.884697540133837,signage,50000,0.2536634469685565
seg_2985,52.394996,0.552077,0.8308306518730301,speed_bump,20000,0.14039776598827608
seg_2986,53.778156,-3.054642,0.8760311436499792,signage,50000,0.2889908272221445
seg_2987,51.682626,-4.159466,0.8820470212100398,signage,20000,0.28942829336324394
seg_2988,51.185577,-0.651144,0.856821637326877,signage,20000,0.23322627278259428
seg_2989,51.881346,0.993563,0.8583658519756138,speed_bump,20000,0.27145605326989697
seg_2990,55.991654,-3.870109,0.8128633862045094,speed_bump,20000,0.21223528423279045
seg_2991,53.39295,0.185597,0.8227249944776971,speed_bump,20000,0.28882538908234456
seg_2992,53.095164,-1.122955,0.8046313020732515,lighting,50000,0.11878727931841825
seg_2993,54.402688,-1.714304,0.770958936787228,signage,20000,0.27279273929695413
seg_2994,51.905662,-0.182034,0.8229633390802847,signage,50000,0.11110072580742787
seg_2995,51.026894,-1.513439,0.8486858418964262,speed_bump,30000,0.1678214104436041
seg_2996,51.580015,0.361649,0.871318134225059,lighting,50000,0.12706512852305238
seg_2997,52.73459,0.417073,0.813476322262668,speed_bump,30000,0.19582701849258244
seg_2998,50.71289,-2.435932,0.8800368254623406,speed_bump,20000,0.146449231598494
seg_2999,50.926909,-1.391183,0.8749265399522802,speed_bump,20000,0.2904144758667994
seg_3000,51.995001,-0.886765,0.8484617143565997,signage,30000,0.2118642667306819
seg_3001,53.911301,-1.697634,0.858705763764342,signage,50000,0.27954614726074495
seg_3002,55.870418,-4.268334,0.8760311436499792,signage,20000,0.15561169381023018
seg_3003,54.000267,-1.906602,0.7400982571847969,signage,30000,0.10519551198931217
seg_3004,51.791903,-0.213642,0.8228300438362112,signage,50000,0.2551310007367843
seg_3005,51.83945,-0.463706,0.8215922186327269,speed_bump,50000,0.24047553199439436
seg_3006,53.213104,-1.675618,0.7651464571432426,speed_bump,30000,0.20909832913483872
seg_3007,52.012608,-0.75067,0.8223357068929539,speed_bump,20000,0.2630685459458425
seg_3008,51.5591,0.010698,0.8617569211990833,speed_bump,20000,0.2680168745296265
seg_3009,53.12968,-0.811625,0.8380442599312109,signage,30000,0.21758066160363476
seg_3010,52.119413,1.10476,0.8273716252006651,speed_bump,30000,0.2931855583707874
seg_3011,51.334763,-0.16696,0.8185288984744804,speed_bump,20000,0.24394238952346545
seg_3012,50.877202,-2.992228,0.7635593057792736,lighting,20000,0.23537507523252574
seg_3013,52.493164,-2.105573,0.8739737280962437,signage,30000,0.17228435851172907
seg_3014,53.395018,-3.174422,0.8265419511490008,speed_bump,50000,0.10045171572000154
seg_3015,52.240044,-1.497501,0.8288134167385981,speed_bump,20000,0.1481885347788356
seg_3016,52.492629,-1.898782,0.880118507542614,speed_bump,30000,0.25278410136292595
seg_3017,51.417781,-0.29912,0.8505502618683282,lighting,20000,0.24197425088743482
seg_3018,51.617518,-3.954133,0.8518975368660453,speed_bump,20000,0.16620442896601884
seg_3019,51.257023,-1.081669,0.8849077589639955,signage,30000,0.22511659490768776
seg_3020,54.51808,-1.326121,0.858143413517776,speed_bump,20000,0.13905749589462743
seg_3021,52.408206,0.733411,0.8733134666722852,lighting,20000,0.15272554385380882
seg_3022,53.743275,-2.683339,0.8170762575295458,speed_bump,50000,0.2894816187804993
seg_3023,51.467185,-0.23451,0.8559732257622649,lighting,20000,0.1826361145871189
seg_3024,51.621495,-0.079727,0.8659222049573487,speed_bump,20000,0.14899751885977092
seg_3025,51.449914,0.057998,0.8820470212100398,speed_bump,50000,0.19742164936779827
seg_3026,51.668382,0.116912,0.8066548308456588,lighting,30000,0.17740317595747324
seg_3027,52.636174,1.237591,0.8879122650106923,signage,20000,0.24590580746982113
seg_3028,52.503486,-1.973439,0.8849077589639955,lighting,30000,0.2924232212981762
seg_3029,55.118776,-1.519405,0.8632668700159225,signage,30000,0.21834748489153838
seg_3030,51.401526,-0.526444,0.8323012654909696,signage,20000,0.21822943738738299
seg_3031,51.016349,-2.230774,0.8032216953928162,lighting,30000,0.1729667717446966
seg_3032,52.617832,1.285043,0.8778270788896069,speed_bump,30000,0.21292618639505906
seg_3033,51.411942,-3.468406,0.7572553010574267,lighting,20000,0.16386577327742763
seg_3034,50.131975,-5.529054,0.8750255375987566,lighting,50000,0.1002184148624684
seg_3035,51.418457,0.393151,0.8755080163664887,signage,30000,0.27321923457569697
seg_3036,52.955038,-1.141914,0.8691380290833993,signage,50000,0.18588881710434102
seg_3037,53.441534,-2.455373,0.8228300438362112,lighting,20000,0.19841769701079934
seg_3038,53.168833,-4.056071,0.859105672411137,lighting,20000,0.11670018308518565
seg_3039,51.568919,-0.098249,0.7761433374135046,lighting,50000,0.26742210268107836
seg_3040,50.996409,-0.159235,0.7800490030904871,speed_bump,50000,0.1340674140755181
seg_3041,53.480559,-0.552739,0.8308306518730301,lighting,20000,0.18212423175686318
seg_3042,52.24183,-1.610837,0.8239134581472277,lighting,50000,0.26805310941277627
seg_3043,52.033284,-0.691475,0.7686420697851145,speed_bump,20000,0.1915565880427039
seg_3044,52.912899,-1.141468,0.8623531352830244,lighting,30000,0.2862304670932927
seg_3045,52.909518,-1.470606,0.8728909250039701,signage,20000,0.14186286068413795
seg_3046,53.606882,-2.154426,0.8505502618683282,signage,30000,0.24304656599095426
seg_3047,53.741387,-1.879128,0.8606370555323578,signage,50000,0.2955997047123455
seg_3048,53.598722,-2.412274,0.8588932134924776,lighting,50000,0.20992272744406215
seg_3049,55.777745,-4.309511,0.8734197448581773,signage,50000,0.23843677972879856
seg_3050,52.970453,-4.199,0.768260315713157,signage,20000,0.17864533192020168
seg_3051,51.756251,-1.259779,0.8780836571108344,lighting,50000,0.2502674679450938
seg_3052,55.389524,-4.662271,0.8491222996745057,signage,30000,0.2817748113047458
seg_3053,51.55047,-0.165081,0.8659222049573487,speed_bump,30000,0.24061111341010583
seg_3054,50.869801,-2.959996,0.7938097502730195,signage,50000,0.28718574227619587
seg_3055,51.570193,0.014073,0.8657379100776147,speed_bump,30000,0.2177305303984619
seg_3056,51.874835,-2.269584,0.8628290227116686,signage,30000,0.21542748809019258
seg_3057,52.624788,-2.423361,0.825928878043767,lighting,30000,0.16092547762183107
seg_3058,51.384467,0.542294,0.7993712489452226,speed_bump,30000,0.24192549823275716
seg_3059,55.870508,-4.322288,0.8691380290833993,lighting,50000,0.276390504351231
seg_3060,51.596817,-0.531826,0.7686420697851145,lighting,30000,0.22926324522578626
seg_3061,51.504596,-0.09113,0.8808082674952109,lighting,30000,0.14660784411971658
seg_3062,51.886051,0.178424,0.8270238920028783,speed_bump,20000,0.20882182294433732
seg_3063,53.817394,-1.639072,0.8326701886718421,lighting,30000,0.25118748339028296
seg_3064,53.282655,-3.252547,0.8805030066127716,signage,50000,0.28787266297455055
seg_3065,53.535758,-2.307161,0.8464550951931616,speed_bump,30000,0.13131920990411078
seg_3066,53.339203,-2.257086,0.7974336890662027,signage,20000,0.12549941819331212
seg_3067,51.984699,-2.15228,0.8547121191250873,signage,30000,0.1825887060465812
seg_3068,51.546075,-0.054202,0.8690513646590824,lighting,50000,0.12512223389252217
seg_3069,51.440754,-0.064151,0.9009622305608781,lighting,20000,0.2960857825010237
seg_3070,55.043969,-1.531316,0.7223510335780026,speed_bump,20000,0.1848608734565118
seg_3071,51.512671,-0.084451,0.7987900889142103,speed_bump,30000,0.20672210381358097
seg_3072,51.468534,0.177193,0.8650077810790384,lighting,30000,0.14541755625855426
seg_3073,52.479364,-2.024115,0.8365440831290601,signage,20000,0.18982522470738583
seg_3074,50.88243,-0.317981,0.9196593772198527,speed_bump,50000,0.29693878697224396
seg_3075,51.451113,0.004365,0.8916534304230126,signage,50000,0.1977374302733939
seg_3076,53.402297,-3.155279,0.8757333617299232,lighting,30000,0.10176478516089725
seg_3077,52.137409,-0.016768,0.863666018817732,signage,30000,0.1485055060501261
seg_3078,51.45047,-2.627988,0.7266610118451844,lighting,20000,0.2956909660957008
seg_3079,56.240871,-2.849897,0.8248604829701514,speed_bump,50000,0.29781350268214646
seg_3080,53.408136,-0.400241,0.8133546674501767,speed_bump,50000,0.14209861795434114
seg_3081,51.789583,-0.714069,0.8323012654909696,signage,30000,0.22305281756877068
seg_3082,51.279479,1.085756,0.877893402574257,lighting,30000,0.1153816661010829
seg_3083,51.492466,-0.25932,0.8883880157230684,lighting,50000,0.21548832848892582
seg_3084,52.788252,-2.042227,0.7435487283306567,speed_bump,50000,0.12518414029728747
seg_3085,55.878435,-4.269685,0.8685316766222858,speed_bump,20000,0.2637323047285316
seg_3086,52.93801,-1.131835,0.8628624605556141,lighting,50000,0.2879149975204489
seg_3087,51.37433,0.618893,0.7146572121431831,lighting,50000,0.13459736160989652
seg_3088,53.718962,-2.659153,0.8223357068929539,lighting,50000,0.1925424337189648
seg_3089,51.154652,1.28939,0.846876582359446,speed_bump,30000,0.12040859969492684
seg_3090,50.972969,-1.372568,0.8694049066209935,speed_bump,30000,0.167828001414595
seg_3091,51.433969,-2.566478,0.8273579502742333,speed_bump,20000,0.11301955095210531
seg_3092,53.383133,-1.434536,0.8874561492981516,signage,30000,0.15290930560348542
seg_3093,54.885586,-1.559504,0.7661692490229268,lighting,20000,0.2980447334178603
seg_3094,51.469405,0.06449,0.8895026188360748,signage,30000,0.10892065346428037
seg_3095,51.323928,-1.675343,0.7428970677549007,signage,20000,0.2717936659237341
seg_3096,50.827878,0.238924,0.8199515801242754,lighting,30000,0.11549051555082097
seg_3097,53.751073,-2.507078,0.8560744858307949,lighting,30000,0.20579938622347202
seg_3098,51.329271,-0.727361,0.8483956092824603,lighting,20000,0.1904239584854691
seg_3099,51.524464,-3.230671,0.7887294407371536,lighting,50000,0.28631093200412894
seg_3100,51.751225,-3.37328,0.8009486962111896,speed_bump,30000,0.13980997245701793
seg_3101,52.589008,-0.216331,0.8728909250039701,lighting,50000,0.13593640307592703
seg_3102,55.076816,-4.156551,0.7340889854084875,lighting,20000,0.24974281771356646
seg_3103,53.263551,-2.123052,0.8879122650106923,speed_bump,50000,0.24514389462007077
seg_3104,55.360291,-4.724218,0.8518715383148202,signage,20000,0.23983635409855975
seg_3105,52.328478,-2.085664,0.7520405666686313,lighting,30000,0.10522542323447615
seg_3106,52.038271,-0.773381,0.8690513646590824,signage,30000,0.15199193734498173
seg_3107,53.441212,-2.219011,0.7719814245748218,speed_bump,30000,0.2679790355708599
seg_3108,51.782383,-1.374715,0.8270238920028783,signage,30000,0.2201716242913545
seg_3109,54.593655,-3.539632,0.8224694584429251,lighting,50000,0.2204389841464363
seg_3110,51.510059,-0.145809,0.8778270788896069,speed_bump,20000,0.15918332108096234
seg_3111,51.426309,-0.017722,0.8704372332643087,signage,50000,0.15203461771138957
seg_3112,57.577985,-3.879076,0.8690513646590824,lighting,20000,0.28931097760365093
seg_3113,51.424097,-0.21589,0.8650077810790384,signage,20000,0.24555105577064243
seg_3114,50.972993,-0.030394,0.8513687632404086,speed_bump,20000,0.1253732235603675
seg_3115,52.589748,-1.12226,0.8828627271165255,speed_bump,50000,0.28754138842875276
seg_3116,52.596218,-1.184729,0.8820470212100398,speed_bump,20000,0.21647403036361096
seg_3117,51.490486,-2.517053,0.8783897232626303,speed_bump,30000,0.1666724733914176
seg_3118,53.708226,-1.257319,0.8718228826828031,lighting,30000,0.17942788927991968
seg_3119,52.040423,-0.753685,0.877737079593542,signage,50000,0.24508090207052363
seg_3120,51.612147,-0.031156,0.8659222049573487,speed_bump,30000,0.17525453033721672
seg_3121,51.821194,-2.49602,0.7789206567756427,signage,50000,0.2157489598237214
seg_3122,51.524685,-0.18976,0.8639093590313077,speed_bump,50000,0.24209989932968096
seg_3123,54.640052,-1.69337,0.8265419511490008,speed_bump,50000,0.1390749994611929
seg_3124,53.227232,-1.366332,0.8532333799177628,speed_bump,50000,0.28884829724850986
seg_3125,51.410307,-0.192576,0.8659373966004928,signage,20000,0.17123455428708195
seg_3126,52.060823,-0.859164,0.7520405666686313,signage,30000,0.18387495141538285
seg_3127,51.496758,-0.282063,0.8774692402059927,signage,30000,0.23970287357356412
seg_3128,51.392157,0.560834,0.894799070133731,speed_bump,20000,0.2217570178775528
seg_3129,53.441624,-2.979292,0.8847686443381488,signage,20000,0.18802396738783583
seg_3130,55.942743,-4.159598,0.8883880157230684,speed_bump,20000,0.2299484080601583
seg_3131,53.71066,-2.682674,0.8198253214397685,speed_bump,50000,0.28056566151440887
seg_3132,52.764049,-0.871461,0.8195548960339194,signage,30000,0.2600567233290837
seg_3133,53.037873,-2.939545,0.8133546674501767,lighting,20000,0.2648518019909547
seg_3134,53.38545,-3.052279,0.8770782929461827,signage,50000,0.15168168171346258
seg_3135,53.885875,-0.726681,0.8598466704746015,lighting,50000,0.1838806698595275
seg_3136,53.743168,-1.644712,0.8657379100776147,speed_bump,50000,0.21076382833081184
seg_3137,52.603111,1.225149,0.8032216953928162,speed_bump,50000,0.1088381638322966
seg_3138,52.897641,-1.469188,0.8770849122089348,speed_bump,50000,0.25395843607546487
seg_3139,51.557019,0.073361,0.8241931158511356,speed_bump,20000,0.16469268488301778
seg_3140,51.509184,-0.579029,0.9010712457840253,speed_bump,50000,0.15651921560820287
seg_3141,51.378975,-0.080698,0.8617569211990833,speed_bump,30000,0.1518584018712293
seg_3142,53.904579,-1.973634,0.7651464571432426,speed_bump,30000,0.15667585308401288
seg_3143,52.533174,-1.527921,0.898168685887365,speed_bump,30000,0.16760296643156644
seg_3144,51.530869,-0.292764,0.8600232219846694,signage,30000,0.22096491161523185
seg_3145,54.572379,-3.572555,0.7629332092145249,speed_bump,30000,0.21671306438001264
seg_3146,51.475769,-2.590797,0.8895026188360748,speed_bump,50000,0.15114235072037507
seg_3147,51.461311,-0.111508,0.8759873080403942,signage,20000,0.1412848553146415
seg_3148,53.433911,-0.726986,0.8665955287665885,signage,20000,0.26527163801427134
seg_3149,52.16202,0.144505,0.9000053387171343,lighting,20000,0.11854466753527332
seg_3150,53.007839,-1.127222,0.8708335542211875,signage,50000,0.20256456824018548
seg_3151,51.546362,-0.144045,0.8610969769075383,lighting,30000,0.2041121748378552
seg_3152,51.500376,-0.563844,0.8336808488686442,lighting,30000,0.21482736136232433
seg_3153,53.958315,-1.080356,0.8957179958345405,signage,30000,0.2771300231814271
seg_3154,51.632897,0.349915,0.8951536348631989,lighting,30000,0.22478278801895352
seg_3155,53.828154,-1.602516,0.8690513646590824,signage,30000,0.2947267532496046
seg_3156,55.935297,-4.032056,0.8856512868004818,signage,20000,0.2742706166697455
seg_3157,51.522042,-0.201562,0.8670761210564936,signage,20000,0.1429480518974423
seg_3158,52.413223,0.262108,0.8688561881862071,signage,50000,0.14823666204506022
seg_3159,51.504898,-0.406397,0.8976614319536586,signage,30000,0.16895482718303412
seg_3160,51.520506,-0.05241,0.8816271948307352,lighting,20000,0.17830288301602626
seg_3161,53.099844,-1.255741,0.887007141059882,signage,30000,0.21059902406153908
seg_3162,55.950848,-3.203728,0.8685316766222858,lighting,30000,0.14650252657926777
seg_3163,51.490789,-2.62134,0.8478451237709821,lighting,20000,0.14446903622275314
seg_3164,51.834603,-2.101994,0.8508048371475456,lighting,20000,0.17627799147361592
seg_3165,51.436387,-0.538415,0.8228300438362112,speed_bump,50000,0.23440462264255038
seg_3166,52.482611,1.336677,0.7846250996842846,signage,20000,0.23762512261923766
seg_3167,52.427041,0.755362,0.8139672182214167,lighting,20000,0.29522334800805794
seg_3168,52.542887,-1.825234,0.8594520200921291,signage,30000,0.1404830867843628
seg_3169,53.397341,-2.254309,0.8685316766222858,speed_bump,30000,0.17857183037139615
seg_3170,52.572412,-2.144815,0.8816469077358114,speed_bump,50000,0.29293549958781206
seg_3171,51.385367,-1.596158,0.874881675937652,signage,50000,0.23800174853311043
seg_3172,52.484088,-3.594232,0.7480758473680846,speed_bump,20000,0.2184557049644038
seg_3173,53.80485,-1.763239,0.8748503009643289,speed_bump,30000,0.2079292102802694
seg_3174,51.267093,-0.534045,0.8631568615673457,signage,20000,0.11510207602725131
seg_3175,53.522999,-1.128426,0.8680095281251984,speed_bump,30000,0.27867476176318207
seg_3176,52.753501,-1.386563,0.8233185719931672,speed_bump,20000,0.2251010430830215
seg_3177,51.586348,0.500808,0.9002643094500045,lighting,20000,0.2143334815856068
seg_3178,52.462833,0.620486,0.8149578058693517,lighting,50000,0.2079000686643685
seg_3179,55.925776,-4.359391,0.8650077810790384,lighting,20000,0.17838284146422234
seg_3180,51.52641,-0.133467,0.8429543539546722,lighting,30000,0.15093293827217855
seg_3181,51.346371,-2.956379,0.8820470212100398,lighting,20000,0.25106439706689687
seg_3182,55.956279,-3.190443,0.880754340715499,signage,50000,0.2019135035523324
seg_3183,53.475995,-2.265145,0.9252014886145763,lighting,50000,0.10678790645784407
seg_3184,53.539957,-2.121136,0.8943914771724963,speed_bump,30000,0.17981889995443265
seg_3185,51.379186,0.579979,0.8933425629217179,signage,50000,0.28572072764456646
seg_3186,51.526415,-0.078107,0.8896739408174394,signage,30000,0.17477891230817258
seg_3187,52.92682,-1.204118,0.9510722587193858,speed_bump,20000,0.18264660158511475
seg_3188,53.283491,-2.901125,0.8617569211990833,lighting,20000,0.22479222461100712
seg_3189,51.766159,-0.215042,0.8793426011109614,signage,20000,0.2603349607631764
seg_3190,51.346599,-0.283377,0.877893402574257,lighting,20000,0.23369222354094243
seg_3191,53.215731,-3.052308,0.8888831607833779,signage,20000,0.2700109462245893
seg_3192,56.407898,-3.503355,0.7032633907021514,signage,20000,0.12279411740813967
seg_3193,51.484569,-0.183427,0.8476572874844607,lighting,30000,0.28491851066372975
seg_3194,55.001636,-1.666509,0.8639093590313077,signage,20000,0.2807843864822772
seg_3195,51.728056,-0.113007,0.7201765183642302,lighting,30000,0.20382971731711758
seg_3196,51.541041,0.002405,0.7817347507726844,lighting,30000,0.2249484475574402
seg_3197,50.826566,-0.374089,0.8721173266738097,signage,50000,0.14256261004028034
seg_3198,55.884119,-4.313911,0.8599142057084361,signage,30000,0.18958948759627778
seg_3199,51.115387,-0.184873,0.8839035364841051,lighting,50000,0.14054067218396246
seg_3200,53.528475,-2.08256,0.8866175064016307,signage,30000,0.10439533578820391
seg_3201,51.25311,-0.121772,0.8698479397372768,signage,20000,0.2961806136254105
seg_3202,53.42519,-2.999081,0.8305621564178176,signage,30000,0.15182930314204102
seg_3203,52.520809,-2.020011,0.8685316766222858,lighting,30000,0.21862166177956704
seg_3204,50.802861,-0.629382,0.8131377365002426,lighting,30000,0.1600500767075726
seg_3205,53.37634,-2.325855,0.8680095281251984,signage,30000,0.17412432404208697
seg_3206,51.21893,-0.788886,0.8062856922633516,signage,30000,0.17955231171645497
seg_3207,51.844593,-0.200544,0.8478451237709821,signage,20000,0.16700934626495154
seg_3208,51.034043,-0.488726,0.8047113047708372,speed_bump,20000,0.22747995186798714
seg_3209,50.80212,-0.697799,0.8639093590313077,lighting,50000,0.29218725409772117
seg_3210,52.099332,0.265315,0.8445457845615582,signage,50000,0.1857269300012466
seg_3211,51.286883,-0.155224,0.880118507542614,lighting,20000,0.29466534481085305
seg_3212,52.668587,1.270952,0.8800522573340586,speed_bump,50000,0.23355944746895663
seg_3213,50.785161,-1.907762,0.7501977950494252,signage,50000,0.2214272390042018
seg_3214,52.501686,-0.294419,0.8864066567871819,speed_bump,20000,0.1474207703597846
seg_3215,50.338082,-4.795694,0.8831320409771359,lighting,50000,0.11258414117987617
seg_3216,51.426519,0.221229,0.8228300438362112,lighting,30000,0.27038695405836577
seg_3217,51.369621,-0.187838,0.8808082674952109,speed_bump,50000,0.2147962127888538
seg_3218,50.743549,-1.946111,0.8639093590313077,signage,30000,0.18288277248497636
seg_3219,57.35563,-6.196286,0.8352710272324317,speed_bump,30000,0.2623934644176967
seg_3220,52.471116,-1.872185,0.8805725732453946,signage,20000,0.16211607651546375
seg_3221,51.581839,-0.339189,0.8912893786170506,lighting,20000,0.2567234511928974
seg_3222,50.263791,-5.102717,0.8847686443381488,signage,30000,0.1655927670811594
seg_3223,53.600017,-2.427307,0.9777847784191827,signage,50000,0.28417623728083274
seg_3224,54.90121,-1.53198,0.8816469077358114,speed_bump,50000,0.15359337489136052
seg_3225,52.99924,-1.121011,0.8639093590313077,signage,50000,0.12751082351491422
seg_3226,55.904517,-3.223072,0.8774662691765385,speed_bump,30000,0.23961934166988236
seg_3227,51.499849,-0.127922,0.8921776775113188,speed_bump,30000,0.13256945061295416
seg_3228,51.277268,-2.541323,0.6911847333469124,signage,30000,0.2898726100577971
seg_3229,53.601432,-0.355313,0.8099908772747973,signage,50000,0.23111102247777318
seg_3230,51.39485,0.494421,0.8778270788896069,signage,20000,0.1461721322569052
seg_3231,51.675935,-3.008863,0.7800490030904871,lighting,20000,0.14176378685708574
seg_3232,53.396482,-2.28796,0.8680642954332026,signage,50000,0.28477500782408427
seg_3233,50.864654,-1.009509,0.8705563897472253,lighting,30000,0.22157158256997816
seg_3234,51.522087,-0.107117,0.8685316766222858,speed_bump,30000,0.27874720133448333
seg_3235,50.67135,-2.45734,0.8141309781932862,speed_bump,50000,0.12204504096916505
seg_3236,50.376755,-3.758098,0.8185288984744804,speed_bump,50000,0.2850784391158352
seg_3237,53.206343,-2.024701,0.7223694712494003,signage,20000,0.20400986239881766
seg_3238,51.469946,-0.209062,0.8680642954332026,signage,30000,0.23368438326627008
seg_3239,57.517471,-1.950883,0.8215922186327269,lighting,30000,0.17457509430825613
seg_3240,52.616931,-2.13098,0.8816271948307352,lighting,50000,0.11182806440116524
seg_3241,53.452762,-2.762184,0.87808815829286,lighting,50000,0.2915944882683658
seg_3242,53.396723,-2.112458,0.8270238920028783,signage,30000,0.2989196658216964
seg_3243,53.077296,-1.25822,0.863352767247926,speed_bump,50000,0.1729093697520886
seg_3244,53.254015,-2.918916,0.848027143895286,signage,30000,0.28877358595039593
seg_3245,50.864752,-1.432427,0.8124571979320088,signage,50000,0.13354525819231283
seg_3246,53.386154,-1.477948,0.8610747024180011,signage,30000,0.1309368899317151
seg_3247,51.604568,0.049099,0.7652275555371805,lighting,30000,0.1146223680018343
seg_3248,51.601502,-3.992146,0.7693748758259177,lighting,30000,0.17825388151683014
seg_3249,52.747296,-0.411779,0.8776040979237564,speed_bump,50000,0.11046045003631984
seg_3250,52.442885,-1.870943,0.894799070133731,speed_bump,30000,0.17893143792257934
seg_3251,54.754455,-2.730081,0.8484617143565997,signage,20000,0.12767808572993364
seg_3252,51.554672,-4.202159,0.8133546674501767,lighting,20000,0.24610555911459145
seg_3253,53.035203,-0.033662,0.9279098602837199,speed_bump,30000,0.2666725298672816
seg_3254,55.039784,-1.592959,0.8628290227116686,lighting,50000,0.2375630855592576
seg_3255,51.668841,-2.04248,0.8464550951931616,lighting,30000,0.14009883048723118
seg_3256,57.269224,-2.595069,0.7506418848730688,lighting,30000,0.2533696385815911
seg_3257,55.249664,-1.603056,0.812387619355311,lighting,50000,0.149900039406655
seg_3258,53.41074,-2.219456,0.7895333242588961,speed_bump,30000,0.2518977193937055
seg_3259,51.688045,-4.277209,0.7529967042803264,speed_bump,50000,0.21347951497927817
seg_3260,51.394997,0.111884,0.8650077810790384,speed_bump,30000,0.17334250325824194
seg_3261,51.42954,-0.10433,0.8290948230020172,speed_bump,50000,0.11669847560321155
seg_3262,51.259708,0.920433,0.7457122295847912,signage,50000,0.2655019019614051
seg_3263,52.315987,-0.14913,0.8508048371475456,signage,30000,0.28793058415964506
seg_3264,51.652962,-0.735719,0.7804542503151798,speed_bump,20000,0.2331835560001275
seg_3265,51.509866,-0.156337,0.8628624605556141,speed_bump,30000,0.2929083133386877
seg_3266,51.534155,0.015945,0.7841749879604297,signage,20000,0.2868222838085982
seg_3267,51.513279,-0.158383,0.8879122650106923,signage,30000,0.13892168016075074
seg_3268,53.490752,-3.02715,0.8181793281040061,lighting,20000,0.2462424697196427
seg_3269,53.833192,-2.33714,0.7659837115959455,signage,30000,0.1698609638875389
seg_3270,51.729205,0.453257,0.8540139029569781,lighting,30000,0.1975034721131252
seg_3271,50.123612,-5.451193,0.8285803920233614,speed_bump,20000,0.13139308622976914
seg_3272,51.86769,-0.450398,0.7994416859506625,speed_bump,20000,0.2949558856115305
seg_3273,54.062163,-2.78818,0.87808815829286,speed_bump,30000,0.2452274766152817
seg_3274,53.382231,-3.080615,0.8831320409771359,lighting,20000,0.15338166192619362
seg_3275,51.494039,0.013163,0.8726160539907307,signage,50000,0.1742943380336067
seg_3276,53.705596,-1.329475,0.755581225862986,lighting,50000,0.18449658536575686
seg_3277,53.408708,-2.830853,0.8659373966004928,lighting,50000,0.24950674482876803
seg_3278,52.942343,-1.135528,0.8728909250039701,signage,20000,0.2851394533539169
seg_3279,51.455352,0.246668,0.7984059609826172,signage,50000,0.16428802659691433
seg_3280,53.539955,-2.122494,0.9059914909191025,lighting,30000,0.1945000176560839
seg_3281,51.549533,-2.632956,0.7654660785163,signage,30000,0.21864151456694023
seg_3282,50.485002,-4.09276,0.8413212652936808,signage,20000,0.17866879848006312
seg_3283,54.91604,-1.509781,0.8628624605556141,lighting,30000,0.20083626467313703
seg_3284,51.675905,0.137051,0.8389692465833248,speed_bump,50000,0.1211415258040204
seg_3285,51.591194,-0.102083,0.827168952901308,speed_bump,20000,0.1335348775440332
seg_3286,53.388463,-2.622761,0.7858099893981776,lighting,20000,0.18022025144402898
seg_3287,52.654441,0.745637,0.8127798839300624,lighting,30000,0.2829878023541105
seg_3288,52.418361,-2.234347,0.769231611048914,lighting,30000,0.1698716091489267
seg_3289,56.250228,-4.939979,0.8616179731548715,lighting,30000,0.14995856172100272
seg_3290,52.290066,-2.611495,0.8583658519756138,speed_bump,30000,0.24857244416985516
seg_3291,54.92636,-1.538242,0.7358022013661522,speed_bump,20000,0.28982603321532185
seg_3292,51.47295,0.003308,0.8866175064016307,lighting,20000,0.19182472341270948
seg_3293,51.402538,-0.229237,0.8816271948307352,lighting,20000,0.10172099111343663
seg_3294,52.993636,-3.384656,0.8575455369171597,lighting,20000,0.2376298662951236
seg_3295,54.558785,-1.269612,0.8266420517280454,signage,50000,0.18301216032322898
seg_3296,50.789145,0.27402,0.8323012654909696,lighting,50000,0.23472910732324304
seg_3297,51.504583,-2.500932,0.8457317003673015,signage,30000,0.1555433031658407
seg_3298,51.499066,0.125769,0.8680650198970753,speed_bump,20000,0.10048162876339249
seg_3299,57.752647,-5.009625,0.7451467519712416,signage,30000,0.16889924374912074
seg_3300,55.187234,-1.715699,0.8466088126804919,speed_bump,50000,0.24095846852258831
seg_3301,53.423038,-1.232653,0.8224694584429251,lighting,20000,0.17862265660183785
seg_3302,51.712676,0.617359,0.8314913126843041,speed_bump,30000,0.1438348279306452
seg_3303,52.519636,-2.150586,0.8320872234033634,lighting,30000,0.1928013728268203
seg_3304,55.000818,-1.481484,0.8286847322766071,lighting,20000,0.2504697046596771
seg_3305,51.381334,-2.385799,0.7803474256759896,lighting,30000,0.12388661735846121
seg_3306,51.272769,-2.288394,0.8109533763992033,lighting,30000,0.23835040672932956
seg_3307,52.757479,-1.208245,0.8609027621681186,lighting,30000,0.23346880476078946
seg_3308,51.452845,-0.061192,0.7978254409004218,lighting,50000,0.17414757593701427
seg_3309,52.477247,-2.110246,0.8438953416340625,signage,30000,0.29406723827589887
seg_3310,50.897601,-2.619271,0.832971420183796,speed_bump,20000,0.2789410598960703
seg_3311,51.860059,0.974718,0.7912460026659212,speed_bump,20000,0.16323229616041396
seg_3312,53.505281,-2.342523,0.8680650198970753,signage,30000,0.10621821867876863
seg_3313,52.62309,-1.157786,0.8755080163664887,lighting,50000,0.16166096134901534
seg_3314,51.412011,-1.344005,0.8320370207461448,speed_bump,20000,0.14094438850820865
seg_3315,52.540616,-2.121463,0.8757333617299232,signage,20000,0.20945038280951855
seg_3316,52.919521,-1.476136,0.8685316766222858,speed_bump,50000,0.2837488842364309
seg_3317,55.185469,-1.547029,0.8641240963093445,speed_bump,30000,0.2740675020075043
seg_3318,53.834804,-1.775378,0.8816271948307352,lighting,20000,0.16116583113296534
seg_3319,53.796632,-1.74446,0.5863686765539521,lighting,20000,0.1857195067111274
seg_3320,51.727061,0.481909,0.768260315713157,lighting,30000,0.1073084398159133
seg_3321,53.64513,-3.004681,0.848027143895286,lighting,30000,0.20883270152982988
seg_3322,51.589107,-0.008766,0.8452526653888068,signage,30000,0.11267359601014577
seg_3323,52.557499,-1.365699,0.8565665462862913,speed_bump,20000,0.2877212332458199
seg_3324,51.41375,-0.051774,0.8023984705527775,speed_bump,30000,0.27338676697045444
seg_3325,53.363222,-0.008309,0.9400808151652936,signage,50000,0.1428375252875006
seg_3326,51.431311,-0.184267,0.8559529077497536,lighting,20000,0.23987373597240907
seg_3327,50.724417,-1.863821,0.858249452909064,lighting,30000,0.21360407648666663
seg_3328,53.481426,-2.247548,0.8610747024180011,speed_bump,20000,0.2602715425032366
seg_3329,55.955067,-3.222438,0.858705763764342,signage,30000,0.19513042135030398
seg_3330,53.423511,-2.973759,0.8693187344911308,speed_bump,20000,0.1383543941331556
seg_3331,52.09914,0.28458,0.7882541265779204,signage,20000,0.22796868002456633
seg_3332,52.403098,0.278938,0.8732036702766863,lighting,50000,0.116056065399189
seg_3333,51.011269,-3.132362,0.8888831607833779,signage,20000,0.2169175982336844
seg_3334,53.847481,-2.955147,0.7406431837017641,lighting,50000,0.14254096109289152
seg_3335,53.566744,-1.451956,0.8702621254243045,lighting,30000,0.23698728742471203
seg_3336,53.527413,-1.142215,0.8524361183682376,speed_bump,30000,0.2656086323456217
seg_3337,52.766212,0.196414,0.8308306518730301,lighting,30000,0.1219049458564145
seg_3338,53.72952,-1.122948,0.8288134167385981,signage,30000,0.18005371042971846
seg_3339,50.912456,-0.150742,0.7428970677549007,signage,30000,0.24670431755519934
seg_3340,56.417366,-3.463039,0.8046554929743805,speed_bump,50000,0.1327406123037717
seg_3341,52.986975,0.0465,0.8131377365002426,lighting,50000,0.21330473400714262
seg_3342,52.926207,-2.985621,0.8195548960339194,lighting,20000,0.23436779637514463
seg_3343,51.599697,-0.135684,0.8941205909971154,speed_bump,50000,0.17095872144787644
seg_3344,54.864727,-1.620587,0.7817347507726844,speed_bump,20000,0.2663964548405202
seg_3345,51.678582,0.121642,0.769231611048914,signage,50000,0.20213163700934275
seg_3346,53.594777,-0.657482,0.8617569211990833,speed_bump,20000,0.225398967988102
seg_3347,53.558092,-1.47296,0.8469240348609925,lighting,20000,0.12817455934095573
seg_3348,52.221994,0.094685,0.8733134666722852,lighting,50000,0.10463203490653382
seg_3349,51.548872,-0.248801,0.8609027621681186,signage,50000,0.11014971416499726
seg_3350,53.774637,-0.268422,0.8766920486254065,lighting,20000,0.28078402963964316
seg_3351,55.768637,-4.33745,0.8680642954332026,signage,30000,0.2765284768496502
seg_3352,50.689339,-1.248411,0.7437635813797634,lighting,30000,0.2615182878323685
seg_3353,52.686302,-3.084214,0.7693748758259177,signage,30000,0.13992241824697216
seg_3354,53.516847,-1.122972,0.8704372332643087,signage,30000,0.20509173038990064
seg_3355,52.123833,-0.964336,0.8133546674501767,speed_bump,50000,0.2592234201096747
seg_3356,52.453552,-2.759709,0.8459422005752942,lighting,50000,0.23493383625115474
seg_3357,53.477596,-0.582978,0.8262790329257004,signage,30000,0.12310423873518753
seg_3358,53.10557,-2.461644,0.8659373966004928,lighting,50000,0.27910823996248474
seg_3359,51.536339,-0.390881,0.8768992284919015,speed_bump,50000,0.13213647855559246
seg_3360,51.572483,-0.198685,0.7997881169716813,signage,20000,0.13435913868266708
seg_3361,55.813194,-4.568382,0.8804198244456224,signage,50000,0.2802017258341416
seg_3362,53.645615,-2.307521,0.8733134666722852,lighting,50000,0.19692338781890323
seg_3363,52.472223,1.748849,0.8780836571108344,signage,20000,0.17457836519129338
seg_3364,51.687051,0.133842,0.7519877140619279,lighting,50000,0.21073134845961128
seg_3365,52.221504,0.112085,0.8539210677952933,signage,50000,0.29627946656642223
seg_3366,51.652119,-0.082769,0.8835513828170589,speed_bump,30000,0.12392609104820858
seg_3367,52.271082,-1.522064,0.8749265399522802,lighting,30000,0.25138976975841304
seg_3368,53.784358,-1.552021,0.8046554929743805,speed_bump,30000,0.1668651724488255
seg_3369,53.481183,-1.433108,0.8505667460983232,lighting,50000,0.12340985416952475
seg_3370,51.282695,1.284768,0.7371042937706236,signage,50000,0.1843866710705877
seg_3371,50.742915,-1.741597,0.8650077810790384,lighting,50000,0.20975057554505416
seg_3372,51.605655,-0.182782,0.8788312187531079,lighting,30000,0.14119232754562938
seg_3373,51.496587,-0.183523,0.8606370555323578,speed_bump,20000,0.1810538918193205
seg_3374,51.757945,0.081974,0.8734197448581773,signage,50000,0.2271352050944581
seg_3375,51.467083,-2.579844,0.8808082674952109,speed_bump,20000,0.21528960394404445
seg_3376,51.352054,-0.33858,0.8639093590313077,speed_bump,20000,0.2446321188109701
seg_3377,55.133211,-1.583853,0.8874561492981516,speed_bump,20000,0.26728090658748027
seg_3378,54.69251,-1.219597,0.8749265399522802,signage,50000,0.18182806635387475
seg_3379,52.594078,-1.984466,0.8749265399522802,speed_bump,30000,0.18459345509244549
seg_3380,51.520052,-2.478617,0.7520405666686313,signage,20000,0.19933842689103062
seg_3381,51.685305,-4.270127,0.8457317003673015,signage,20000,0.21327067567626068
seg_3382,51.829388,-0.210626,0.760361168983097,signage,30000,0.12166453484757833
seg_3383,54.438544,-1.221811,0.7507244198249542,signage,50000,0.16252707083895482
seg_3384,51.520825,-0.071712,0.777656520055848,signage,50000,0.13437835907540485
seg_3385,52.04614,0.295584,0.8843289116515239,lighting,30000,0.17717055246882632
seg_3386,51.514189,-0.061904,0.8659373966004928,signage,30000,0.29467081451480726
seg_3387,50.830395,-0.75458,0.8500173076848866,signage,50000,0.21654619133619596
seg_3388,51.485323,-0.162512,0.8704372332643087,lighting,50000,0.18587630398410926
seg_3389,51.65024,-3.851111,0.7501977950494252,signage,20000,0.21318737904474178
seg_3390,51.893902,0.87607,0.8133546674501767,lighting,50000,0.23381531108543585
seg_3391,52.590683,-2.12854,0.8817205883653086,speed_bump,30000,0.1869906926580802
seg_3392,52.303168,-0.689414,0.8559529077497536,signage,50000,0.18954196085057745
seg_3393,52.650847,-2.400848,0.7371042937706236,lighting,20000,0.2402802258763417
seg_3394,54.111973,-3.216964,0.8734197448581773,speed_bump,20000,0.11217251664114025
seg_3395,53.202687,-1.960793,0.8215922186327269,signage,50000,0.2080161136576688
seg_3396,50.370737,-4.133786,0.8816469077358114,speed_bump,50000,0.20946556244354028
seg_3397,55.838876,-3.216843,0.8817205883653086,signage,20000,0.2513504522256762
seg_3398,54.918603,-1.37171,0.8659222049573487,lighting,50000,0.29652895046733163
seg_3399,51.523272,-0.993153,0.8592105842438866,signage,20000,0.2591509573573616
seg_3400,55.935785,-3.396487,0.8896780724558632,signage,50000,0.2007577225300936
seg_3401,53.55263,-2.863647,0.7506418848730688,signage,20000,0.1338906359214357
seg_3402,51.50517,-0.626992,0.8758656867428216,lighting,20000,0.21765219432663413
seg_3403,51.807776,-0.184532,0.8445435279076849,signage,50000,0.2668597773425372
seg_3404,52.446448,0.629373,0.8241214509833236,speed_bump,50000,0.2864828127290665
seg_3405,50.736623,-2.056936,0.8759839766251365,speed_bump,20000,0.26506207589882014
seg_3406,52.706695,-2.491052,0.8628624605556141,speed_bump,20000,0.13779372127251271
seg_3407,53.263138,-2.500942,0.8690513646590824,speed_bump,30000,0.24251517286986626
seg_3408,51.521697,-0.340369,0.8610747024180011,speed_bump,20000,0.27603098949716864
seg_3409,52.986166,-1.898972,0.761531388628523,speed_bump,50000,0.23620339332539503
seg_3410,53.275709,-2.907859,0.8659373966004928,lighting,50000,0.23715040818564304
seg_3411,56.244611,-2.656752,0.8079571794502124,signage,50000,0.20003245725021573
seg_3412,51.449207,-2.590814,0.8694049066209935,lighting,20000,0.227395244425101
seg_3413,53.434412,-1.363104,0.8733134666722852,lighting,20000,0.15887614384460422
seg_3414,51.39812,-0.09111,0.8369064098834746,speed_bump,50000,0.11776201735714904
seg_3415,50.756632,-1.901751,0.8469240348609925,speed_bump,20000,0.2655429809490801
seg_3416,51.426829,-0.065027,0.8704372332643087,speed_bump,30000,0.28862886147830313
seg_3417,53.723717,-2.66118,0.8687294422211866,signage,30000,0.27136446707538886
seg_3418,51.253987,0.265499,0.8400266099823095,lighting,50000,0.1667827107561606
seg_3419,52.669561,0.15715,0.8705715289236796,lighting,20000,0.11870603026158566
seg_3420,53.648472,-1.791937,0.8610969769075383,speed_bump,50000,0.1560276775262813
seg_3421,51.398157,-2.449933,0.768260315713157,signage,50000,0.26856707516198
seg_3422,53.354773,-2.994146,0.880754340715499,speed_bump,20000,0.2311629015266432
seg_3423,53.54267,-2.103337,0.880332736166794,speed_bump,30000,0.2933388488205874
seg_3424,53.650556,-2.626314,0.8949167679505976,speed_bump,20000,0.16853620368742067
seg_3425,51.317222,-2.969118,0.7693748758259177,signage,30000,0.2102944240583285
seg_3426,51.777442,-4.677789,0.8888961219714209,speed_bump,20000,0.25800764432764556
seg_3427,53.449451,-1.303701,0.8718228826828031,signage,20000,0.14679838854636246
seg_3428,51.310079,0.880436,0.8657379100776147,signage,30000,0.29281799493193317
seg_3429,53.776191,-1.727133,0.8685316766222858,lighting,30000,0.21847953449836297
seg_3430,51.466625,-0.422272,0.8476572874844607,lighting,20000,0.10157951266393064
seg_3431,52.5286,-2.116812,0.8820470212100398,signage,20000,0.10503065512560249
seg_3432,53.589765,-1.62485,0.8194205884102485,lighting,20000,0.276443203280319
seg_3433,54.187321,-0.295509,0.8224694584429251,speed_bump,50000,0.22905630555221548
seg_3434,52.903748,-2.161014,0.7531134551469991,lighting,30000,0.2526145038127724
seg_3435,53.16579,-2.237354,0.8694049066209935,speed_bump,20000,0.2568032001913816
seg_3436,51.510031,-0.08802,0.9230276775849249,lighting,20000,0.1840919552501553
seg_3437,51.587777,-0.1643,0.8718228826828031,speed_bump,50000,0.2597222492284603
seg_3438,53.532198,-2.217202,0.8751540763836675,signage,20000,0.28750648896250763
seg_3439,51.054101,-1.794001,0.8131377365002426,signage,50000,0.13443422155392432
seg_3440,57.097123,-2.105591,0.8222320932880077,signage,30000,0.25282727990840415
seg_3441,51.513296,-0.089757,0.858797549180867,lighting,20000,0.16155840152311302
seg_3442,54.153424,-2.495153,0.7994416859506625,speed_bump,20000,0.16429860061077078
seg_3443,53.405583,-2.978615,0.8365440831290601,lighting,20000,0.18255097020727723
seg_3444,51.129651,0.263124,0.8871507794988254,signage,50000,0.2727439039816171
seg_3445,53.8597,-1.67967,0.8639093590313077,signage,30000,0.10441121346200984
seg_3446,51.503833,-0.219838,0.7170877160940509,lighting,30000,0.18678524136205277
seg_3447,51.519768,-0.191685,0.8606370555323578,speed_bump,20000,0.2360095299138541
seg_3448,51.394725,-0.114683,0.877737079593542,speed_bump,50000,0.1220830916565044
seg_3449,55.115917,-3.311538,0.8211184457878278,speed_bump,20000,0.2584507194034833
seg_3450,53.463413,-2.219728,0.8808198036802879,speed_bump,30000,0.2883805195794706
seg_3451,55.952996,-2.87436,0.7435487283306567,lighting,50000,0.11818696421539572
seg_3452,51.584696,0.39922,0.8273997600387248,speed_bump,50000,0.13058962756617562
seg_3453,53.801898,-3.011355,0.8690513646590824,speed_bump,30000,0.29481944498924056
seg_3454,51.378718,0.53364,0.8742517439241193,signage,50000,0.1395711281571483
seg_3455,55.77085,-3.907584,0.8718228826828031,signage,20000,0.1157879351406409
seg_3456,51.427596,-2.564098,0.8252218669428095,signage,50000,0.29043850727918
seg_3457,51.415099,0.073979,0.9149713558152878,lighting,30000,0.2785245419618938
seg_3458,54.547439,-0.934509,0.8550252875604394,signage,30000,0.2311450945466262
seg_3459,53.792375,-1.772569,0.8780836571108344,speed_bump,20000,0.21028618545751065
seg_3460,58.603366,-3.57425,0.8598466704746015,speed_bump,50000,0.28384653926055403
seg_3461,51.713909,-3.143166,0.8141309781932862,signage,50000,0.23110401502228453
seg_3462,51.930816,-0.586403,0.8133546674501767,signage,50000,0.23167933186301398
seg_3463,53.655927,-2.177604,0.8659373966004928,lighting,20000,0.2687371128403906
seg_3464,52.648413,-1.245261,0.7867573484746397,speed_bump,30000,0.23064913545848417
seg_3465,51.444895,-0.976315,0.8748503009643289,signage,50000,0.2007353774075355
seg_3466,53.004033,-1.127352,0.8588482408307422,speed_bump,30000,0.17794429957968957
seg_3467,55.123546,-1.554426,0.8303652455192708,lighting,50000,0.20062677855824815
seg_3468,51.535077,-0.135564,0.8181793281040061,speed_bump,50000,0.20449572981743888
seg_3469,54.483249,-2.63326,0.7063742923676931,signage,20000,0.17216637622365036
seg_3470,53.623623,-2.144388,0.906454273299778,lighting,30000,0.1896236817960692
seg_3471,53.014739,-2.987637,0.8507469410968699,signage,20000,0.26037438657270423
seg_3472,52.619001,-0.286908,0.877737079593542,signage,30000,0.18330267373517756
seg_3473,51.579759,-0.00369,0.8828627271165255,signage,30000,0.10511195332708588
seg_3474,52.702456,-1.323641,0.7881314798339691,lighting,50000,0.15660386435476983
seg_3475,51.813183,-3.866399,0.8363097286304151,lighting,50000,0.14634837281833962
seg_3476,50.743921,-1.854694,0.8680650198970753,speed_bump,30000,0.2587164023663937
seg_3477,55.678403,-4.497916,0.8584095517773364,speed_bump,30000,0.18985861169436175
seg_3478,57.676711,-3.304438,0.613430503105999,speed_bump,30000,0.15606210860702663
seg_3479,53.286519,-2.93974,0.8617569211990833,signage,30000,0.26214097676832493
seg_3480,54.802255,-1.360137,0.7659837115959455,signage,30000,0.1038433609113224
seg_3481,55.828983,-2.127512,0.8172821982947042,lighting,50000,0.13485016854624352
seg_3482,51.878636,1.001085,0.825928878043767,signage,50000,0.26539096387915995
seg_3483,51.366445,0.053678,0.8694049066209935,lighting,50000,0.21013034553208051
seg_3484,52.988027,-2.501536,0.8612433899063413,speed_bump,20000,0.25472995491589606
seg_3485,51.357981,-2.89831,0.8308306518730301,lighting,30000,0.2676352029524155
seg_3486,52.521825,-0.245144,0.7945703567810105,speed_bump,30000,0.2883926977177079
seg_3487,54.402454,-1.965559,0.7480758473680846,signage,30000,0.1126849198606676
seg_3488,50.982017,-2.184648,0.7686420697851145,speed_bump,30000,0.2598469486596944
seg_3489,53.754241,-2.479527,0.8892329378870962,signage,50000,0.24175322964396698
seg_3490,51.604739,-0.349761,0.8458254266406374,lighting,30000,0.14140512013531184
seg_3491,50.73375,-1.84849,0.8525607034593479,speed_bump,20000,0.2863404532680246
seg_3492,53.243599,-2.430791,0.8575455369171597,speed_bump,30000,0.1808403760612784
seg_3493,52.563767,-2.06178,0.8749265399522802,signage,50000,0.2775221054909608
seg_3494,52.357314,1.621677,0.8244407258020671,signage,20000,0.22102274093298507
seg_3495,53.721725,-1.883731,0.8828627271165255,speed_bump,20000,0.2053495893081913
seg_3496,52.414781,-1.774428,0.8515531981802436,lighting,50000,0.13190478677919587
seg_3497,53.851815,-2.916967,0.7443307095661359,speed_bump,20000,0.2828655248574625
seg_3498,54.155138,-0.990673,0.8211184457878278,lighting,30000,0.21133238147244923
seg_3499,52.46626,-1.870727,0.8856512868004818,speed_bump,50000,0.10121848109936349
seg_3500,54.671945,-1.236118,0.848936960837498,lighting,20000,0.10365690821405665
seg_3501,52.359782,-1.873183,0.8215068110236207,speed_bump,30000,0.2555265210036095
seg_3502,52.254901,-0.765848,0.8484617143565997,lighting,20000,0.13238727067567793
seg_3503,51.482169,-0.173586,0.823716635805986,lighting,20000,0.21974768712562903
seg_3504,53.075529,-2.493148,0.8201803582632392,lighting,20000,0.23621639238679606
seg_3505,52.427706,-1.975539,0.8221564333758742,signage,20000,0.15587311858969938
seg_3506,53.384728,-2.979761,0.8069918436252739,signage,30000,0.21386276168228247
seg_3507,53.70987,-2.708705,0.8376267019928082,signage,30000,0.14805174919781494
seg_3508,51.602129,-0.208487,0.7190103990387297,lighting,20000,0.2892630854735901
seg_3509,51.519408,-0.021202,0.8793426011109614,speed_bump,50000,0.2720340312698334
seg_3510,53.762866,-2.677665,0.8452526653888068,signage,50000,0.15760855829949383
seg_3511,55.940934,-3.675433,0.8684820366806858,speed_bump,20000,0.20576289819006793
seg_3512,51.746245,-0.357715,0.7686420697851145,lighting,50000,0.20012657143078114
seg_3513,52.770106,0.672713,0.8466088126804919,lighting,20000,0.29200465159001476
seg_3514,51.543787,0.770698,0.8266420517280454,lighting,30000,0.1788057560367708
seg_3515,55.427517,-4.671942,0.7659837115959455,signage,30000,0.21244551092431335
seg_3516,51.384113,-0.109083,0.8680095281251984,lighting,30000,0.28574131897748745
seg_3517,55.131534,-1.518938,0.8728909250039701,signage,50000,0.13256221023531162
seg_3518,55.64223,-3.522988,0.8597538978723606,signage,50000,0.2100971206556676
seg_3519,52.058085,-2.711297,0.8718228826828031,signage,20000,0.12113458407236594
seg_3520,52.015962,-0.563756,0.7266856321115721,signage,30000,0.2234997863637001
seg_3521,51.451875,-0.993141,0.8705563897472253,lighting,50000,0.17313664067740092
seg_3522,51.404342,-0.055909,0.889107452866549,signage,50000,0.29352721463592013
seg_3523,51.645732,-0.046783,0.8295049605094362,lighting,50000,0.18308183622970525
seg_3524,50.984367,0.953127,0.7683729511353136,lighting,30000,0.12723752750834136
seg_3525,54.228952,-2.750197,0.757610846459222,lighting,20000,0.26679999218568085
seg_3526,51.393832,-0.145359,0.8734197448581773,lighting,30000,0.2641733382845828
seg_3527,52.469027,-1.99246,0.8229633390802847,lighting,50000,0.23897192390855687
seg_3528,55.822322,-4.345459,0.8808082674952109,lighting,50000,0.2497623603768456
seg_3529,52.440615,-1.969809,0.831894771985585,lighting,50000,0.15294304353788138
seg_3530,56.462932,-2.966052,0.8372817916476127,speed_bump,50000,0.22841070008455625
seg_3531,51.257716,-0.051499,0.7371042937706236,lighting,30000,0.10760397424107873
seg_3532,51.182783,-2.129386,0.8222320932880077,lighting,20000,0.13937802877800692
seg_3533,51.857053,-1.216972,0.6928088884984457,signage,30000,0.2864558895106173
seg_3534,52.735037,-2.025737,0.8427827675147914,lighting,30000,0.24784705941653173
seg_3535,52.337381,-1.390565,0.8223357068929539,lighting,50000,0.14613450819785156
seg_3536,53.026082,-1.307258,0.8194205884102485,lighting,30000,0.12227661790385763
seg_3537,53.471446,-2.256966,0.858249452909064,lighting,50000,0.28978388897370033
seg_3538,52.290052,-0.682323,0.8309369619687645,speed_bump,20000,0.12243753321202655
seg_3539,53.430103,-2.65729,0.8248604829701514,signage,50000,0.15141400960944965
seg_3540,51.510287,-0.081669,0.896031477621039,signage,30000,0.13652679859989142
seg_3541,52.455544,-2.144628,0.793761607820155,speed_bump,50000,0.1014927640823536
seg_3542,50.415647,-5.075848,0.8532049239738021,lighting,30000,0.1628269548196088
seg_3543,53.620288,-0.953751,0.8606370555323578,signage,30000,0.2948357743197525
seg_3544,53.338777,-2.74429,0.8708335542211875,lighting,20000,0.16838066116187128
seg_3545,51.530578,-0.578363,0.8572249294974236,speed_bump,50000,0.20086097589355473
seg_3546,52.475858,-1.913387,0.7997881169716813,speed_bump,50000,0.24918715678435627
seg_3547,53.117986,-1.197902,0.8265943944436676,signage,50000,0.2102160204158432
seg_3548,50.369216,-4.162547,0.8639093590313077,lighting,20000,0.24871830148246132
seg_3549,52.194449,0.131433,0.858249452909064,speed_bump,20000,0.23232717363810304
seg_3550,52.988034,-0.002374,0.8650077810790384,speed_bump,50000,0.22171260459980296
seg_3551,51.663951,0.37223,0.7472144213444974,speed_bump,20000,0.22992978144234902
seg_3552,53.106479,0.246251,0.8630244522936562,signage,30000,0.25983287241565023
seg_3553,52.375956,0.245363,0.8745311895829069,signage,30000,0.24203827896022082
seg_3554,53.596585,-2.31697,0.8685316766222858,speed_bump,50000,0.2583549841410383
seg_3555,53.792464,-1.73585,0.8606370555323578,speed_bump,50000,0.12911952765670626
seg_3556,53.248157,-2.14339,0.8670132071594837,signage,50000,0.23553474654210807
seg_3557,52.454948,-1.885624,0.8808082674952109,speed_bump,20000,0.24740438246510663
seg_3558,52.963443,-1.169797,0.8778270788896069,lighting,30000,0.1599932864993669
seg_3559,51.587578,-0.035395,0.8808082674952109,speed_bump,50000,0.2749154655686564
seg_3560,53.875131,-1.264419,0.8532333799177628,lighting,50000,0.1609423206605401
seg_3561,52.179751,1.527121,0.8353638383126377,lighting,20000,0.14876642387529945
seg_3562,52.250921,-0.80727,0.8608213997124884,speed_bump,50000,0.27341936309610226
seg_3563,53.365971,-2.509855,0.7659837115959455,signage,30000,0.14940396762328534
seg_3564,51.788566,0.643073,0.8820470212100398,signage,20000,0.18310049248636
seg_3565,54.078844,-2.773181,0.8127798839300624,lighting,30000,0.17358456600736377
seg_3566,52.626286,-0.274656,0.8659373966004928,speed_bump,50000,0.2796123645116545
seg_3567,52.766622,0.193965,0.8047113047708372,lighting,20000,0.19104714765759284
seg_3568,54.534867,-1.20468,0.87808815829286,signage,20000,0.2388617866592431
seg_3569,53.575109,-2.441176,0.877737079593542,lighting,50000,0.2588077809287658
seg_3570,51.366791,0.054411,0.8778270788896069,signage,50000,0.22558071614943523
seg_3571,53.406293,-1.317343,0.8179727196684982,signage,20000,0.2887388996649829
seg_3572,53.537235,-1.378612,0.8365440831290601,signage,50000,0.2605015058512016
seg_3573,52.69036,-2.012099,0.8163561861356071,lighting,50000,0.18004132553497262
seg_3574,51.011477,-0.106033,0.858143413517776,signage,50000,0.29016236865153666
seg_3575,51.484312,-3.191712,0.8265419511490008,signage,20000,0.20491496665426684
seg_3576,51.623412,-0.103628,0.8742517439241193,speed_bump,30000,0.10451546458897919
seg_3577,53.518018,-0.101214,0.8760311436499792,signage,50000,0.15200265593057935
seg_3578,51.54126,-0.197466,0.8609027621681186,signage,50000,0.2243459174074533
seg_3579,51.495189,0.284069,0.8079571794502124,lighting,30000,0.13136298046488734
seg_3580,53.70059,-2.285326,0.847726490754238,signage,20000,0.21681360897864072
seg_3581,50.922554,-1.160404,0.8532333799177628,signage,20000,0.17231960446150596
seg_3582,53.43245,-2.432699,0.8685316766222858,lighting,20000,0.2068770960116548
seg_3583,51.524898,-2.603498,0.8864427423502513,lighting,20000,0.10037496957465059
seg_3584,56.1369,-3.131811,0.8718228826828031,signage,20000,0.2696842709337397
seg_3585,53.510156,-2.37153,0.8660537429791191,lighting,20000,0.17238509755510567
seg_3586,51.292741,0.146632,0.8211184457878278,speed_bump,50000,0.1280316868555906
seg_3587,53.963027,-1.085313,0.8588932134924776,signage,30000,0.187583171401016
seg_3588,54.843363,-1.403089,0.7978241553866122,speed_bump,30000,0.19723545869776682
seg_3589,51.586818,0.223844,0.8806777396736573,signage,50000,0.22748054209923776
seg_3590,51.544471,0.755035,0.8126409294121661,lighting,30000,0.20491248807045592
seg_3591,52.457498,-1.927119,0.8778270788896069,lighting,30000,0.10870471641341253
seg_3592,53.036498,-2.188784,0.846876582359446,signage,20000,0.27430246441555295
seg_3593,51.789927,-3.261692,0.8775397761816214,speed_bump,30000,0.19130178635739226
seg_3594,53.397325,-1.370124,0.825928878043767,lighting,20000,0.11539755450660179
seg_3595,52.815816,-0.37682,0.8302749903406541,lighting,30000,0.254565647305837
seg_3596,52.44413,-1.858581,0.8608425517362501,speed_bump,50000,0.23203088375661365
seg_3597,51.383516,-0.173492,0.8879122650106923,speed_bump,30000,0.22988755455384435
seg_3598,52.614132,-1.13728,0.8910725015393074,lighting,20000,0.1853828003471122
seg_3599,51.475988,-0.11263,0.8705563897472253,speed_bump,50000,0.18209941252419767
seg_3600,52.258783,-1.609986,0.8425714140092191,speed_bump,50000,0.20726772727746856
seg_3601,54.700125,-1.229847,0.8734197448581773,speed_bump,30000,0.11011888257982066
seg_3602,52.537879,-1.01979,0.7400982571847969,lighting,20000,0.15979155284358418
seg_3603,53.70479,-2.322782,0.8685316766222858,speed_bump,50000,0.2975788347124747
seg_3604,51.17166,-1.779502,0.8800368254623406,signage,20000,0.23243849782561515
seg_3605,53.299536,-1.104773,0.793761607820155,lighting,50000,0.1837868330834644
seg_3606,51.373912,0.072118,0.8742517439241193,lighting,20000,0.1444726205880906
seg_3607,54.00738,-1.464706,0.875517776670242,signage,30000,0.24904187238004669
seg_3608,51.446224,-0.383545,0.9031163823982383,speed_bump,50000,0.15205806194123828
seg_3609,50.84983,-1.1154,0.8728909250039701,signage,20000,0.13247402076925907
seg_3610,51.626654,-3.939037,0.8900476742148065,speed_bump,20000,0.13090298004685746
seg_3611,52.583768,-1.191454,0.898555051983307,signage,20000,0.2458526558329465
seg_3612,55.86131,-4.044331,0.8443666687004182,speed_bump,30000,0.22856205085774348
seg_3613,54.687466,-1.786828,0.7480758473680846,lighting,30000,0.11396121987424612
seg_3614,50.411038,-3.561616,0.8532364552634714,signage,20000,0.12300856307244051
seg_3615,51.421874,-0.091846,0.8816271948307352,speed_bump,30000,0.2267693734707154
seg_3616,53.773662,-1.545221,0.8777301639603974,lighting,50000,0.2142232203744318
seg_3617,51.393523,-2.356562,0.8694049066209935,speed_bump,50000,0.2371998120743627
seg_3618,50.848058,0.119188,0.8704589270793932,speed_bump,20000,0.1356077816726524
seg_3619,53.714727,-1.275251,0.8757333617299232,lighting,30000,0.24531758124343342
seg_3620,56.267193,-3.748931,0.8298490558377805,signage,20000,0.28721929346610997
seg_3621,53.767793,-2.686771,0.8800522573340586,lighting,30000,0.22021006290708822
seg_3622,51.18204,-0.694992,0.8224026216185021,lighting,50000,0.13922600392855677
seg_3623,52.891995,-1.313709,0.7340889854084875,speed_bump,50000,0.23590877105682131
seg_3624,51.427272,-0.346526,0.8241931158511356,signage,20000,0.1686163367092129
seg_3625,53.016468,-2.172284,0.8858534684033869,signage,20000,0.10985754927714429
seg_3626,52.720658,-2.729874,0.768260315713157,signage,50000,0.1604677390704997
seg_3627,52.39064,1.180076,0.749690413366719,lighting,50000,0.2811170203900264
seg_3628,51.528707,-0.136545,0.8560744858307949,signage,20000,0.18222786403519503
seg_3629,52.192014,0.154109,0.8680095281251984,signage,20000,0.2729330676062185
seg_3630,55.453258,-4.582575,0.7295376699995589,speed_bump,30000,0.20173186870455834
seg_3631,54.554257,-1.228887,0.8588932134924776,speed_bump,30000,0.20339559779192
seg_3632,51.364199,-0.685914,0.8580968496356337,lighting,30000,0.10104326421297888
seg_3633,52.630945,-1.125277,0.8888831607833779,signage,50000,0.22742081465779443
seg_3634,51.519668,-1.788246,0.7657617178232036,signage,50000,0.12156276900608405
seg_3635,51.400133,-0.914321,0.8046313020732515,speed_bump,50000,0.19574968293641087
seg_3636,53.710414,-1.696955,0.8828627271165255,speed_bump,20000,0.15206337113161977
seg_3637,53.000882,-3.04186,0.8326701886718421,speed_bump,50000,0.17847659316586298
seg_3638,55.156174,-1.716257,0.7501977950494252,lighting,50000,0.20741547113336017
seg_3639,53.312773,-2.417379,0.7686420697851145,speed_bump,30000,0.10289282292039457
seg_3640,51.377778,-0.532954,0.8833420383113613,signage,30000,0.15691671665432455
seg_3641,52.623877,1.290817,0.8547121191250873,signage,50000,0.29792238685837297
seg_3642,51.440681,-0.029473,0.8639093590313077,signage,50000,0.11147982516411192
seg_3643,51.429456,-0.044488,0.8912893786170506,speed_bump,30000,0.16387869763147367
seg_3644,51.58262,-0.226575,0.8670132071594837,signage,20000,0.16428429499292965
seg_3645,53.408637,-2.267302,0.8667538003488293,speed_bump,30000,0.17587718418655252
seg_3646,50.717682,-1.872906,0.8659222049573487,speed_bump,50000,0.23695618368846907
seg_3647,50.387432,-4.091669,0.7212147103946015,speed_bump,20000,0.14954875973659293
seg_3648,54.53979,-0.951943,0.8199515801242754,signage,50000,0.19205386882721054
seg_3649,52.403753,-1.962485,0.8694049066209935,signage,20000,0.22897271337048983
seg_3650,51.734993,-1.229644,0.8659222049573487,lighting,50000,0.16446441166571774
seg_3651,52.504657,-2.188987,0.8188595419432747,lighting,30000,0.28975451610065095
seg_3652,54.777574,-1.598083,0.8704372332643087,speed_bump,20000,0.2959345269885363
seg_3653,51.47627,-0.384355,0.8639093590313077,speed_bump,20000,0.12393471353750224
seg_3654,54.219425,-2.805742,0.8583658519756138,signage,20000,0.16876397688016204
seg_3655,56.318694,-5.490131,0.8247430415189133,speed_bump,50000,0.14159441396129507
seg_3656,52.038743,-0.77356,0.8749265399522802,speed_bump,30000,0.13735791911142303
seg_3657,55.990398,-4.852426,0.8616179731548715,signage,50000,0.1981959676676559
seg_3658,53.261739,-2.87683,0.8303652455192708,speed_bump,20000,0.21276542162697576
seg_3659,51.76449,0.067783,0.8806777396736573,speed_bump,50000,0.18513040811951983
seg_3660,54.95167,-1.553878,0.8597042032991686,speed_bump,50000,0.15451097461947214
seg_3661,51.450765,-0.983265,0.8759873080403942,speed_bump,20000,0.15572431485072794
seg_3662,56.004772,-3.652854,0.8658704252490534,signage,30000,0.29842563126814614
seg_3663,52.259769,-0.952367,0.8759873080403942,signage,50000,0.28473547479805006
seg_3664,52.956038,-1.231716,0.8733134666722852,speed_bump,20000,0.11517976819787144
seg_3665,53.796226,-1.759251,0.8828627271165255,speed_bump,20000,0.23131013039922513
seg_3666,51.295804,0.482878,0.8417304384346448,speed_bump,50000,0.19137552149696885
seg_3667,54.132317,-0.79464,0.8879122650106923,lighting,30000,0.23776281943983238
seg_3668,51.239303,-0.204711,0.8780836571108344,speed_bump,20000,0.21939214110811067
seg_3669,53.602957,-2.285131,0.8610969769075383,lighting,50000,0.2778504800164835
seg_3670,51.524682,-3.244083,0.8718228826828031,lighting,50000,0.11339766285776501
seg_3671,51.473715,-0.069115,0.8800522573340586,lighting,20000,0.1699195824115411
seg_3672,52.41696,-1.535192,0.8265419511490008,speed_bump,20000,0.29709882515511693
seg_3673,53.285932,-2.123866,0.8625473519659984,lighting,20000,0.13645706979812336
seg_3674,51.246063,-1.091014,0.8126409294121661,speed_bump,50000,0.12546668790132945
seg_3675,51.542194,0.112924,0.8063710927924588,speed_bump,20000,0.2457944012001151
seg_3676,55.858016,-4.172743,0.8588932134924776,speed_bump,50000,0.25548703200349265
seg_3677,55.271075,-1.646155,0.8566473203560964,signage,30000,0.23445470953493203
seg_3678,51.529649,-0.292935,0.8705563897472253,speed_bump,30000,0.255239165751985
seg_3679,51.49748,-0.477538,0.8905278843155824,signage,50000,0.23874431441863445
seg_3680,52.062418,1.151145,0.8705563897472253,signage,50000,0.12715413645783535
seg_3681,53.57221,-2.436238,0.8454487557329182,lighting,20000,0.22164437949570143
seg_3682,53.735753,-2.662296,0.8800368254623406,lighting,20000,0.25537533651190647
seg_3683,53.745163,-2.599365,0.8326879363071814,speed_bump,20000,0.27310332126489356
seg_3684,52.584569,-0.239347,0.8708335542211875,signage,50000,0.14924704853674153
seg_3685,53.014037,-1.355448,0.8780836571108344,lighting,30000,0.1254861521877077
seg_3686,51.998457,-0.738129,0.8692644364159976,lighting,20000,0.2562180887165159
seg_3687,53.591754,-2.271308,0.9192711215682445,signage,20000,0.15130966900713308
seg_3688,53.764144,-0.351827,0.8690513646590824,signage,30000,0.10638589566417747
seg_3689,53.734109,-1.743702,0.8128633862045094,lighting,50000,0.2650427127298608
seg_3690,52.549087,-0.228275,0.8726364013966337,speed_bump,30000,0.201198226762172
seg_3691,53.800663,-1.555101,0.8659222049573487,speed_bump,50000,0.16532662648568439
seg_3692,53.008988,-2.184923,0.8955844938953103,lighting,50000,0.10228582104630984
seg_3693,54.886013,-1.413839,0.8667538003488293,lighting,50000,0.10706548894158954
seg_3694,52.928798,-1.170273,0.9277380051907125,speed_bump,30000,0.25852465411205894
seg_3695,51.742058,-2.282537,0.8615914847336005,speed_bump,50000,0.19794117699297287
seg_3696,54.951206,-1.629922,0.8615095808885249,lighting,50000,0.12994440985929204
seg_3697,53.386651,-2.365777,0.8442576364802962,speed_bump,30000,0.17170112544980362
seg_3698,51.545478,-0.133696,0.8957179958345405,lighting,30000,0.1330610295075046
seg_3699,51.474261,-0.613809,0.8816271948307352,signage,50000,0.12257631063607732
seg_3700,50.847844,-1.180894,0.8705715289236796,lighting,30000,0.15526156413482872
seg_3701,53.459963,-2.115787,0.8265419511490008,lighting,20000,0.2099017094924795
seg_3702,53.499311,-2.313591,0.8847686443381488,lighting,50000,0.14200132156244538
seg_3703,51.616062,-0.082989,0.8318895137499541,signage,20000,0.16873421625695342
seg_3704,53.177711,-0.105237,0.7443307095661359,signage,50000,0.19558617679129192
seg_3705,51.464565,-0.090354,0.8775397761816214,speed_bump,30000,0.18400594783663038
seg_3706,51.547846,-0.068839,0.8469240348609925,lighting,30000,0.12572555982425793
seg_3707,51.343606,1.281082,0.7472144213444974,signage,20000,0.10777312710717764
seg_3708,52.510284,-2.091513,0.8847686443381488,speed_bump,30000,0.10709174538978779
seg_3709,51.735884,-0.328246,0.8637582653506912,signage,50000,0.17003580360557347
seg_3710,53.13176,-1.167947,0.8817205883653086,speed_bump,20000,0.24376041570746457
seg_3711,50.985614,-4.242226,0.8597257377887327,signage,50000,0.12625105974585413
seg_3712,51.777851,-0.221104,0.755775168527238,signage,50000,0.25739602327288513
seg_3713,50.738378,-2.449774,0.7680479977270516,lighting,50000,0.24313486186276737
seg_3714,51.819906,0.44608,0.8160748171164787,signage,30000,0.10078869817712224
seg_3715,51.503058,-0.126231,0.8469240348609925,lighting,20000,0.10534957459636902
seg_3716,53.202635,-4.137948,0.7280939538127603,speed_bump,50000,0.13900664310761032
seg_3717,50.720465,-3.510677,0.8667538003488293,lighting,30000,0.11122418221011701
seg_3718,50.871442,-4.318302,0.829519837486178,signage,30000,0.20626862105406119
seg_3719,51.219874,-0.210336,0.896186816467354,lighting,50000,0.10792545229168315
seg_3720,51.856466,-2.222124,0.8458254266406374,speed_bump,50000,0.2605291675990795
seg_3721,51.495974,0.37982,0.8316624061757316,speed_bump,20000,0.1985924137891621
seg_3722,51.877288,-0.41491,0.8800522573340586,signage,50000,0.2455908733344955
seg_3723,53.209673,-3.125083,0.7501977950494252,signage,30000,0.2501405101871682
seg_3724,52.96608,-0.002419,0.8469240348609925,lighting,50000,0.20135278793404654
seg_3725,53.572264,-2.591178,0.8046313020732515,signage,30000,0.2850725752506932
seg_3726,51.754998,0.090967,0.8628624605556141,lighting,50000,0.2980481547710616
seg_3727,51.516764,-0.266609,0.8900474546764308,speed_bump,50000,0.17184293720290916
seg_3728,51.437771,-0.120559,0.8659373966004928,speed_bump,50000,0.1251728280498467
seg_3729,54.56987,-1.225035,0.8685316766222858,speed_bump,50000,0.17264763572957337
seg_3730,51.484931,-0.453183,0.880332736166794,signage,30000,0.14467077940285403
seg_3731,51.575563,-3.032326,0.757610846459222,signage,20000,0.20620113341235002
seg_3732,51.299499,-2.453844,0.8512591614879486,speed_bump,30000,0.17567752025048028
seg_3733,51.540196,0.192438,0.8391780123935494,signage,30000,0.19608988285735818
seg_3734,53.597153,-2.268471,0.8394038520566285,lighting,50000,0.2526375152152003
seg_3735,52.614445,-1.649292,0.8770264695737506,lighting,30000,0.15480419490837044
seg_3736,55.85473,-3.054416,0.757610846459222,speed_bump,30000,0.20749494492794507
seg_3737,51.088087,1.185538,0.8847686443381488,speed_bump,20000,0.16703224986573767
seg_3738,51.563999,-1.955245,0.8025287015918593,signage,50000,0.2569921728241322
seg_3739,52.504165,1.723784,0.8132373870284961,signage,30000,0.22790732648153925
seg_3740,52.58544,-2.044984,0.6552188760777691,lighting,20000,0.10170094610212216
seg_3741,51.441918,-0.124683,0.8659373966004928,lighting,20000,0.23201026822104368
seg_3742,51.502959,-0.376496,0.8452526653888068,signage,50000,0.13403240161331648
seg_3743,55.292309,-1.726908,0.7768927032663168,speed_bump,20000,0.24489475804060784
seg_3744,56.498924,-2.847895,0.8267993956640596,lighting,30000,0.2134677333690916
seg_3745,51.588909,-0.102201,0.8800368254623406,signage,30000,0.18029653554463493
seg_3746,51.498867,-0.070767,0.8752296157453984,speed_bump,20000,0.2388132858414517
seg_3747,51.422044,-0.042215,0.7817347507726844,signage,20000,0.27131865717375603
seg_3748,50.989878,-0.73715,0.7146572121431831,signage,50000,0.25574874277241466
seg_3749,51.442798,-0.112272,0.8849077589639955,signage,30000,0.2090758553143815
seg_3750,51.378941,-0.281162,0.8705715289236796,speed_bump,20000,0.24453886405190595
seg_3751,50.189788,-5.416028,0.7652398279570446,signage,20000,0.18278291087855073
seg_3752,53.767644,-2.375756,0.8610747024180011,signage,30000,0.25780522431262576
seg_3753,53.198561,-2.349654,0.810091518762741,lighting,50000,0.2658103783245636
seg_3754,50.772575,0.100598,0.8742517439241193,lighting,50000,0.12745876737527975
seg_3755,51.576795,-0.19837,0.8438953416340625,lighting,20000,0.14760627191878925
seg_3756,51.547294,-0.275833,0.8749265399522802,speed_bump,50000,0.1539977474698317
seg_3757,53.855203,-2.178569,0.8856512868004818,speed_bump,50000,0.1332163437964183
seg_3758,51.762866,-1.198957,0.8892715440921751,lighting,20000,0.17850700137948414
seg_3759,51.443632,0.082755,0.8839035364841051,speed_bump,20000,0.13860664228992245
seg_3760,53.446621,-2.983774,0.8879122650106923,lighting,50000,0.2191078621853219
seg_3761,53.613417,-1.282762,0.761531388628523,speed_bump,30000,0.12032308857952319
seg_3762,55.901864,-3.390067,0.8538047437167354,speed_bump,50000,0.15398383060535129
seg_3763,55.460482,-4.632074,0.8692644364159976,speed_bump,20000,0.23310412918927134
seg_3764,51.562135,-0.073716,0.8588932134924776,speed_bump,20000,0.17970902462666985
seg_3765,52.724421,-2.115948,0.7629688389471555,speed_bump,20000,0.18429254837068154
seg_3766,50.940492,-1.436914,0.8770973704521865,signage,20000,0.2595850505916778
seg_3767,50.720022,-3.489129,0.8411292535932957,signage,30000,0.2969023106581973
seg_3768,52.538443,-3.230633,0.7888134385653386,signage,20000,0.2130135566508426
seg_3769,53.484371,-1.534607,0.7371042937706236,speed_bump,50000,0.11581343429272156
seg_3770,53.288646,-3.717196,0.8918506001591661,speed_bump,30000,0.12058059484472719
seg_3771,52.604616,-2.130205,0.8957179958345405,lighting,50000,0.2937001444058832
seg_3772,57.487479,-2.000297,0.743956690147443,speed_bump,30000,0.2358469825496943
seg_3773,51.697369,-4.059593,0.8046313020732515,lighting,20000,0.25049382366676387
seg_3774,50.833113,-1.244798,0.7661692490229268,speed_bump,30000,0.23515275153710827
seg_3775,51.611153,-0.135482,0.8429543539546722,lighting,20000,0.13592352033903066
seg_3776,53.796793,-1.555871,0.8705715289236796,speed_bump,50000,0.1896724321649524
seg_3777,52.458147,-2.023368,0.9052695951953987,signage,50000,0.2596160875238731
seg_3778,51.241897,-0.576394,0.8617569211990833,signage,20000,0.27327259258841463
seg_3779,51.420839,-0.539832,0.8224694584429251,speed_bump,30000,0.1474671029492744
seg_3780,51.831164,-3.044683,0.8215068110236207,lighting,30000,0.21919235816676413
seg_3781,53.602308,-3.037108,0.8731519917639816,lighting,20000,0.13142038054769067
seg_3782,51.551292,-0.126102,0.858705763764342,lighting,20000,0.2916553746243503
seg_3783,53.039481,-2.47126,0.7994416859506625,signage,50000,0.15044085779849753
seg_3784,52.505166,-2.018825,0.8829568237414864,signage,20000,0.24532702572077933
seg_3785,53.176629,-1.100347,0.8109533763992033,speed_bump,30000,0.14622258884537087
seg_3786,51.401047,-0.072154,0.8993643083315586,lighting,20000,0.2232107885757083
seg_3787,52.639735,-1.122515,0.8728909250039701,lighting,30000,0.2318528614045313
seg_3788,53.589846,-0.207087,0.8374630841065995,signage,20000,0.16568562069095055
seg_3789,52.933166,-1.964707,0.8224694584429251,lighting,30000,0.26376677308521024
seg_3790,51.368795,-0.118335,0.8628624605556141,lighting,30000,0.2770741796494901
seg_3791,51.276423,-0.960566,0.8417304384346448,lighting,30000,0.27101398605079896
seg_3792,52.486484,-1.942229,0.8860262673179679,lighting,30000,0.16615964389294346
seg_3793,52.296418,-1.591938,0.8617569211990833,speed_bump,20000,0.2488680518025308
seg_3794,53.518985,-2.938693,0.8937828685097291,signage,30000,0.21189815097384485
seg_3795,55.879792,-4.161856,0.8600232219846694,lighting,50000,0.2185256648984023
seg_3796,53.043232,-1.403042,0.8429543539546722,signage,30000,0.19548501705169236
seg_3797,51.593632,-1.753779,0.8151207191698444,lighting,20000,0.22005222959377432
seg_3798,51.555526,-0.316345,0.8692644364159976,lighting,50000,0.12713083160715
seg_3799,50.830199,-0.13596,0.8888831607833779,lighting,50000,0.18176944662349107
seg_3800,51.15822,1.296192,0.8539210677952933,signage,50000,0.1355343523975892
seg_3801,52.5043,-0.64995,0.7877166607044158,speed_bump,50000,0.15602110619428516
seg_3802,52.448282,-1.912876,0.8176109602647221,signage,50000,0.12556290718442675
seg_3803,51.529645,-0.292647,0.8685316766222858,lighting,50000,0.14249912104440401
seg_3804,50.953597,-0.102834,0.8298368913967566,lighting,30000,0.2563858511575432
seg_3805,51.513659,-0.123323,0.8430440139126898,signage,20000,0.20996729243553403
seg_3806,51.319954,-0.733129,0.8710083258286672,lighting,30000,0.10472862370244701
seg_3807,51.810424,-0.771064,0.8575538727052617,lighting,20000,0.2577048967604231
seg_3808,51.581085,-0.758066,0.8111116834795092,speed_bump,50000,0.28189367918589814
seg_3809,51.45508,-0.254841,0.8667538003488293,speed_bump,30000,0.2760858551565275
seg_3810,53.716294,-2.660597,0.8047113047708372,lighting,50000,0.2646033765746644
seg_3811,53.337213,-2.735552,0.8617569211990833,speed_bump,30000,0.29844328856018737
seg_3812,50.746043,-1.908972,0.8833420383113613,signage,30000,0.21728039110758657
seg_3813,51.572109,-0.422519,0.8750255375987566,speed_bump,50000,0.29251752570298095
seg_3814,52.289547,-1.55368,0.8835513828170589,speed_bump,30000,0.28976884650028545
seg_3815,51.454903,-0.969038,0.8775397761816214,lighting,30000,0.16264774610068786
seg_3816,53.2015,-0.567407,0.8660537429791191,speed_bump,30000,0.27268675121117414
seg_3817,52.921301,-1.47195,0.8914184787954034,signage,50000,0.2584945331117554
seg_3818,53.523654,-2.492063,0.8709574620550127,speed_bump,50000,0.2551597554802171
seg_3819,51.716212,-0.369755,0.8266420517280454,signage,20000,0.27925615425838435
seg_3820,51.562497,-0.541444,0.7661692490229268,lighting,30000,0.17683800198406155
seg_3821,51.331143,-0.276749,0.8728909250039701,lighting,30000,0.18001099317747637
seg_3822,51.31338,-0.082126,0.8896739408174394,speed_bump,30000,0.2280104618407273
seg_3823,55.697813,-3.945876,0.8605158544598902,lighting,20000,0.24756090756286842
seg_3824,51.635338,-3.953309,0.8469240348609925,speed_bump,50000,0.2759474205315229
seg_3825,54.971566,-1.617237,0.7931351185900556,signage,50000,0.2751690641318564
seg_3826,56.406137,-5.469801,0.8760832981408552,speed_bump,20000,0.24426792487725196
seg_3827,51.913015,-0.457707,0.8914184787954034,speed_bump,20000,0.29137855556430453
seg_3828,52.026713,-0.310074,0.8044175768383091,signage,30000,0.13572572378924846
seg_3829,50.827226,-0.16739,0.831894771985585,lighting,20000,0.2900679694360172
seg_3830,51.345573,0.750965,0.8859830978756308,signage,50000,0.11283829640672433
seg_3831,51.506731,-0.269295,0.8597042032991686,lighting,50000,0.21112437623838365
seg_3832,50.729016,-1.875284,0.8221564333758742,signage,50000,0.11803939140162445
seg_3833,57.491574,-4.214718,0.8623531352830244,speed_bump,30000,0.2136001950396273
seg_3834,52.551825,-2.01973,0.878119497358099,lighting,50000,0.1780219424911439
seg_3835,54.550052,-1.217835,0.8816271948307352,signage,20000,0.11632188630047738
seg_3836,51.147567,0.883313,0.8964053036045811,lighting,20000,0.22962336100483766
seg_3837,52.51065,-2.017501,0.824195186195775,speed_bump,20000,0.24623959992456837
seg_3838,51.556097,-0.117249,0.8606370555323578,signage,50000,0.13483708272399625
seg_3839,51.346925,0.502301,0.8215068110236207,signage,30000,0.23888734386175378
seg_3840,53.540883,-2.090506,0.793761607820155,signage,20000,0.1358095098295466
seg_3841,55.849857,-4.123306,0.7997881169716813,speed_bump,20000,0.1274792898630553
seg_3842,54.439539,-2.484721,0.7428970677549007,speed_bump,30000,0.12947265330494914
seg_3843,53.491848,-2.35598,0.8761385089704191,lighting,20000,0.21981569379086696
seg_3844,51.601199,-2.956959,0.8133546674501767,signage,30000,0.2557581616253206
seg_3845,52.341799,1.58804,0.7503751733214675,speed_bump,30000,0.21937874029476273
seg_3846,52.578461,-0.256757,0.8709574620550127,signage,20000,0.26187029060364897
seg_3847,53.751254,-2.334633,0.8575455369171597,speed_bump,20000,0.21829546821407383
seg_3848,53.78006,-2.658517,0.858249452909064,signage,30000,0.25946424946969737
seg_3849,55.843913,-4.174209,0.8694049066209935,lighting,30000,0.2953045002266601
seg_3850,53.403121,-2.604173,0.831894771985585,signage,20000,0.17819196159364492
seg_3851,51.518114,-0.224614,0.8839035364841051,lighting,30000,0.12998843538537894
seg_3852,55.775231,-4.196405,0.8518715383148202,lighting,30000,0.12707936234099154
seg_3853,51.584988,-1.81219,0.8476572874844607,speed_bump,20000,0.2194955193313196
seg_3854,53.214936,-4.163724,0.8513489610587431,speed_bump,30000,0.2094206131710684
seg_3855,50.521151,-5.001614,0.8266420517280454,signage,20000,0.13684707570840615
seg_3856,51.450716,-1.856778,0.8469971082160745,speed_bump,20000,0.2764209925335347
seg_3857,51.371971,0.542033,0.8606370555323578,lighting,20000,0.29134967369083764
seg_3858,53.260673,-3.032422,0.813476322262668,lighting,20000,0.15064312862066034
seg_3859,51.508303,-0.580498,0.8524361183682376,speed_bump,20000,0.1413765861802134
seg_3860,54.593278,-1.063543,0.8600232219846694,speed_bump,50000,0.14278437046150944
seg_3861,52.365659,-0.443213,0.8425649057265235,speed_bump,20000,0.17748430593827189
seg_3862,54.903052,-1.388483,0.8610074343127961,lighting,50000,0.2706454350597892
seg_3863,52.728922,0.106168,0.7800490030904871,speed_bump,50000,0.21919212198822358
seg_3864,57.60036,-2.230526,0.7870512347539738,speed_bump,50000,0.113510686346534
seg_3865,51.698613,-0.190641,0.876240690069997,signage,50000,0.19459581703441342
seg_3866,52.067832,1.259522,0.8820470212100398,speed_bump,20000,0.11806633660561852
seg_3867,53.586261,-1.502067,0.8667538003488293,signage,30000,0.18124282280168802
seg_3868,52.759913,-1.287039,0.8414759376965659,lighting,50000,0.1807040284606634
seg_3869,51.822144,-0.822337,0.8737328817122,signage,30000,0.22967053314192912
seg_3870,52.181903,-2.20983,0.845594616165035,lighting,20000,0.20989079339262018
seg_3871,55.644219,-4.750263,0.8955844938953103,lighting,30000,0.2749509564678172
seg_3872,53.834903,-1.735869,0.8610747024180011,signage,50000,0.10325503653309448
seg_3873,55.141337,-1.569021,0.8757333617299232,speed_bump,50000,0.2547997644189298
seg_3874,53.40219,-2.16492,0.8708335542211875,speed_bump,30000,0.10453166819116835
seg_3875,53.519347,-2.144002,0.8600232219846694,speed_bump,20000,0.1608579656952732
seg_3876,53.301004,-1.125571,0.8847686443381488,signage,20000,0.27593262763591264
seg_3877,51.579406,-3.222052,0.8868921871172672,lighting,20000,0.23808283433542435
seg_3878,51.397586,-0.102489,0.8709574620550127,lighting,30000,0.13439933567322865
seg_3879,54.487418,-1.191708,0.8434333373697559,lighting,20000,0.19815690882238857
seg_3880,50.987206,0.944728,0.8206054074323508,signage,30000,0.24438083619559717
seg_3881,52.128968,-4.074434,0.8224026216185021,lighting,20000,0.28746866426790585
seg_3882,51.526956,-3.241694,0.8575538727052617,speed_bump,20000,0.22686423984364074
seg_3883,52.061474,-0.500008,0.8596843407540073,speed_bump,20000,0.10493508228658546
seg_3884,51.398858,0.492052,0.8835900195634384,lighting,20000,0.1999403719392567
seg_3885,52.297303,-0.389689,0.8303652455192708,speed_bump,50000,0.13059232783416555
seg_3886,52.202339,0.117762,0.8847686443381488,lighting,50000,0.10955591009498428
seg_3887,55.835191,-4.272558,0.8866175064016307,lighting,50000,0.21970212693631685
seg_3888,52.675834,-0.535847,0.7826747672280864,lighting,30000,0.2553843805020849
seg_3889,52.596655,-1.913748,0.8680650198970753,signage,20000,0.10721211109928086
seg_3890,51.540037,-0.05345,0.8623531352830244,speed_bump,50000,0.2567178541931039
seg_3891,53.748408,-2.35851,0.8858534684033869,signage,30000,0.24127757596230173
seg_3892,50.990456,-0.198514,0.8210799859853678,speed_bump,50000,0.25039737763367226
seg_3893,54.965907,-1.473592,0.8167680316711905,lighting,30000,0.1489456745431401
seg_3894,51.767503,-1.261769,0.8800522573340586,speed_bump,30000,0.17871909109868583
seg_3895,52.176213,0.145334,0.8778993593534077,signage,30000,0.1239501654414438
seg_3896,52.885913,-2.316816,0.8593204994772553,speed_bump,20000,0.1477781900468933
seg_3897,50.262522,-5.080068,0.8817205883653086,lighting,30000,0.160557934295486
seg_3898,51.317311,-2.966262,0.8670132071594837,lighting,50000,0.16388732790735722
seg_3899,50.144383,-5.481668,0.8228300438362112,signage,20000,0.13500797761936237
seg_3900,51.679103,-0.034184,0.8771851600593772,speed_bump,20000,0.13774235961422868
seg_3901,54.990154,-1.535634,0.8808082674952109,signage,50000,0.28029407995843203
seg_3902,53.388634,-2.619471,0.8038159685958967,speed_bump,30000,0.25677872296312115
seg_3903,51.511264,-0.378794,0.863272061515068,lighting,50000,0.16889554069828747
seg_3904,51.440956,-0.092922,0.8285705129119834,signage,30000,0.2895287078961921
seg_3905,53.793308,-1.559278,0.8828627271165255,signage,30000,0.1477845425584648
seg_3906,54.965487,-1.52436,0.880118507542614,signage,50000,0.18136409069001014
seg_3907,51.354374,-0.324694,0.825928878043767,signage,30000,0.26270506228691415
seg_3908,50.734085,-1.776787,0.8793426011109614,lighting,20000,0.18857727404072533
seg_3909,51.757969,0.115884,0.8690513646590824,signage,30000,0.14692506458162918
seg_3910,52.928618,-2.498915,0.757610846459222,lighting,20000,0.17370709352429767
seg_3911,50.890546,-1.467374,0.8504736046981535,signage,30000,0.2001442144749363
seg_3912,51.105216,-2.164227,0.8215922186327269,lighting,50000,0.22412887673206747
seg_3913,52.612259,1.281671,0.8858534684033869,speed_bump,20000,0.18112129991630466
seg_3914,55.998866,-4.716386,0.8716190982067766,signage,50000,0.18626086622399485
seg_3915,54.97089,-1.734404,0.7702670461465156,lighting,30000,0.15278872256028503
seg_3916,55.321149,-1.724661,0.8194205884102485,lighting,20000,0.20706945968348234
seg_3917,53.746148,-2.457889,0.8667538003488293,signage,20000,0.14389124675390927
seg_3918,50.350811,-3.986807,0.7693748758259177,lighting,50000,0.27350524362161516
seg_3919,50.946291,-1.473376,0.8583168233323262,speed_bump,50000,0.2494734140532603
seg_3920,51.448792,-0.887695,0.8757333617299232,signage,50000,0.1820557976828368
seg_3921,51.484324,-2.771318,0.8754808237149692,speed_bump,30000,0.24944556940656953
seg_3922,52.643555,1.21955,0.8432850900957162,speed_bump,30000,0.10139918836187461
seg_3923,51.382281,1.36363,0.8858534684033869,speed_bump,30000,0.1688978445284793
seg_3924,53.185689,-2.888896,0.8547121191250873,speed_bump,30000,0.1880602296293577
seg_3925,51.562732,-0.304681,0.8694049066209935,speed_bump,20000,0.19395970150913944
seg_3926,52.375586,-1.285211,0.8632668700159225,speed_bump,20000,0.24974629554206776
seg_3927,53.774813,-1.803922,0.8704372332643087,lighting,50000,0.29256148551234273
seg_3928,52.707577,-1.504876,0.8198253214397685,speed_bump,30000,0.17599942608856062
seg_3929,51.714649,-3.450788,0.8771851600593772,signage,20000,0.17011996990557493
seg_3930,51.452503,-2.15223,0.8280132823277481,signage,50000,0.22210304531607922
seg_3931,51.63746,-0.012429,0.8670132071594837,lighting,20000,0.1562507228383158
seg_3932,57.428275,-2.738554,0.8350725275558416,signage,30000,0.12827006676303784
seg_3933,51.437459,-0.11019,0.8734197448581773,signage,20000,0.29230817409843973
seg_3934,51.508177,-0.129169,0.801987490371122,lighting,30000,0.26190599136180437
seg_3935,51.535492,-3.145035,0.8691380290833993,signage,30000,0.2916999106048256
seg_3936,51.546567,0.137619,0.848027143895286,speed_bump,50000,0.14356657573678333
seg_3937,53.064511,0.195511,0.8222320932880077,speed_bump,50000,0.10356184299393412
seg_3938,53.306939,-0.933677,0.8323012654909696,signage,50000,0.18745231514762128
seg_3939,53.817284,-3.030713,0.8500173076848866,speed_bump,20000,0.2867217925983162
seg_3940,52.115085,-2.078376,0.8211184457878278,speed_bump,20000,0.12766506777435177
seg_3941,53.237456,-2.207332,0.8273997600387248,lighting,50000,0.12343710456691968
seg_3942,51.631103,-0.151714,0.8486526675050747,signage,50000,0.11379055684916842
seg_3943,52.791846,-1.432292,0.8364108227637785,signage,20000,0.253003599786395
seg_3944,53.634126,-2.486935,0.8110709587816983,lighting,20000,0.2571853067667078
seg_3945,51.994183,-4.70921,0.8605490860609336,signage,30000,0.2390752111326928
seg_3946,50.370052,-4.12408,0.8752533349989183,lighting,20000,0.11065836902446723
seg_3947,53.397807,-2.588156,0.8867109208318051,speed_bump,20000,0.24465766716304074
seg_3948,51.482857,-0.200635,0.8469240348609925,signage,50000,0.18972576169233743
seg_3949,54.876558,-1.391845,0.8513687632404086,lighting,30000,0.131578884387321
seg_3950,51.572525,0.086478,0.863272061515068,speed_bump,20000,0.15902520209692042
seg_3951,52.376615,0.671712,0.8242095241402523,lighting,30000,0.2002293679865922
seg_3952,54.62815,-1.579731,0.8636423355879681,signage,30000,0.1659302944539362
seg_3953,53.468506,-2.235722,0.8117479297590227,speed_bump,30000,0.2939498453483185
seg_3954,51.351851,-0.776115,0.8476572874844607,speed_bump,50000,0.19494834834143987
seg_3955,55.82794,-5.040948,0.8625473519659984,signage,20000,0.17443010205042872
seg_3956,50.777843,-2.281652,0.7340889854084875,speed_bump,30000,0.23463308579360734
seg_3957,54.54254,-1.51739,0.8813389860801015,signage,50000,0.23010901137118295
seg_3958,54.280874,-0.405782,0.8760311436499792,lighting,30000,0.10048785608105348
seg_3959,57.48756,-3.022141,0.8046313020732515,lighting,50000,0.22369473966014858
seg_3960,51.720915,-1.188639,0.8505502618683282,signage,30000,0.14875379495380675
seg_3961,52.909733,-1.875656,0.8754808237149692,signage,30000,0.17504672831758433
seg_3962,51.453549,-0.983822,0.8888831607833779,speed_bump,50000,0.24126977814696884
seg_3963,52.803384,-1.638638,0.8858534684033869,speed_bump,30000,0.21147724420213915
seg_3964,51.239317,-0.345968,0.7693748758259177,lighting,50000,0.17373102883101937
seg_3965,55.96186,-3.180042,0.8849077589639955,signage,50000,0.13348207036742482
seg_3966,51.450744,-0.155981,0.8662479861618091,signage,50000,0.20109643744955064
seg_3967,50.835133,-0.203934,0.87808815829286,lighting,20000,0.16387320470144065
seg_3968,53.385975,-0.375808,0.7501977950494252,speed_bump,30000,0.28258556168161497
seg_3969,51.511986,-0.029018,0.858249452909064,speed_bump,50000,0.2068693280578101
seg_3970,51.410401,-0.210403,0.8690513646590824,speed_bump,30000,0.2731927988340825
seg_3971,51.488475,-0.28756,0.8888831607833779,signage,20000,0.17803620569670225
seg_3972,53.897899,-0.253433,0.8242345204645491,lighting,20000,0.2654874327575921
seg_3973,54.523564,-3.566352,0.8703065099636137,lighting,50000,0.11130738043441574
seg_3974,51.530329,0.769304,0.8659373966004928,lighting,20000,0.159623805113603
seg_3975,52.783253,-1.622334,0.8692644364159976,signage,20000,0.11563518660893989
seg_3976,56.801353,-2.537204,0.8513246562568476,speed_bump,50000,0.10633003614297479
seg_3977,51.501837,-0.297433,0.8751347832736022,signage,20000,0.28377244906462373
seg_3978,53.663803,-1.616172,0.8988549727608829,speed_bump,50000,0.24337374887993596
seg_3979,52.129637,-0.3205,0.913633747872876,lighting,30000,0.2250220128936941
seg_3980,51.391796,0.246241,0.8309369619687645,speed_bump,50000,0.2064985618823666
seg_3981,52.791605,-1.619444,0.8793426011109614,lighting,30000,0.2139108072433684
seg_3982,55.85198,-4.091451,0.7480758473680846,signage,50000,0.2277380762772907
seg_3983,54.526828,-2.377131,0.8224026216185021,signage,50000,0.2653159589480206
seg_3984,51.253331,0.54666,0.8694049066209935,signage,20000,0.21937771115910565
seg_3985,50.76377,-1.924252,0.8597042032991686,speed_bump,50000,0.24971615262217647
seg_3986,52.302638,-0.901944,0.7529967042803264,lighting,50000,0.15619561036594698
seg_3987,52.412443,-1.82722,0.8685316766222858,lighting,20000,0.2953523475632944
seg_3988,51.543312,0.049951,0.877893402574257,speed_bump,20000,0.10637944168740579
seg_3989,53.855817,-1.500697,0.8429543539546722,speed_bump,20000,0.1773153190554631
seg_3990,53.550387,-2.117694,0.8509379675921853,signage,20000,0.2764099103007408
seg_3991,51.800752,-3.181184,0.6345854881502768,signage,30000,0.13610459253723803
seg_3992,52.643967,0.135491,0.8298368913967566,lighting,50000,0.12826761858673158
seg_3993,51.250954,0.373119,0.8649767422996639,lighting,30000,0.1730861533799827
seg_3994,51.617576,-3.972192,0.8749265399522802,speed_bump,20000,0.1856389401033655
seg_3995,51.659078,-0.270291,0.8806777396736573,speed_bump,30000,0.28667881213234553
seg_3996,51.071008,-1.326129,0.8858534684033869,lighting,20000,0.26722390694176423
seg_3997,51.509821,-0.359102,0.8680095281251984,signage,50000,0.19281792753810284
seg_3998,53.363455,-2.723211,0.8659222049573487,signage,20000,0.29459502017632055
seg_3999,51.092516,1.174844,0.8953143711534668,speed_bump,50000,0.22845568083181286
seg_4000,51.413609,0.370606,0.8659373966004928,lighting,30000,0.2747317463963782
seg_4001,52.61278,-1.674165,0.8760311436499792,signage,20000,0.14921139609736508
seg_4002,52.48861,-1.938555,0.8650895091137972,lighting,50000,0.19779281485999656
seg_4003,53.19077,-2.53518,0.8858534684033869,speed_bump,30000,0.10594344267128666
seg_4004,53.382312,-3.052382,0.8835900195634384,signage,50000,0.10177603865328977
seg_4005,50.767334,0.288279,0.8793426011109614,signage,30000,0.2410906441878929
seg_4006,51.410298,-0.172425,0.8839035364841051,lighting,50000,0.12365872449312015
seg_4007,51.765169,0.039263,0.8390963058749038,speed_bump,30000,0.20956164742216352
seg_4008,56.036378,-3.41649,0.8397553499480415,lighting,20000,0.23920149644200397
seg_4009,51.512061,-0.087789,0.8808082674952109,lighting,20000,0.10644691724592786
seg_4010,52.634619,-1.964504,0.8820470212100398,speed_bump,30000,0.1897482798291364
seg_4011,52.480675,-1.77203,0.8659373966004928,signage,30000,0.23683038739716794
seg_4012,51.624183,-1.319886,0.8608213997124884,signage,50000,0.27794619757097
seg_4013,50.776724,-2.070317,0.8270238920028783,speed_bump,30000,0.15984602012033128
seg_4014,53.874374,-3.023872,0.8752296157453984,lighting,50000,0.29484330593686603
seg_4015,56.020448,-3.792233,0.831894771985585,lighting,20000,0.26890829993193943
seg_4016,53.752782,-2.377201,0.8588932134924776,lighting,30000,0.23012701441637087
seg_4017,52.015822,-0.205995,0.8242345204645491,lighting,50000,0.17838510144922623
seg_4018,51.377003,-2.360314,0.8623531352830244,lighting,20000,0.24222207523989972
seg_4019,56.567497,-4.743682,0.8198253214397685,signage,20000,0.26323865381407063
seg_4020,52.788259,-0.152429,0.8733134666722852,lighting,50000,0.16065997497731146
seg_4021,57.300173,-2.160936,0.8549305794349114,lighting,30000,0.29856601298140584
seg_4022,52.632149,-1.689239,0.8582725637473227,speed_bump,50000,0.2817238739509278
seg_4023,50.195991,-5.470642,0.8215068110236207,lighting,30000,0.19710028806858454
seg_4024,51.314721,0.892783,0.8680095281251984,speed_bump,50000,0.24456598315507905
seg_4025,53.637312,-1.501164,0.8509218628948447,lighting,50000,0.20480177892375637
seg_4026,53.583291,-2.520035,0.8900476742148065,lighting,50000,0.2521861104394052
seg_4027,51.764351,0.122734,0.7365112213477026,speed_bump,20000,0.26539644077559627
seg_4028,51.456567,-0.3285,0.8716190982067766,signage,30000,0.10464451103140851
seg_4029,53.722929,-1.667268,0.880118507542614,speed_bump,20000,0.11582640594012986
seg_4030,52.974218,-2.090807,0.8669347300158933,speed_bump,20000,0.1672934831753454
seg_4031,51.371265,-1.836699,0.8302749903406541,speed_bump,20000,0.2835227265264699
seg_4032,54.293006,-0.412381,0.8761215483617639,lighting,30000,0.17965471662867794
seg_4033,51.472962,-2.514696,0.8690513646590824,lighting,30000,0.27750244304038485
seg_4034,52.651687,-1.670417,0.8523367966888051,speed_bump,50000,0.1924867825263506
seg_4035,53.378304,-1.412346,0.8856512868004818,lighting,20000,0.15777058406231467
seg_4036,55.926534,-3.209217,0.8937828685097291,signage,30000,0.280129036612499
seg_4037,51.461373,-2.589143,0.8847686443381488,speed_bump,50000,0.2121341537837355
seg_4038,56.170337,-4.365658,0.7472144213444974,lighting,50000,0.17209685900600827
seg_4039,51.61675,0.29927,0.8443522413004433,speed_bump,20000,0.10888140072556336
seg_4040,52.030335,-0.795219,0.8659373966004928,lighting,50000,0.12218662648964479
seg_4041,51.736817,-3.379664,0.8223357068929539,speed_bump,20000,0.1278620655283061
seg_4042,51.129788,-1.417695,0.8521511043442651,signage,30000,0.17296725808212127
seg_4043,50.999943,-0.944951,0.8786874719379564,lighting,30000,0.2214665911488688
seg_4044,53.042062,-2.99915,0.87808815829286,speed_bump,50000,0.16151802288438596
seg_4045,51.545536,0.076878,0.8680642954332026,lighting,50000,0.11310552675296004
seg_4046,51.551426,-0.157253,0.8793426011109614,speed_bump,50000,0.15296174746346675
seg_4047,51.480931,-0.443093,0.8425227034682163,lighting,50000,0.18173633017992202
seg_4048,51.128148,1.329534,0.8133546674501767,speed_bump,30000,0.2984539857344658
seg_4049,52.428781,-2.015545,0.8389692465833248,speed_bump,50000,0.17859738095018773
seg_4050,52.918359,-1.498311,0.8628624605556141,lighting,20000,0.1178390837494888
seg_4051,52.408204,-1.526463,0.8635707487738997,speed_bump,30000,0.21622296289478668
seg_4052,51.63256,0.286341,0.8932740333837024,signage,20000,0.28392801452525795
seg_4053,52.643397,-1.072117,0.755775168527238,signage,50000,0.25733913977235
seg_4054,56.000367,-3.788176,0.8476572874844607,lighting,50000,0.2672436618374473
seg_4055,51.5562,0.219462,0.9420606078955848,speed_bump,50000,0.2856463592204661
seg_4056,53.082003,-2.554133,0.8270238920028783,signage,50000,0.2273087006771076
seg_4057,51.554892,-1.732767,0.8601800238889546,speed_bump,20000,0.2989845461306997
seg_4058,51.153131,0.376104,0.754196820524327,lighting,50000,0.10665631397593017
seg_4059,54.967119,-1.689835,0.8589574987388208,speed_bump,30000,0.2669679352287124
seg_4060,54.957235,-1.721449,0.8606370555323578,lighting,50000,0.27140213390445234
seg_4061,52.897189,-1.428836,0.8494182936453336,lighting,50000,0.283340078152393
seg_4062,52.000045,-0.197448,0.8197954963348947,speed_bump,30000,0.1956338915271698
seg_4063,51.554405,-0.090488,0.8816469077358114,speed_bump,20000,0.25755118472412
seg_4064,51.194739,-0.558684,0.8650077810790384,signage,30000,0.13901607982423597
seg_4065,51.514997,-0.156706,0.8692644364159976,speed_bump,30000,0.22062604503564287
seg_4066,53.782766,-1.603249,0.8597042032991686,signage,50000,0.17172903047269228
seg_4067,51.707618,-0.904399,0.7340889854084875,speed_bump,30000,0.21923473013239508
seg_4068,51.339717,-2.956385,0.880332736166794,signage,30000,0.23511210143166006
seg_4069,52.061484,1.175885,0.8571371022837532,lighting,30000,0.16941373334923576
seg_4070,51.601906,0.546418,0.8742517439241193,lighting,20000,0.1432476598605744
seg_4071,51.440255,-0.387641,0.8659373966004928,signage,20000,0.16433758177186694
seg_4072,51.590318,0.082096,0.8879122650106923,signage,20000,0.23279144902148852
seg_4073,53.377477,-2.952715,0.8680095281251984,signage,30000,0.2353748467345621
seg_4074,50.845433,0.488858,0.8751347832736022,lighting,30000,0.24826338720481977
seg_4075,53.542912,-2.285935,0.9061185220416524,lighting,50000,0.1253073217145412
seg_4076,53.467973,-2.944346,0.8820470212100398,signage,50000,0.26370347805089234
seg_4077,52.080995,-0.525078,0.749690413366719,speed_bump,20000,0.23762956030819107
seg_4078,51.349619,1.2558,0.8242042390059865,lighting,20000,0.10610101533812784
seg_4079,52.759865,-3.091523,0.8032216953928162,signage,30000,0.16711956988701016
seg_4080,55.903875,-3.526028,0.8265419511490008,signage,50000,0.19334225118129542
seg_4081,51.733992,0.494519,0.8667538003488293,lighting,20000,0.17212349807736296
seg_4082,51.521988,-0.201543,0.863272061515068,signage,20000,0.12348337764168263
seg_4083,53.376813,-2.239575,0.8749265399522802,signage,20000,0.1414692569010014
seg_4084,51.597064,-3.781576,0.8657379100776147,speed_bump,30000,0.10491227898202651
seg_4085,53.474242,-2.248098,0.8912893786170506,speed_bump,50000,0.11861543227051258
seg_4086,53.436095,-2.215372,0.8783897232626303,lighting,50000,0.15326002354490895
seg_4087,54.934036,-2.961837,0.8826966454018459,signage,30000,0.2639940531271461
seg_4088,56.476292,-3.023077,0.8452526653888068,signage,20000,0.20532750198744004
seg_4089,50.73862,-1.859244,0.8694049066209935,signage,30000,0.1848995781382212
seg_4090,53.304639,-2.955895,0.832971420183796,signage,30000,0.2324325887917098
seg_4091,53.292306,-3.816071,0.8783897232626303,lighting,20000,0.20830211206500104
seg_4092,51.360318,-1.162192,0.8525499047244076,speed_bump,50000,0.12630278535112524
seg_4093,50.763964,-1.587352,0.923374615576357,speed_bump,50000,0.1445246727648379
seg_4094,53.473586,-1.960644,0.9083855369263653,signage,20000,0.14450447219812151
seg_4095,53.731142,-1.301329,0.8588932134924776,speed_bump,20000,0.21999050252246843
seg_4096,51.592207,-0.105962,0.8806777396736573,speed_bump,20000,0.1923248732378693
seg_4097,51.283409,-2.184793,0.770958936787228,lighting,50000,0.17751701251217072
seg_4098,53.346585,-2.841015,0.8694049066209935,signage,30000,0.2113278345763576
seg_4099,53.473006,-2.232584,0.8778270788896069,speed_bump,20000,0.2940231571565114
seg_4100,51.858369,-1.940578,0.7146572121431831,lighting,20000,0.16283869121117536
seg_4101,51.511896,-0.610217,0.8606370555323578,signage,20000,0.20403908672670346
seg_4102,53.12974,-1.130725,0.8591391019924914,lighting,30000,0.19607400312882312
seg_4103,55.777757,-4.0854,0.8690513646590824,lighting,50000,0.24332860634916895
seg_4104,53.361032,-2.163453,0.876804450599008,lighting,20000,0.2460580535965832
seg_4105,52.40531,-0.747983,0.8734197448581773,speed_bump,20000,0.2458141442826081
seg_4106,52.930984,-1.131142,0.8703242259405367,lighting,30000,0.14030391598774897
seg_4107,52.990257,-2.144024,0.8815533516713843,signage,50000,0.18981862727223753
seg_4108,57.678095,-2.767756,0.7142558565463881,speed_bump,30000,0.2622349382058275
seg_4109,55.931099,-3.238011,0.8805030066127716,lighting,20000,0.17630603410812876
seg_4110,51.869798,-4.007867,0.8434333373697559,lighting,20000,0.29685102345798575
seg_4111,53.400725,-2.128854,0.8866175064016307,speed_bump,50000,0.17295734835843984
seg_4112,55.964577,-3.191805,0.8849077589639955,lighting,50000,0.19953336546839362
seg_4113,54.490035,-3.533914,0.8494011211167889,signage,50000,0.19490511896050938
seg_4114,53.455106,-0.581618,0.8004660701772103,lighting,30000,0.18673276049384852
seg_4115,52.121479,-2.999871,0.8201562677558243,speed_bump,50000,0.2691262736639243
seg_4116,53.500496,-2.121627,0.7659837115959455,lighting,30000,0.1310550475096027
seg_4117,51.662946,-3.839729,0.8849077589639955,lighting,20000,0.2135329412827966
seg_4118,52.416688,-1.93836,0.8404581308499358,lighting,30000,0.22372031547108473
seg_4119,53.39876,-2.187351,0.8452526653888068,lighting,50000,0.27024426161387416
seg_4120,51.076863,1.172144,0.8957179958345405,signage,30000,0.22184003198522168
seg_4121,53.785656,-1.067364,0.8778270788896069,signage,50000,0.2920040695575561
seg_4122,52.397312,-1.622404,0.8329201228388553,signage,50000,0.27443354245218576
seg_4123,53.396508,-2.955998,0.8639093590313077,lighting,20000,0.1697479896705463
seg_4124,51.556263,-0.249961,0.8831320409771359,signage,20000,0.2719812890581669
seg_4125,51.600705,-0.402613,0.8692644364159976,speed_bump,20000,0.29169556281869113
seg_4126,53.417137,-1.51232,0.8369064098834746,lighting,50000,0.15143943618491726
seg_4127,54.962473,-1.429437,0.922650228428219,lighting,50000,0.22204176133288167
seg_4128,51.469739,-2.575718,0.8680095281251984,speed_bump,20000,0.1563607824684271
seg_4129,51.190914,-3.459608,0.8198253214397685,speed_bump,20000,0.2299134558164435
seg_4130,51.270881,-0.52776,0.7506418848730688,lighting,30000,0.11872856090940438
seg_4131,50.279106,-5.162563,0.8199515801242754,signage,30000,0.2468376043738115
seg_4132,55.888413,-3.162846,0.8211184457878278,signage,50000,0.18396396571906856
seg_4133,52.403715,-1.445078,0.9086031692799197,speed_bump,50000,0.21746143573528737
seg_4134,52.47021,-1.865563,0.8244340154869686,signage,20000,0.10517248050469963
seg_4135,53.558471,-1.43763,0.8817205883653086,signage,20000,0.23908829104206566
seg_4136,53.57881,-1.000707,0.8768992284919015,signage,30000,0.19919827082704866
seg_4137,50.855617,0.554481,0.8733134666722852,lighting,30000,0.2250502015375684
seg_4138,51.517585,-0.166836,0.8718228826828031,signage,50000,0.16313359447523482
seg_4139,51.526673,-0.461283,0.8708335542211875,speed_bump,30000,0.1291640346842829
seg_4140,51.359157,1.062378,0.858705763764342,signage,30000,0.1870857883992284
seg_4141,50.215664,-5.308518,0.8532364552634714,signage,20000,0.2887958242572727
seg_4142,53.298839,-2.719288,0.8215922186327269,lighting,20000,0.14555880533076107
seg_4143,52.492876,-0.718131,0.8667260566989313,speed_bump,50000,0.23516780240705032
seg_4144,55.890011,-3.147639,0.7614325530580051,lighting,50000,0.10996870880690829
seg_4145,51.491088,-0.103241,0.8685316766222858,lighting,20000,0.24361995705338568
seg_4146,51.481643,-2.52401,0.8469240348609925,speed_bump,50000,0.1476874373602986
seg_4147,53.232331,-0.507039,0.8937828685097291,signage,30000,0.19030341204586648
seg_4148,51.849254,-2.231815,0.8793426011109614,signage,30000,0.1735506201189548
seg_4149,51.42623,-0.970403,0.877737079593542,speed_bump,50000,0.1225680686634711
seg_4150,51.513444,-0.089892,0.8910725015393074,lighting,50000,0.16911639050235514
seg_4151,50.911067,-1.397015,0.915907614052699,speed_bump,20000,0.1700249916586371
seg_4152,51.837959,0.797877,0.7686420697851145,signage,20000,0.20442112780595031
seg_4153,53.799705,-1.752336,0.8952822745433601,signage,50000,0.29447030658799744
seg_4154,52.604522,-1.090511,0.8667538003488293,lighting,50000,0.19400350450212606
seg_4155,53.406949,-2.987371,0.8733134666722852,lighting,20000,0.28288523112652675
seg_4156,50.429377,-3.582213,0.8365440831290601,signage,50000,0.19231153171251109
seg_4157,53.482115,-2.216811,0.8509379675921853,lighting,30000,0.1215086601749879
seg_4158,53.127844,-1.404117,0.7223510335780026,lighting,30000,0.14603057905518804
seg_4159,51.434095,0.393681,0.8856512868004818,lighting,20000,0.18150353521152005
seg_4160,50.985149,0.087811,0.7791163621465778,speed_bump,50000,0.16507375459403695
seg_4161,51.881053,-0.837424,0.8347301339492573,speed_bump,50000,0.27316585750649836
seg_4162,52.545168,-2.150378,0.8912343218631312,speed_bump,30000,0.23572912043931027
seg_4163,51.631648,-0.498769,0.8808082674952109,lighting,50000,0.21566169038373467
seg_4164,53.137339,-3.11213,0.8046313020732515,signage,50000,0.19824591024733812
seg_4165,50.725613,-1.160812,0.8839035364841051,signage,50000,0.17945412365781338
seg_4166,53.027256,-2.171731,0.8179727196684982,speed_bump,50000,0.22243848796640225
seg_4167,51.651328,-0.221003,0.8820470212100398,lighting,50000,0.12492143308887621
seg_4168,51.47098,-3.185173,0.8705715289236796,speed_bump,50000,0.13250663764338114
seg_4169,57.702152,-3.298338,0.8364108227637785,signage,50000,0.16062327067933999
seg_4170,51.915503,-1.262252,0.8160748171164787,speed_bump,30000,0.13423692329221487
seg_4171,52.629332,1.259448,0.8704372332643087,lighting,50000,0.23541974380496333
seg_4172,50.811282,0.348772,0.8567070035003413,speed_bump,20000,0.10495366428124907
seg_4173,51.508797,-0.197452,0.8847686443381488,speed_bump,30000,0.13203549833335002
seg_4174,52.197793,-1.317575,0.8486858418964262,speed_bump,30000,0.28052162189976065
seg_4175,52.466717,-1.810079,0.8333838387625374,speed_bump,50000,0.2995086296444174
seg_4176,53.337735,-1.443842,0.8309369619687645,lighting,20000,0.1975180955656186
seg_4177,55.196078,-4.058502,0.7867573484746397,signage,30000,0.19907401460435165
seg_4178,53.762772,-0.295914,0.8694049066209935,speed_bump,20000,0.25467975244748764
seg_4179,51.750797,0.511964,0.8539210677952933,speed_bump,50000,0.10723791552411502
seg_4180,52.212769,0.149845,0.8754808237149692,speed_bump,50000,0.18540429638019562
seg_4181,53.00143,-2.119623,0.8667538003488293,speed_bump,20000,0.11996557636299197
seg_4182,52.54003,-2.124234,0.8957179958345405,lighting,50000,0.18018527653129718
seg_4183,52.527059,-1.897082,0.8988181699848076,signage,30000,0.29676436822577495
seg_4184,50.100426,-5.321546,0.746735505299509,lighting,50000,0.25072665616067225
seg_4185,51.370843,1.11486,0.8828627271165255,speed_bump,50000,0.2970091751370436
seg_4186,51.511232,-0.048506,0.8639093590313077,lighting,20000,0.24920972513412035
seg_4187,52.802863,-1.630168,0.8705563897472253,lighting,20000,0.22162201436131768
seg_4188,54.317977,-2.697286,0.8411750067062492,lighting,30000,0.25084416658544867
seg_4189,50.402957,-4.997119,0.8270238920028783,signage,20000,0.23181833459419693
seg_4190,55.524263,-4.066896,0.749690413366719,speed_bump,20000,0.19281320598038165
seg_4191,55.964064,-3.203017,0.800729195589824,speed_bump,50000,0.158509266801042
seg_4192,51.644408,-0.056788,0.8733134666722852,signage,50000,0.20403561186687097
seg_4193,51.742275,-0.024254,0.8879122650106923,lighting,30000,0.1516986947802861
seg_4194,51.601226,-0.268159,0.8858534684033869,speed_bump,20000,0.19733526928842904
seg_4195,51.087492,-0.331685,0.8605490860609336,speed_bump,20000,0.1292270811842172
seg_4196,51.450059,0.029075,0.8458254266406374,speed_bump,50000,0.21307901979400817
seg_4197,52.129576,-2.993964,0.8273716252006651,lighting,20000,0.14905673816242096
seg_4198,54.966814,-1.68351,0.8444514876812502,signage,20000,0.15872162078831392
seg_4199,52.623373,-1.134735,0.8639093590313077,lighting,30000,0.1998056283564777
seg_4200,53.777901,-1.771129,0.8911406176899445,signage,30000,0.13250525060431614
seg_4201,51.523594,0.280157,0.8046313020732515,signage,30000,0.29247597672718384
seg_4202,52.051415,-0.634082,0.7654660785163,speed_bump,30000,0.18938886307857522
seg_4203,50.870366,-0.185098,0.8435406506619411,lighting,50000,0.1704558459253502
seg_4204,55.766892,-4.052174,0.9192711215682445,lighting,30000,0.10583932101851619
seg_4205,52.507986,-1.882392,0.8772010368831225,signage,50000,0.2686508726224466
seg_4206,50.836457,-0.13358,0.8680095281251984,signage,30000,0.22516678306127685
seg_4207,51.566819,0.270773,0.8692644364159976,signage,30000,0.18328103096825946
seg_4208,57.516081,-5.668608,0.7867573484746397,lighting,30000,0.14910655986769514
seg_4209,50.649851,-1.16782,0.8869742198488482,speed_bump,50000,0.24902748373507702
seg_4210,52.947425,-1.48458,0.8539210677952933,lighting,50000,0.2890949151483334
seg_4211,51.51505,-0.165784,0.8429543539546722,signage,20000,0.17616194113040404
seg_4212,53.346049,-1.444851,0.8820470212100398,speed_bump,50000,0.12697521367584624
seg_4213,53.532518,-1.321048,0.8127798839300624,signage,50000,0.12183894945454748
seg_4214,52.018386,-1.232275,0.7714100760744074,signage,50000,0.10127239446677719
seg_4215,53.257985,-1.385365,0.8657379100776147,signage,20000,0.2487910881543444
seg_4216,51.497568,0.274132,0.874881675937652,speed_bump,50000,0.2962790771803341
seg_4217,51.452527,0.177151,0.8432850900957162,speed_bump,20000,0.2985635505507136
seg_4218,50.923945,-1.245605,0.8389692465833248,speed_bump,20000,0.25683945086858506
seg_4219,50.666585,-1.478543,0.7804542503151798,lighting,50000,0.1324367556592087
seg_4220,53.715724,-2.659557,0.8624909786370449,lighting,20000,0.2955418911826243
seg_4221,51.214355,-0.807476,0.8858534684033869,speed_bump,50000,0.1655626886003902
seg_4222,53.377075,-3.033432,0.898168685887365,signage,30000,0.16672392189850874
seg_4223,51.254609,0.061588,0.8735018943790293,speed_bump,20000,0.23746739057848779
seg_4224,51.515625,0.269092,0.8197954963348947,signage,20000,0.10980983741489028
seg_4225,53.789642,-2.246618,0.8748503009643289,lighting,50000,0.2651539459815119
seg_4226,50.486849,-3.541982,0.9000588319563694,speed_bump,50000,0.2994594552975488
seg_4227,50.36051,-4.103721,0.8844750242675232,speed_bump,30000,0.25501395561798346
seg_4228,55.849109,-3.613654,0.8224694584429251,speed_bump,50000,0.2563352982414666
seg_4229,53.791264,-1.513912,0.8547121191250873,lighting,20000,0.1780627341133102
seg_4230,54.992991,-1.691474,0.8752296157453984,lighting,30000,0.1131842778031314
seg_4231,51.465609,-0.612891,0.8606370555323578,signage,20000,0.25853348684688465
seg_4232,55.905123,-3.575411,0.8628624605556141,speed_bump,30000,0.21943161738096012
seg_4233,51.472156,-0.122576,0.8483956092824603,lighting,20000,0.2818677378244169
seg_4234,52.588143,-1.976203,0.877737079593542,lighting,30000,0.12319258003336651
seg_4235,52.759576,0.399929,0.793761607820155,lighting,30000,0.16102461261882167
seg_4236,52.576196,-2.140303,0.8705715289236796,signage,30000,0.1721312307446773
seg_4237,53.552364,-2.651535,0.8888831607833779,lighting,30000,0.23665594170893828
seg_4238,55.877741,-4.389412,0.8778270788896069,signage,30000,0.257549032620631
seg_4239,50.566812,-3.614348,0.7918881373149469,lighting,30000,0.29220408171688406
seg_4240,51.498982,-0.055921,0.8760311436499792,speed_bump,20000,0.15908143166483088
seg_4241,56.494184,-2.979353,0.8728909250039701,lighting,20000,0.19872728171284945
seg_4242,52.485947,-2.130738,0.8866175064016307,signage,30000,0.10579218601625968
seg_4243,53.392563,-2.585299,0.8839035364841051,lighting,50000,0.15059757562177759
seg_4244,51.422148,-0.494757,0.8808082674952109,speed_bump,50000,0.17480070162392808
seg_4245,51.183869,1.375202,0.9232772893332014,lighting,30000,0.21876124130508964
seg_4246,51.556205,0.249327,0.8708335542211875,lighting,50000,0.1941690987198348
seg_4247,51.386464,0.544095,0.8721173266738097,lighting,50000,0.17289501195539947
seg_4248,51.898547,-2.079757,0.8708335542211875,signage,30000,0.2248155933058683
seg_4249,52.492957,-2.018317,0.8777301639603974,speed_bump,20000,0.2657231354234001
seg_4250,52.473333,-1.951531,0.8667538003488293,speed_bump,30000,0.14833622659695783
seg_4251,52.483518,1.751475,0.8976614319536586,speed_bump,30000,0.16857517585208245
seg_4252,51.366908,-0.101747,0.8866175064016307,signage,20000,0.24098472993740397
seg_4253,52.681932,1.038589,0.7895642696377216,speed_bump,50000,0.25558811975170603
seg_4254,51.308878,-0.323955,0.8550252875604394,speed_bump,50000,0.2650793743469294
seg_4255,53.494393,-2.11004,0.8609027621681186,lighting,20000,0.14186624377940574
seg_4256,50.721989,-1.863969,0.8623531352830244,lighting,30000,0.2078533922488831
seg_4257,51.419963,-0.811768,0.832971420183796,lighting,20000,0.2800022197050569
seg_4258,53.823386,-3.052587,0.8802158725455308,speed_bump,20000,0.17839009101829834
seg_4259,53.32917,-3.00089,0.8486633817420048,lighting,20000,0.18597661804431115
seg_4260,51.58412,0.169145,0.8556328288316476,lighting,30000,0.29696458878013715
seg_4261,52.613381,1.263877,0.8912893786170506,lighting,20000,0.12261052920650109
seg_4262,51.476217,-0.022903,0.8728909250039701,lighting,20000,0.2411203978923272
seg_4263,51.485129,-0.301099,0.8888831607833779,signage,30000,0.27003682540817836
seg_4264,52.527178,-1.785055,0.8866175064016307,speed_bump,30000,0.1301587033268035
seg_4265,51.50588,-0.360252,0.887484938768829,signage,20000,0.24289064720144748
seg_4266,55.799437,-4.05752,0.8806777396736573,speed_bump,30000,0.19394764440208845
seg_4267,56.727998,-2.703801,0.869044283706463,signage,20000,0.27057817693492864
seg_4268,55.041517,-1.481365,0.8285705129119834,lighting,50000,0.2814904633671812
seg_4269,52.045812,-0.779681,0.8866175064016307,speed_bump,30000,0.27449698063091466
seg_4270,51.891302,-2.077303,0.8391780123935494,signage,50000,0.11287702751580256
seg_4271,51.527793,-0.129951,0.8833420383113613,speed_bump,20000,0.25137105536299487
seg_4272,51.516966,-0.407706,0.8680642954332026,signage,50000,0.28430551499716583
seg_4273,52.197404,0.12221,0.8277620933002683,lighting,30000,0.22426968813418618
seg_4274,53.320784,-1.472136,0.8650077810790384,lighting,20000,0.22017521209569801
seg_4275,52.69029,-2.632902,0.8047113047708372,signage,50000,0.1090010774796222
seg_4276,55.063092,-1.55123,0.8436603887796978,lighting,20000,0.2712066044411877
seg_4277,53.148149,0.338845,0.8588482408307422,signage,20000,0.10928071216583231
seg_4278,54.88636,-2.92126,0.8793426011109614,signage,50000,0.16270192127693478
seg_4279,51.451172,0.153194,0.7932422341915846,signage,20000,0.2851726130574431
seg_4280,51.501705,-0.215886,0.8687294422211866,speed_bump,30000,0.28994902854590243
seg_4281,53.016863,-0.659838,0.8364108227637785,signage,20000,0.2983801080951845
seg_4282,53.969944,-1.31405,0.8518715383148202,lighting,20000,0.19528045712257724
seg_4283,53.820788,-3.051611,0.8588932134924776,speed_bump,20000,0.13548590927620216
seg_4284,52.226944,-0.855643,0.8427827675147914,lighting,20000,0.19758889736581675
seg_4285,53.318805,-3.025268,0.7428970677549007,signage,30000,0.12046258501660985
seg_4286,51.715052,0.501295,0.8721173266738097,signage,30000,0.27450722179399395
seg_4287,53.77082,-2.728349,0.8221494794297284,signage,20000,0.21210744665330095
seg_4288,51.383111,0.466906,0.8109533763992033,signage,30000,0.18090117983335105
seg_4289,51.45429,-2.60271,0.8241931158511356,lighting,20000,0.11590614049616088
seg_4290,55.80534,-4.005508,0.8456661682266601,lighting,30000,0.1810481353633261
seg_4291,51.904572,-2.078023,0.8748631074022133,signage,50000,0.27323832167802176
seg_4292,55.857024,-4.275163,0.8731519917639816,speed_bump,50000,0.24068118649544254
seg_4293,52.586611,1.275766,0.8608213997124884,lighting,50000,0.11649110350219333
seg_4294,50.820723,-0.133924,0.8829902719223293,signage,20000,0.13198143994523517
seg_4295,51.571104,-0.173486,0.8849077589639955,signage,20000,0.17846169814150092
seg_4296,53.254387,-0.5385,0.8550252875604394,speed_bump,50000,0.12027501653718374
seg_4297,51.367799,-0.409151,0.8639093590313077,signage,20000,0.2868082383986542
seg_4298,51.530952,-0.069554,0.8858534684033869,lighting,50000,0.23045840892617517
seg_4299,51.255907,0.01679,0.8389989999204623,lighting,30000,0.11896460026078902
seg_4300,52.404878,-1.892662,0.8900476742148065,lighting,20000,0.25761149247609216
seg_4301,51.769218,0.115395,0.8659373966004928,speed_bump,50000,0.17368118571438856
seg_4302,54.963352,-1.634652,0.8793426011109614,lighting,30000,0.14897412891064415
seg_4303,53.414507,-2.267621,0.810091518762741,lighting,50000,0.2139969883879382
seg_4304,53.483627,-2.060019,0.877737079593542,signage,30000,0.10267442662410826
seg_4305,51.472949,0.003282,0.8687294422211866,signage,20000,0.19307953202085099
seg_4306,51.370998,-2.915073,0.90581852596415,signage,50000,0.2687609986190339
seg_4307,53.874911,-1.904387,0.8277620933002683,signage,20000,0.2856115191971137
seg_4308,55.785058,-4.606887,0.8273997600387248,signage,30000,0.16851094088328794
seg_4309,57.071948,-4.773784,0.8215068110236207,speed_bump,30000,0.22848731763300886
seg_4310,53.551768,-2.165395,0.8659373966004928,speed_bump,50000,0.1453646876737667
seg_4311,51.651359,-3.790572,0.8867109208318051,signage,50000,0.21204261419694181
seg_4312,51.449202,0.215421,0.8837427328729084,speed_bump,30000,0.1508055452306378
seg_4313,51.752064,-3.575857,0.7618986730307502,lighting,50000,0.21427130172549058
seg_4314,52.746418,-1.57584,0.845594616165035,signage,20000,0.1343444234586462
seg_4315,53.723116,-1.711792,0.8765137495320059,lighting,20000,0.2882465113521486
seg_4316,52.11184,-0.501092,0.8857442443017308,signage,50000,0.27738349528145834
seg_4317,53.468127,-2.245286,0.8783897232626303,speed_bump,30000,0.16738364988976798
seg_4318,53.797649,-1.657962,0.8682832676293241,signage,30000,0.2553325777849885
seg_4319,51.471882,-0.349517,0.8670132071594837,lighting,20000,0.11910082614643891
seg_4320,51.340951,0.607088,0.748167257347486,speed_bump,20000,0.24807218174108478
seg_4321,51.573046,0.015498,0.8198253214397685,speed_bump,50000,0.15649182592254082
seg_4322,52.049699,-0.805403,0.8566473203560964,speed_bump,50000,0.12712835373517245
seg_4323,53.07152,-0.818734,0.8816271948307352,lighting,50000,0.23563824358072274
seg_4324,51.40983,0.16146,0.7046933538067394,signage,30000,0.19396136356387783
seg_4325,55.950097,-3.207068,0.8806777396736573,speed_bump,30000,0.2060279203460888
seg_4326,53.28935,-3.640364,0.8133546674501767,signage,20000,0.20410595682758415
seg_4327,51.530351,-0.121195,0.8420972740779881,speed_bump,20000,0.11188959642120391
seg_4328,51.789369,-1.195877,0.8156831946386567,lighting,30000,0.11027604981853541
seg_4329,51.580114,-0.1177,0.8867249781439189,signage,30000,0.2202335007896194
seg_4330,51.44192,-0.010283,0.8244340154869686,lighting,20000,0.22477292847108332
seg_4331,51.521687,0.021302,0.8680095281251984,lighting,30000,0.10943491130302292
seg_4332,50.398594,-5.102045,0.7629688389471555,signage,30000,0.17568786637756356
seg_4333,51.604533,-0.206947,0.8687294422211866,signage,50000,0.22257025591208546
seg_4334,52.618607,-1.110308,0.8833420383113613,signage,50000,0.23133613115061527
seg_4335,51.508055,0.070704,0.8554970453381133,speed_bump,30000,0.2656551518553103
seg_4336,52.686725,-0.36137,0.7340889854084875,signage,30000,0.18414645671937618
seg_4337,52.241762,-1.190362,0.839455252746445,lighting,50000,0.20965155622939374
seg_4338,53.518166,-2.047474,0.8734197448581773,signage,50000,0.21571207512176344
seg_4339,52.617832,-1.126868,0.7803474256759896,speed_bump,20000,0.1624090566600638
seg_4340,50.902891,-1.63846,0.7501977950494252,lighting,50000,0.11076508048832233
seg_4341,52.510011,-1.724782,0.8266420517280454,speed_bump,20000,0.10084518524102093
seg_4342,50.725634,-1.914962,0.848027143895286,speed_bump,30000,0.267225083223705
seg_4343,52.397987,-0.72732,0.858797549180867,lighting,20000,0.14004636450447727
seg_4344,55.942718,-3.122619,0.8657379100776147,speed_bump,50000,0.22605093283182712
seg_4345,52.53378,-0.32077,0.8066674805359498,speed_bump,20000,0.21540949572878393
seg_4346,51.577842,-0.082866,0.8588482408307422,lighting,50000,0.17992661534810378
seg_4347,52.611185,-1.650842,0.8733134666722852,lighting,20000,0.26669866174012674
seg_4348,50.348309,-5.138481,0.8242345204645491,signage,20000,0.2396803191386758
seg_4349,56.774503,-2.416866,0.8948669418784573,speed_bump,30000,0.1045482926878346
seg_4350,53.361987,-3.010826,0.8354622839605819,speed_bump,50000,0.2553388146713369
seg_4351,54.289172,-0.40792,0.848936960837498,speed_bump,20000,0.20139976360035244
seg_4352,53.12701,-1.162389,0.847321305094941,speed_bump,20000,0.16940385781656936
seg_4353,52.131775,-0.988551,0.8248604829701514,speed_bump,20000,0.24537693130233557
seg_4354,51.60431,-0.057346,0.7803474256759896,speed_bump,30000,0.23721312592925387
seg_4355,55.182454,-1.610665,0.8251071931549627,signage,20000,0.16211764757378982
seg_4356,51.292566,-0.335966,0.8856512868004818,signage,50000,0.2966077742995763
seg_4357,54.584428,-1.298567,0.8110709587816983,lighting,20000,0.22974169734235064
seg_4358,51.653134,-1.169294,0.7476211376490451,signage,50000,0.22115594249077872
seg_4359,50.782595,-0.970831,0.8083520861278184,signage,50000,0.11397607269635442
seg_4360,51.510349,-2.454019,0.8224694584429251,lighting,50000,0.15586375606894748
seg_4361,55.902085,-4.362176,0.8703242259405367,signage,50000,0.18939480046528828
seg_4362,52.465067,1.568908,0.8508048371475456,speed_bump,50000,0.22612514086193528
seg_4363,53.451791,-2.308723,0.8429543539546722,signage,20000,0.20255272614607556
seg_4364,51.640666,-0.465955,0.8972889339117945,speed_bump,30000,0.25260658669427827
seg_4365,50.811514,-1.162991,0.8547121191250873,signage,50000,0.15251354249358037
seg_4366,52.92548,-1.442298,0.8705715289236796,lighting,30000,0.24043139905649685
seg_4367,51.517629,-0.578306,0.8718228826828031,lighting,50000,0.2633194093782325
seg_4368,50.795433,-1.059245,0.8687294422211866,signage,50000,0.2530099951165906
seg_4369,51.497381,-0.203664,0.8856512868004818,speed_bump,50000,0.2541693169176067
seg_4370,52.598836,1.170332,0.6960101111348012,speed_bump,20000,0.2777014114524331
seg_4371,53.40082,-2.166899,0.8690513646590824,lighting,30000,0.11683570849609791
seg_4372,55.087656,-1.604207,0.8630244522936562,lighting,20000,0.2394383142748206
seg_4373,51.462252,0.355173,0.847726490754238,signage,20000,0.2937356402232922
seg_4374,51.595139,-0.294668,0.8432850900957162,lighting,20000,0.21473012997490765
seg_4375,53.53569,-2.658114,0.8347322998964722,speed_bump,30000,0.1434632623968785
seg_4376,50.951926,0.730207,0.8466088126804919,lighting,30000,0.29975076115484256
seg_4377,52.951932,-0.043726,0.8858534684033869,lighting,50000,0.13493545856429578
seg_4378,52.244121,-0.846852,0.8685316766222858,lighting,50000,0.16711153947497187
seg_4379,51.611386,-0.178946,0.8831320409771359,signage,50000,0.13441243768343356
seg_4380,52.450668,-1.782632,0.876804450599008,signage,20000,0.19290257375001363
seg_4381,54.996683,-1.462716,0.8694049066209935,lighting,30000,0.18377520192219166
seg_4382,51.469096,-0.092468,0.8706424906726796,speed_bump,50000,0.19824817930211455
seg_4383,51.135219,0.272831,0.8680642954332026,speed_bump,20000,0.2855966800110859
seg_4384,53.756642,-0.44679,0.8680650198970753,speed_bump,30000,0.195664877166845
seg_4385,52.979534,-0.745239,0.8484617143565997,signage,50000,0.2029252652427288
seg_4386,53.487274,-2.226377,0.8783897232626303,lighting,50000,0.2773364211836936
seg_4387,51.090763,-0.775736,0.8637582653506912,lighting,50000,0.2635515988029664
seg_4388,55.774343,-4.163348,0.8486526675050747,speed_bump,30000,0.14794440624508884
seg_4389,51.824821,-3.021038,0.8760311436499792,speed_bump,30000,0.10258519104577005
seg_4390,53.344613,-1.494823,0.8363097286304151,lighting,30000,0.2258999184404102
seg_4391,51.244944,-0.727756,0.9322090985603405,signage,50000,0.268969964767504
seg_4392,50.810009,-1.877251,0.8632706439485244,lighting,30000,0.21057002252208
seg_4393,53.412113,-2.802138,0.8816271948307352,lighting,30000,0.14223538400256902
seg_4394,51.068638,0.024906,0.761531388628523,speed_bump,20000,0.24827101813506136
seg_4395,52.418139,-1.473423,0.8896739408174394,speed_bump,30000,0.233907856522254
seg_4396,51.540991,0.002112,0.8760311436499792,lighting,20000,0.21300650748171057
seg_4397,53.51646,-2.68445,0.858143413517776,lighting,30000,0.27266723480419675
seg_4398,54.328902,-2.748831,0.8816271948307352,lighting,50000,0.2568484705878066
seg_4399,52.301357,-0.688294,0.8839035364841051,speed_bump,50000,0.23359041828455607
seg_4400,51.092745,-1.320401,0.7186174054057414,speed_bump,30000,0.23295173380464365
seg_4401,53.043387,-2.203267,0.8662479861618091,lighting,50000,0.23244052685965497
seg_4402,55.079515,-1.57,0.8705715289236796,speed_bump,50000,0.20503294898331278
seg_4403,53.796507,-2.72723,0.8464550951931616,signage,30000,0.1927843289287694
seg_4404,53.743762,-0.870183,0.8194205884102485,lighting,50000,0.24192009189974392
seg_4405,52.595491,-1.183561,0.8786417551846124,signage,30000,0.22209889629404622
seg_4406,55.260854,-4.760851,0.7506738547757813,lighting,50000,0.19799611246010862
seg_4407,51.48027,-0.413881,0.8597042032991686,lighting,30000,0.12533227078220832
seg_4408,51.389267,1.391893,0.8849077589639955,lighting,20000,0.24038575773063312
seg_4409,53.700263,-0.034178,0.8413212652936808,lighting,20000,0.22919971411559306
seg_4410,55.877461,-4.309933,0.8734197448581773,lighting,50000,0.16844968519470072
seg_4411,52.421713,-1.921001,0.8754808237149692,speed_bump,20000,0.17126463324301536
seg_4412,51.548377,0.64678,0.8751347832736022,speed_bump,50000,0.14934447682705046
seg_4413,51.638631,-0.339156,0.8728909250039701,signage,20000,0.2923830512730038
seg_4414,55.901175,-4.141194,0.8126409294121661,speed_bump,30000,0.2720402725737445
seg_4415,52.963621,-1.169496,0.8805725732453946,speed_bump,30000,0.21220980588244337
seg_4416,53.750768,-2.493591,0.8675851608680963,speed_bump,30000,0.18033062931170285
seg_4417,52.202548,-2.20892,0.9718709353869138,lighting,20000,0.24736505273928466
seg_4418,51.597744,-0.084627,0.8623531352830244,signage,20000,0.20554563522519942
seg_4419,51.785696,-4.048245,0.8662479861618091,lighting,30000,0.29517020678302275
seg_4420,55.865361,-4.043904,0.8734197448581773,signage,30000,0.11102452278443092
seg_4421,55.89023,-3.083847,0.8800522573340586,signage,50000,0.10685714681069503
seg_4422,50.928448,-1.384696,0.8752296157453984,signage,30000,0.21372220359467464
seg_4423,51.434417,-2.566771,0.8912991616951378,speed_bump,20000,0.14065584453778135
seg_4424,50.790108,-0.685222,0.8749265399522802,lighting,20000,0.22086083271003848
seg_4425,51.894007,0.852788,0.8211184457878278,signage,30000,0.25628460570943545
seg_4426,51.504981,-0.224403,0.8505502618683282,lighting,30000,0.12762195223697456
seg_4427,52.457903,1.737767,0.8817205883653086,speed_bump,50000,0.18812164483790558
seg_4428,52.734948,-2.025737,0.8258742050342346,signage,30000,0.23773341668987105
seg_4429,51.45425,-0.978682,0.8608425517362501,signage,30000,0.26677271413459425
seg_4430,51.388723,-0.740064,0.761531388628523,signage,20000,0.19926881800727145
seg_4431,51.088473,1.128005,0.8273997600387248,lighting,20000,0.14123071738120432
seg_4432,50.740556,-1.695833,0.8588482408307422,signage,50000,0.2171598511171266
seg_4433,53.074905,-0.810641,0.8662479861618091,lighting,30000,0.19090341374499992
seg_4434,53.729922,-1.732208,0.8313430703490263,speed_bump,30000,0.25438508540089716
seg_4435,51.473956,-0.092697,0.8639093590313077,signage,30000,0.2111152128405896
seg_4436,54.949543,-1.53782,0.8606370555323578,speed_bump,20000,0.15588456899408615
seg_4437,51.916087,-0.210992,0.8708335542211875,signage,30000,0.2508785839442376
seg_4438,53.018519,-2.183175,0.8610747024180011,speed_bump,30000,0.20354940259239193
seg_4439,51.570696,-0.271195,0.8879122650106923,lighting,20000,0.1355093104556655
seg_4440,51.235233,-0.583045,0.8704372332643087,lighting,30000,0.2126144646283989
seg_4441,51.847626,-1.323174,0.8198253214397685,speed_bump,30000,0.2896640119691746
seg_4442,50.792423,-1.099458,0.8888831607833779,signage,20000,0.24110325218754722
seg_4443,51.506345,-0.237319,0.8866175064016307,speed_bump,30000,0.1597606722915958
seg_4444,53.293764,-3.020767,0.8242345204645491,signage,50000,0.24217463505857162
seg_4445,51.449806,-2.617617,0.8657379100776147,speed_bump,20000,0.15652126220043577
seg_4446,50.843944,-0.197914,0.8820470212100398,lighting,50000,0.20853776750825237
seg_4447,51.491226,-0.297396,0.8733134666722852,lighting,30000,0.20531915275751056
seg_4448,53.561788,-2.103867,0.8456495618667028,speed_bump,50000,0.14947817578236072
seg_4449,53.701702,-1.853552,0.8775397761816214,signage,20000,0.1695762399759636
seg_4450,53.272966,-2.547153,0.8778270788896069,signage,50000,0.28843629095720913
seg_4451,54.542431,-1.256207,0.9286557800964808,lighting,30000,0.1501197072830867
seg_4452,53.604384,-2.14504,0.8734197448581773,speed_bump,50000,0.26020540872619713
seg_4453,51.35274,-0.705083,0.7652275555371805,signage,50000,0.23347411600242798
seg_4454,52.339755,-0.648993,0.7472144213444974,speed_bump,20000,0.2065258265051529
seg_4455,55.942916,-3.049133,0.8778270788896069,lighting,20000,0.1275029738930327
seg_4456,51.511885,-0.594221,0.8452526653888068,speed_bump,20000,0.14091415054127557
seg_4457,50.797274,0.311596,0.8858534684033869,lighting,30000,0.1357955247180808
seg_4458,52.12153,0.366658,0.8514918804273853,lighting,50000,0.21735885179475045
seg_4459,51.481501,-0.323988,0.8600510786342832,speed_bump,30000,0.2946766393436956
seg_4460,52.214467,-2.22976,0.9076808092497858,lighting,20000,0.27544785255499893
seg_4461,53.184061,-2.528958,0.8657379100776147,speed_bump,20000,0.10505037658591546
seg_4462,50.270508,-3.8072,0.8133546674501767,speed_bump,30000,0.1547453248924693
seg_4463,53.199765,-2.940686,0.8211184457878278,speed_bump,50000,0.13145149178740442
seg_4464,51.769585,-0.527097,0.8847686443381488,speed_bump,20000,0.2951355683795803
seg_4465,53.424809,-2.915443,0.8687294422211866,lighting,30000,0.14712204691956302
seg_4466,53.485476,-2.24516,0.8694049066209935,signage,30000,0.1402626370077588
seg_4467,51.292939,-0.297571,0.8761465241560613,signage,20000,0.22417505871645182
seg_4468,54.132021,-1.547426,0.8246663158858705,signage,50000,0.21123731671495727
seg_4469,55.956677,-3.186451,0.8469240348609925,signage,50000,0.14517029675624699
seg_4470,52.972589,-1.337897,0.8228300438362112,speed_bump,30000,0.23407297290744844
seg_4471,51.554994,0.060718,0.8452526653888068,signage,50000,0.11940144225893784
seg_4472,52.473007,-0.992375,0.8131377365002426,speed_bump,50000,0.10387381320617844
seg_4473,51.577842,-0.082866,0.8659373966004928,lighting,50000,0.11648295814126937
seg_4474,53.045241,-2.995196,0.8806777396736573,signage,20000,0.1729736451951545
seg_4475,51.506675,-0.277655,0.8716190982067766,lighting,20000,0.2950032655749635
seg_4476,50.828217,-0.288264,0.8438953416340625,signage,30000,0.20944939976187277
seg_4477,51.694541,-2.218003,0.8718228826828031,speed_bump,20000,0.25094522060309343
seg_4478,50.959053,-3.293847,0.9334665162756332,signage,20000,0.16429915044631188
seg_4479,52.665961,0.93171,0.8760311436499792,speed_bump,30000,0.24386781309666583
seg_4480,51.364014,0.535701,0.8900474546764308,speed_bump,30000,0.2932362396244715
seg_4481,51.232639,-0.333381,0.7808786086219821,lighting,20000,0.17155217805641065
seg_4482,50.802088,-1.938806,0.8730053996100606,signage,20000,0.299811886947005
seg_4483,52.471071,-1.558456,0.8032216953928162,lighting,20000,0.2276819902063332
seg_4484,52.420102,-1.932621,0.8849077589639955,speed_bump,30000,0.24971828249294475
seg_4485,53.71514,-2.56242,0.8466088126804919,speed_bump,50000,0.15043344776963
seg_4486,52.166132,-2.206074,0.8209964770024378,speed_bump,30000,0.2286181538354483
seg_4487,51.573555,-1.756106,0.8905278843155824,lighting,20000,0.20220125029247749
seg_4488,51.001994,-2.974222,0.7342656265380388,speed_bump,30000,0.2912805290954872
seg_4489,52.29012,-1.539013,0.8952405861703664,speed_bump,20000,0.28093500955790307
seg_4490,51.575869,-0.238094,0.8892924117355094,lighting,20000,0.17933451978501544
seg_4491,51.894321,-2.130569,0.8828627271165255,lighting,20000,0.2893739503076467
seg_4492,53.36574,-2.724592,0.8718228826828031,signage,30000,0.27696251055000193
seg_4493,52.219105,-0.006204,0.7371042937706236,lighting,30000,0.21807677007382784
seg_4494,51.415833,-0.187161,0.8265419511490008,lighting,30000,0.11642358175790807
seg_4495,51.353873,0.738391,0.8793426011109614,speed_bump,30000,0.13215804813190754
seg_4496,51.523488,-0.080537,0.858705763764342,lighting,30000,0.11537484893476005
seg_4497,51.523699,-0.126947,0.8957179958345405,speed_bump,50000,0.12159862292981222
seg_4498,54.865491,-1.786513,0.8314913126843041,lighting,50000,0.2953904748786155
seg_4499,51.708275,-0.041748,0.8905278843155824,speed_bump,20000,0.14243345984323047
seg_4500,53.955986,-1.081321,0.8800368254623406,signage,50000,0.2381709164681326
seg_4501,51.469045,-0.145313,0.8879122650106923,speed_bump,20000,0.22730565153655394
seg_4502,52.965595,-1.138682,0.87808815829286,signage,20000,0.22622897297060077
seg_4503,52.335953,-1.36632,0.863666018817732,signage,30000,0.14134079991920595
seg_4504,51.722036,-0.451619,0.7714100760744074,lighting,20000,0.2158693188769219
seg_4505,55.93624,-3.209039,0.8808198036802879,speed_bump,30000,0.2251076699169903
seg_4506,55.065524,-1.577822,0.8597257377887327,lighting,20000,0.21408106332902221
seg_4507,51.442827,-0.955929,0.8685316766222858,speed_bump,30000,0.13723249345513572
seg_4508,52.761973,-1.32435,0.8592105842438866,lighting,50000,0.2446121194149418
seg_4509,50.769957,-0.741663,0.880332736166794,signage,50000,0.11464863238330221
seg_4510,53.057074,-2.189157,0.8705563897472253,lighting,20000,0.21824000236392438
seg_4511,55.777758,-4.053348,0.8742517439241193,speed_bump,30000,0.18725186648026265
seg_4512,51.556034,-0.074551,0.7901538110541024,lighting,30000,0.15005731862661473
seg_4513,53.463541,-2.95916,0.858249452909064,signage,30000,0.26147779780522773
seg_4514,51.555523,-0.14901,0.8866175064016307,signage,30000,0.13517851333443678
seg_4515,51.386499,-0.522803,0.8329201228388553,signage,50000,0.2865963519795902
seg_4516,51.459775,-0.19089,0.8704372332643087,speed_bump,30000,0.2769130056642374
seg_4517,53.424093,-2.934645,0.9005173227750383,lighting,20000,0.1721175094324166
seg_4518,52.530716,1.260083,0.8131377365002426,signage,50000,0.16103058617171867
seg_4519,55.920067,-3.526184,0.8195548960339194,speed_bump,50000,0.12749733668378044
seg_4520,53.482245,-2.345201,0.8687294422211866,signage,20000,0.2832655631867912
seg_4521,53.679755,-1.659932,0.8748503009643289,signage,30000,0.2255063717646544
seg_4522,51.373219,0.097662,0.8780836571108344,speed_bump,50000,0.10635671642868064
seg_4523,53.74039,-2.481795,0.8705563897472253,signage,30000,0.2021998829123221
seg_4524,51.482637,-0.186385,0.8703065099636137,signage,30000,0.11715978956587739
seg_4525,51.338545,-0.202128,0.7659837115959455,speed_bump,50000,0.21475013699056833
seg_4526,51.283445,0.040895,0.813476322262668,lighting,50000,0.2017923436641625
seg_4527,52.928154,-1.286806,0.8783897232626303,lighting,30000,0.11656920910054441
seg_4528,53.034818,-3.208218,0.7501977950494252,speed_bump,20000,0.26317211862335455
seg_4529,54.981185,-1.61524,0.8777301639603974,speed_bump,30000,0.15246343543325552
seg_4530,51.543932,0.698169,0.8432247340709114,lighting,50000,0.2082968728333398
seg_4531,51.772757,-3.88082,0.7693748758259177,lighting,20000,0.22780777532610688
seg_4532,53.747168,-2.384521,0.8705715289236796,signage,30000,0.29246090671503333
seg_4533,53.243,-1.025331,0.7223510335780026,signage,30000,0.1987623385759692
seg_4534,53.38621,-1.060405,0.7366779106395199,lighting,20000,0.2834631544575847
seg_4535,50.789201,0.296867,0.8888831607833779,speed_bump,30000,0.17097146826953977
seg_4536,53.413339,-2.096697,0.8662479861618091,lighting,50000,0.27148744032999894
seg_4537,55.596029,-4.390667,0.8266420517280454,signage,20000,0.14716524539028336
seg_4538,53.851132,-1.392975,0.8032216953928162,signage,30000,0.24149595248708355
seg_4539,51.429564,-0.482674,0.8778270788896069,signage,50000,0.11772239875099931
seg_4540,51.572474,-1.115715,0.8224026216185021,speed_bump,20000,0.29721007133673183
seg_4541,51.530923,0.033245,0.8831320409771359,speed_bump,30000,0.29078727997247356
seg_4542,53.408982,-1.364687,0.8760311436499792,signage,20000,0.18844272770347553
seg_4543,53.000465,-2.093097,0.8248604829701514,speed_bump,30000,0.20478704359805072
seg_4544,52.41426,-1.784281,0.8888831607833779,speed_bump,30000,0.21955497246360442
seg_4545,51.520754,-0.145374,0.8778270788896069,signage,20000,0.155007511937934
seg_4546,51.461202,-2.538631,0.8478451237709821,speed_bump,20000,0.23489428704103252
seg_4547,51.463409,-2.539737,0.8748503009643289,signage,30000,0.2397123893209032
seg_4548,51.51512,0.031821,0.848027143895286,speed_bump,50000,0.20501529846505512
seg_4549,53.408123,-2.219985,0.8765137495320059,signage,20000,0.12954813849704355
seg_4550,52.681168,1.370747,0.8608213997124884,lighting,50000,0.28383718877832
seg_4551,51.567824,0.01065,0.8808082674952109,lighting,20000,0.12300901646912306
seg_4552,51.459693,-2.583205,0.8606370555323578,lighting,30000,0.22583443374210227
seg_4553,51.55941,-0.116391,0.8607408423021513,speed_bump,30000,0.12061771932195103
seg_4554,51.533496,0.055854,0.9096450389306111,signage,30000,0.12922014182658453
seg_4555,51.456165,-0.32936,0.8951536348631989,lighting,20000,0.1041076628057658
seg_4556,52.994349,-1.24817,0.8639093590313077,lighting,50000,0.1726728167713519
seg_4557,52.689165,-1.126128,0.8149578058693517,signage,20000,0.22791651288440756
seg_4558,51.623913,0.00157,0.8033716915262668,signage,50000,0.2043088439465744
seg_4559,52.197945,0.122089,0.8295049605094362,speed_bump,30000,0.23490783024969714
seg_4560,51.530124,0.037824,0.9145334974649658,speed_bump,30000,0.23500377217419058
seg_4561,53.425727,-1.415425,0.8680642954332026,speed_bump,20000,0.12803474879884774
seg_4562,55.875611,-4.293516,0.8467139724986471,lighting,30000,0.11146748068434312
seg_4563,53.383701,-3.036449,0.863272061515068,lighting,50000,0.22507162808693396
seg_4564,54.277203,-0.412701,0.8858534684033869,signage,50000,0.23064486099504852
seg_4565,53.268583,-2.350375,0.7480758473680846,speed_bump,50000,0.21134074702834088
seg_4566,51.458369,-2.596143,0.8733134666722852,signage,20000,0.14915249326481414
seg_4567,51.661396,-0.569501,0.818782085549202,signage,30000,0.26215304339645074
seg_4568,52.473495,-1.918848,0.8718228826828031,lighting,30000,0.11513720309925142
seg_4569,54.134833,-0.796327,0.8804627776426374,lighting,50000,0.22646235786427185
seg_4570,51.387807,1.396527,0.8704372332643087,signage,50000,0.12408230717587443
seg_4571,51.48522,-3.208443,0.8867249781439189,lighting,50000,0.23088954328664593
seg_4572,53.319952,-2.690819,0.8778993593534077,speed_bump,20000,0.1835451575646993
seg_4573,51.920609,-0.224627,0.7629688389471555,signage,20000,0.24362061108753427
seg_4574,57.132346,-2.094953,0.7669150157643988,signage,50000,0.11043844049538694
seg_4575,51.272473,0.053212,0.8637582653506912,signage,50000,0.2110165976960736
seg_4576,52.335111,0.352653,0.7687513568607275,lighting,30000,0.12897557977601593
seg_4577,55.85384,-3.143218,0.7867573484746397,lighting,20000,0.23647632632209473
seg_4578,51.401002,-0.658694,0.979731118701829,lighting,20000,0.12399112626233649
seg_4579,53.714036,-2.776203,0.8198362199082709,lighting,50000,0.11471666459038517
seg_4580,51.394621,-0.042524,0.8221564333758742,lighting,30000,0.2426245596367225
seg_4581,55.843712,-4.268427,0.8835513828170589,signage,30000,0.11270638691365648
seg_4582,50.850096,-1.22904,0.8242345204645491,lighting,50000,0.1449061635863032
seg_4583,53.641063,-1.842992,0.8856512868004818,signage,20000,0.2649470394251344
seg_4584,52.392473,1.283998,0.8624909786370449,speed_bump,50000,0.2619376615616452
seg_4585,51.571516,-0.777552,0.8690513646590824,speed_bump,20000,0.27082515155615516
seg_4586,51.745913,-1.231992,0.8759873080403942,lighting,50000,0.16521997791774273
seg_4587,52.333535,-1.408211,0.7439698890503792,lighting,50000,0.20560960575004184
seg_4588,51.603925,-0.699971,0.7212147103946015,speed_bump,30000,0.25466947052123035
seg_4589,53.490958,-2.286038,0.8100287680447021,lighting,20000,0.1273971030022161
seg_4590,51.920924,-0.655351,0.8775397761816214,signage,20000,0.24487817584314364
seg_4591,50.381707,-4.129073,0.8718228826828031,lighting,20000,0.11949726987893093
seg_4592,53.415342,-2.149368,0.8600232219846694,lighting,50000,0.2826501217253735
seg_4593,52.449361,-1.758066,0.8659222049573487,signage,20000,0.22746203650232516
seg_4594,50.924425,-0.143414,0.8835513828170589,speed_bump,30000,0.19866106253795118
seg_4595,52.063487,-2.663682,0.8223357068929539,lighting,30000,0.19694585093343284
seg_4596,51.854832,-0.423395,0.8228300438362112,signage,50000,0.13627240956898207
seg_4597,53.549556,-1.516233,0.7400982571847969,lighting,50000,0.16918347449093074
seg_4598,51.366126,0.516997,0.7789206567756427,signage,30000,0.24542473306342982
seg_4599,52.48113,-1.731829,0.8437529486094435,signage,50000,0.2081887241708777
seg_4600,51.462492,-0.008957,0.8774692402059927,signage,30000,0.20586124082005258
seg_4601,55.025661,-1.472027,0.760361168983097,signage,30000,0.1390491789091159
seg_4602,53.614752,-0.962202,0.877737079593542,lighting,20000,0.2380724623907368
seg_4603,51.196415,-2.15024,0.770958936787228,signage,20000,0.17840678021227005
seg_4604,53.110323,-2.42925,0.8733134666722852,lighting,30000,0.13655066768770682
seg_4605,51.459818,-2.594146,0.898168685887365,speed_bump,20000,0.28875695031926585
seg_4606,52.919513,-3.043179,0.8131377365002426,lighting,20000,0.201359749373121
seg_4607,53.557541,-2.464921,0.8760311436499792,speed_bump,30000,0.20560732950247307
seg_4608,52.983008,-1.152441,0.8256709062769158,signage,30000,0.2962743820429612
seg_4609,51.413101,0.387849,0.8816271948307352,speed_bump,50000,0.17328122743409868
seg_4610,50.713034,-2.550662,0.7342656265380388,lighting,50000,0.2886041369124899
seg_4611,51.552265,-0.125052,0.8800522573340586,lighting,50000,0.238985072227096
seg_4612,53.412695,-2.679232,0.8323012654909696,signage,20000,0.22661912654895996
seg_4613,51.433156,-0.268193,0.7572553010574267,speed_bump,30000,0.14688366038849612
seg_4614,51.470072,-0.132885,0.8422063507151877,speed_bump,50000,0.11035113447755802
seg_4615,52.358061,-1.532139,0.7435487283306567,speed_bump,30000,0.18755676765702775
seg_4616,52.785486,-1.243101,0.8289205661739868,lighting,30000,0.10203419239914502
seg_4617,51.80599,-0.324725,0.8288134167385981,speed_bump,30000,0.11420050215407669
seg_4618,51.561497,-0.180219,0.880332736166794,speed_bump,30000,0.2190653511388746
seg_4619,56.524199,-2.714842,0.8808005373375898,signage,30000,0.24489436661460548
seg_4620,53.795315,-2.24074,0.8911406176899445,speed_bump,20000,0.1335896663848554
seg_4621,55.955737,-2.787774,0.7987582232969039,signage,30000,0.24650008253475478
seg_4622,56.176906,-3.139271,0.768260315713157,signage,20000,0.2899451653189503
seg_4623,53.063869,-2.252014,0.8521869169004459,lighting,50000,0.24863521614523934
seg_4624,51.31866,-0.511479,0.8482886889345884,speed_bump,50000,0.25694304391500655
seg_4625,53.752994,-0.355312,0.8833420383113613,speed_bump,30000,0.24014251605367434
seg_4626,51.267449,-0.59747,0.8690513646590824,lighting,30000,0.14494748809095023
seg_4627,52.552739,-1.383541,0.8527739844489187,lighting,50000,0.17217798843116722
seg_4628,53.579346,-2.100104,0.9097774681655889,signage,30000,0.2898533925539635
seg_4629,51.263177,-2.276381,0.8413212652936808,speed_bump,30000,0.23224211579402373
seg_4630,51.914229,-0.531528,0.8133546674501767,lighting,20000,0.2578049467868144
seg_4631,52.054272,-2.717215,0.8693187344911308,lighting,20000,0.29373892376893546
seg_4632,56.451578,-2.98976,0.8705563897472253,lighting,20000,0.14628738410253314
seg_4633,52.896209,-1.266816,0.8637545469460456,lighting,20000,0.1643373334653107
seg_4634,51.491266,-0.051639,0.8806777396736573,lighting,50000,0.22896033056689993
seg_4635,53.358183,-2.760255,0.8160748171164787,signage,30000,0.10487149475680146
seg_4636,53.175237,-3.077051,0.9078330017905517,signage,50000,0.21424381546674115
seg_4637,56.373217,-3.841521,0.8215068110236207,speed_bump,30000,0.26173767590289976
seg_4638,52.270749,0.113839,0.8303652455192708,speed_bump,50000,0.22208867476482502
seg_4639,53.036706,-1.208956,0.8391780123935494,signage,30000,0.15907865677922217
seg_4640,51.523561,0.068525,0.8500173076848866,signage,30000,0.24482081666721234
seg_4641,51.591213,-0.14265,0.8589015036105728,lighting,50000,0.1292063249359891
seg_4642,50.885917,-1.039084,0.8438953416340625,signage,30000,0.2789546938557034
seg_4643,51.49862,-0.468423,0.8888831607833779,lighting,20000,0.12018300620809108
seg_4644,51.464124,-0.164084,0.8606370555323578,lighting,30000,0.27269822675248695
seg_4645,51.510767,-3.663061,0.746735505299509,speed_bump,30000,0.1995618855472465
seg_4646,52.601738,-2.130787,0.8588482408307422,signage,30000,0.18572940069756036
seg_4647,53.873647,-3.019627,0.8842021822682449,lighting,50000,0.20013235211508626
seg_4648,51.753251,-0.227242,0.8805030066127716,lighting,50000,0.14004126061858424
seg_4649,53.419481,-2.15331,0.8514558562751968,lighting,30000,0.1915371159117627
seg_4650,52.976887,0.00292,0.8617569211990833,speed_bump,20000,0.2699439631797317
seg_4651,51.610251,0.0378,0.8597042032991686,signage,30000,0.2601910484437598
seg_4652,54.825999,-3.000644,0.7624342052791623,lighting,50000,0.13260970689826584
seg_4653,51.507731,-0.140716,0.8805030066127716,lighting,20000,0.23468419562581236
seg_4654,51.446632,0.155571,0.7987582232969039,lighting,50000,0.27136745299308507
seg_4655,53.620838,-1.363173,0.840751426726247,lighting,30000,0.26395351772376185
seg_4656,53.521186,-1.126352,0.8847686443381488,lighting,50000,0.18512648865943626
seg_4657,51.445298,-0.330333,0.858249452909064,speed_bump,50000,0.10961856806922317
seg_4658,52.58399,-0.245492,0.8659222049573487,speed_bump,50000,0.28623388459474985
seg_4659,52.574841,-1.991999,0.8896739408174394,speed_bump,50000,0.1791770231696124
seg_4660,52.980164,-1.131958,0.7818354200313558,signage,20000,0.17219532745126875
seg_4661,51.847281,-3.848209,0.8046313020732515,speed_bump,30000,0.25190298889576257
seg_4662,51.342397,-0.109795,0.887484938768829,lighting,20000,0.1527944430984045
seg_4663,51.655842,-0.204489,0.8694049066209935,speed_bump,20000,0.2669495846334584
seg_4664,50.898738,-1.378148,0.8728909250039701,lighting,20000,0.11521031216386313
seg_4665,51.787396,-0.787494,0.8835900195634384,signage,50000,0.24814224014324218
seg_4666,52.979153,-1.199359,0.846876582359446,lighting,30000,0.2931578980883063
seg_4667,51.354787,1.122649,0.8109533763992033,lighting,50000,0.2991537593748347
seg_4668,51.514278,-0.211211,0.9078330017905517,signage,20000,0.2847608720128333
seg_4669,51.920154,-1.203285,0.749690413366719,speed_bump,20000,0.2741524810812619
seg_4670,51.564088,-0.80109,0.8978034771218825,lighting,50000,0.15577604489154603
seg_4671,51.407042,-0.229782,0.8705563897472253,signage,50000,0.29332967252595277
seg_4672,53.761044,-1.776319,0.8512591614879486,lighting,50000,0.28557931876287057
seg_4673,52.503091,-1.991143,0.8547121191250873,signage,20000,0.20687450140503733
seg_4674,52.398129,-0.715557,0.858797549180867,signage,30000,0.1804155308787359
seg_4675,50.395244,-4.11181,0.8786417551846124,speed_bump,20000,0.12185345071163765
seg_4676,51.433423,-0.184882,0.8912893786170506,speed_bump,50000,0.21812681556502495
seg_4677,51.562268,0.718864,0.8476572874844607,speed_bump,20000,0.24010918970443954
seg_4678,51.589939,0.062878,0.8718228826828031,speed_bump,50000,0.1807993166363058
seg_4679,51.381961,0.528582,0.8659222049573487,lighting,20000,0.18120591212610637
seg_4680,53.7944,-1.863491,0.7997881169716813,lighting,20000,0.21466227814286076
seg_4681,51.630272,-3.832438,0.8557369924602973,lighting,50000,0.10555681918143237
seg_4682,56.329125,-2.80596,0.8691380290833993,signage,30000,0.2915731792773498
seg_4683,53.755057,-2.712954,0.8874561492981516,lighting,30000,0.1579811414193419
seg_4684,52.662039,-2.031164,0.8694049066209935,speed_bump,30000,0.12817817235377602
seg_4685,54.065142,-2.876534,0.8606370555323578,signage,20000,0.10109767922691809
seg_4686,50.985224,-4.196468,0.757610846459222,signage,50000,0.27137830827714265
seg_4687,53.319853,-1.528742,0.8705563897472253,lighting,30000,0.2726414751599338
seg_4688,51.934963,1.0629,0.8234895425794642,lighting,20000,0.11906132090354203
seg_4689,52.976962,-0.947181,0.8215068110236207,signage,30000,0.1304482605777602
seg_4690,51.685864,-0.164067,0.8309369619687645,lighting,20000,0.18958044625155357
seg_4691,51.760562,-3.355899,0.8771851600593772,lighting,20000,0.13714083461326312
seg_4692,55.82847,-4.247308,0.8848808181041865,signage,30000,0.24716422736735136
seg_4693,53.479241,-2.36371,0.8705563897472253,signage,20000,0.11160794914114447
seg_4694,53.464613,-2.289476,0.8761385089704191,signage,20000,0.20994186647717322
seg_4695,53.260625,-1.428202,0.8757333617299232,signage,30000,0.17655831302278083
seg_4696,53.07995,-1.429704,0.8518715383148202,lighting,30000,0.1929892967384503
seg_4697,53.155743,-2.91415,0.8110709587816983,lighting,20000,0.18495142353912036
seg_4698,50.262328,-5.039289,0.8242095241402523,lighting,50000,0.13063183650693072
seg_4699,51.857999,-2.219663,0.8749265399522802,lighting,50000,0.14405629706171247
seg_4700,51.893199,-0.40127,0.8757333617299232,signage,20000,0.11296153978208533
seg_4701,51.158999,0.214645,0.874881675937652,lighting,20000,0.12305711505981426
seg_4702,52.08114,0.424801,0.8601800238889546,speed_bump,30000,0.29557896448378296
seg_4703,51.57667,0.045101,0.8606370555323578,signage,50000,0.15595736233545038
seg_4704,51.564118,-0.135242,0.793761607820155,signage,20000,0.16140510786791284
seg_4705,53.827548,-1.393315,0.8222320932880077,lighting,50000,0.1254212660864242
seg_4706,51.373828,-0.054184,0.8685316766222858,speed_bump,20000,0.2510328408993503
seg_4707,52.409791,-1.991471,0.8305831090779333,speed_bump,20000,0.2848285620374564
seg_4708,55.839779,-4.095428,0.8248604829701514,signage,50000,0.2579501074133302
seg_4709,53.796322,-3.022304,0.8808198036802879,speed_bump,20000,0.22252316588683435
seg_4710,53.975269,-2.773991,0.7366779106395199,lighting,20000,0.2626465831221152
seg_4711,51.514627,-0.129766,0.8594520200921291,signage,50000,0.1808460465865717
seg_4712,50.428917,-3.584287,0.8800368254623406,signage,30000,0.2718994710161375
seg_4713,52.515953,-1.97241,0.8805030066127716,speed_bump,30000,0.2597037699276364
seg_4714,52.966527,-1.108944,0.8454487557329182,lighting,50000,0.10034492885126381
seg_4715,51.708268,-0.041314,0.8816271948307352,speed_bump,30000,0.1975588269835034
seg_4716,51.654431,-0.405784,0.8748503009643289,signage,30000,0.15292331521584523
seg_4717,52.618674,-1.630133,0.8484617143565997,signage,20000,0.1172465832735391
seg_4718,51.375199,-0.411049,0.8423394584180989,speed_bump,30000,0.26923920854955496
seg_4719,50.926234,-1.316357,0.7400982571847969,lighting,20000,0.10158993686022447
seg_4720,53.758616,-0.288193,0.8797431333289853,speed_bump,50000,0.24603270041107206
seg_4721,51.730227,-2.203826,0.8858134608144594,signage,30000,0.2976384241994372
seg_4722,51.291358,-0.337645,0.8888831607833779,signage,20000,0.19640395334124713
seg_4723,51.754625,0.441318,0.8770973704521865,lighting,50000,0.17424810598828694
seg_4724,54.706912,-1.2232,0.8229633390802847,lighting,20000,0.22116659089494267
seg_4725,52.067414,-1.331235,0.7987582232969039,speed_bump,20000,0.26093956552953446
seg_4726,53.385999,-2.252786,0.8705563897472253,lighting,50000,0.14805039875505577
seg_4727,51.585789,0.498373,0.8828627271165255,signage,50000,0.15014028583070724
seg_4728,51.072262,-2.644408,0.6908335995361381,lighting,50000,0.22143560281736935
seg_4729,53.422572,-2.114332,0.8680650198970753,speed_bump,30000,0.287975964170861
seg_4730,51.562873,-1.764675,0.8843772131862476,signage,50000,0.1596879951517527
seg_4731,52.836712,-1.613112,0.8539387925827604,signage,20000,0.17535093264580262
seg_4732,52.38819,0.68073,0.8659127112992964,signage,30000,0.2986666602920579
seg_4733,56.01295,-3.74416,0.8900829215516686,lighting,20000,0.13524443304130315
seg_4734,50.683239,-3.364243,0.8605490860609336,signage,30000,0.11539363367506082
seg_4735,50.85717,-1.050317,0.8831320409771359,speed_bump,20000,0.21795104777612123
seg_4736,51.445244,-0.222692,0.8692644364159976,lighting,20000,0.10485339768432661
seg_4737,51.554536,-0.297629,0.8458254266406374,speed_bump,30000,0.13608664625496453
seg_4738,53.409937,-1.392625,0.846876582359446,speed_bump,50000,0.2244418361380936
seg_4739,52.089985,0.15477,0.8348682382000149,speed_bump,30000,0.2319024801382666
seg_4740,53.806868,-1.48822,0.8628624605556141,lighting,30000,0.20208504992952392
seg_4741,53.069013,-0.282682,0.7506738547757813,speed_bump,30000,0.17674960924587665
seg_4742,53.730613,-1.403049,0.8302749903406541,speed_bump,30000,0.21523951688436965
seg_4743,51.578133,-0.073184,0.8694049066209935,lighting,20000,0.22867715060664776
seg_4744,53.478373,-2.132337,0.8241931158511356,signage,30000,0.26069640925833015
seg_4745,54.569869,-1.226226,0.8766272639129639,lighting,50000,0.2585501656419695
seg_4746,53.261922,-2.818491,0.7686420697851145,signage,20000,0.23296015310298956
seg_4747,50.378298,-5.085892,0.8131377365002426,lighting,30000,0.27884651664569315
seg_4748,52.982989,-2.562696,0.856821637326877,signage,50000,0.26760505071908375
seg_4749,54.890417,-1.452595,0.8705715289236796,speed_bump,30000,0.12664920164358803
seg_4750,51.65541,-3.021028,0.8928238341418688,lighting,20000,0.2913358882646967
seg_4751,51.897796,-0.718103,0.8211637784351603,lighting,30000,0.2783484604635841
seg_4752,51.54463,-0.08109,0.8705563897472253,signage,50000,0.16418543590159196
seg_4753,51.406948,-0.229498,0.7938097502730195,signage,20000,0.1040368837214079
seg_4754,52.479132,-2.113196,0.8397229395794316,lighting,30000,0.22079518935165748
seg_4755,51.423101,-0.128906,0.8093342122421427,speed_bump,50000,0.1876835153732776
seg_4756,53.498196,-1.283481,0.8761215483617639,speed_bump,20000,0.2499133325172264
seg_4757,52.188473,-2.235038,0.8888831607833779,lighting,30000,0.2049199529017245
seg_4758,53.689263,-2.727591,0.863272061515068,speed_bump,50000,0.11529808705018936
seg_4759,53.854741,-2.967932,0.7629688389471555,signage,30000,0.14893748405095517
seg_4760,51.428919,-0.666249,0.8561871368911903,signage,30000,0.27650475122530593
seg_4761,51.7909,0.627456,0.8734197448581773,signage,20000,0.10753793914301002
seg_4762,51.756924,-0.353579,0.882741379105823,lighting,50000,0.2473339338796574
seg_4763,51.502352,-0.542501,0.8786417551846124,lighting,30000,0.15838870159028645
seg_4764,51.246794,-0.720096,0.8592164292102253,speed_bump,50000,0.1905279606084994
seg_4765,52.992089,-2.276771,0.7768927032663168,lighting,30000,0.2062010863823217
seg_4766,52.639143,1.24807,0.8775397761816214,speed_bump,30000,0.1500162714614402
seg_4767,51.332598,1.369846,0.7882541265779204,lighting,30000,0.23039208859953256
seg_4768,51.559438,-0.446035,0.8692644364159976,lighting,50000,0.23868844361957522
seg_4769,52.093833,0.280484,0.7629332092145249,lighting,50000,0.11701189593415502
seg_4770,52.083118,0.920342,0.7659837115959455,lighting,20000,0.17478541517028412
seg_4771,52.437634,1.562884,0.8659373966004928,signage,50000,0.2488754602412583
seg_4772,55.06781,-2.19304,0.7952719040728745,lighting,50000,0.24432751196822636
seg_4773,57.221042,-2.153637,0.761714443070736,signage,20000,0.2089206687810478
seg_4774,51.48139,0.363173,0.8800368254623406,lighting,20000,0.2555349559736028
seg_4775,51.231012,-0.599175,0.863272061515068,lighting,50000,0.12152897860796866
seg_4776,52.932742,-1.498442,0.8913749011256838,speed_bump,50000,0.12364225356890601
seg_4777,51.494717,-0.125398,0.8500418001450094,signage,30000,0.23149786005926895
seg_4778,51.767225,-0.33674,0.8694049066209935,lighting,30000,0.23866677357902577
seg_4779,52.189943,-2.218808,0.8765137495320059,lighting,50000,0.2629053710642141
seg_4780,51.322309,-0.210657,0.8694049066209935,signage,20000,0.1362073755546514
seg_4781,52.911418,-0.636922,0.8858534684033869,speed_bump,20000,0.20335433188622104
seg_4782,57.876542,-4.170959,0.8597257377887327,speed_bump,50000,0.23216625942711647
seg_4783,51.141671,1.328506,0.8507659774900554,signage,20000,0.144739914765803
seg_4784,54.636965,-3.540649,0.8858534684033869,signage,30000,0.20338557311879812
seg_4785,53.354436,-1.353637,0.8246663158858705,speed_bump,30000,0.2276890048781192
seg_4786,53.480562,-2.342626,0.8389989999204623,speed_bump,30000,0.14288990229553605
seg_4787,51.347622,-2.977026,0.8241931158511356,lighting,20000,0.17511268205002828
seg_4788,51.48439,0.01994,0.8864427423502513,lighting,50000,0.1432677620271416
seg_4789,51.706366,0.883985,0.757610846459222,speed_bump,50000,0.2805885808857197
seg_4790,52.578761,1.72063,0.8680642954332026,lighting,20000,0.14735977638599834
seg_4791,52.886269,-2.712143,0.8090127512917793,signage,30000,0.1241669251971594
seg_4792,52.421152,1.715423,0.8133546674501767,signage,20000,0.10703106230542875
seg_4793,51.53431,-0.022838,0.8920872464216529,lighting,20000,0.10899069448227004
seg_4794,50.810575,-1.086051,0.8009486962111896,speed_bump,50000,0.1383172469933634
seg_4795,51.531851,-3.39047,0.8705563897472253,lighting,30000,0.22164170226139046
seg_4796,50.437885,-4.71791,0.8341633581154094,speed_bump,30000,0.10352997490222454
seg_4797,51.753616,-0.473575,0.8780836571108344,lighting,50000,0.15734878495142943
seg_4798,52.399079,-1.745261,0.8892924117355094,speed_bump,50000,0.11163337826465987
seg_4799,50.203006,-5.145753,0.7877166607044158,speed_bump,50000,0.18073175405983352
seg_4800,51.654072,-3.793642,0.8752296157453984,speed_bump,50000,0.10971534756597152
seg_4801,52.94769,-1.12917,0.8816469077358114,speed_bump,30000,0.22150835532416557
seg_4802,51.475531,-0.742359,0.8131377365002426,lighting,30000,0.23768485310380305
seg_4803,53.466174,-2.999742,0.8847686443381488,signage,20000,0.2462675099287527
seg_4804,51.56748,-1.77576,0.8273579502742333,signage,50000,0.14486867972925102
seg_4805,53.391695,-2.331386,0.8718228826828031,signage,20000,0.27370003239234864
seg_4806,53.106051,-1.332264,0.8718228826828031,speed_bump,50000,0.23805763346618528
seg_4807,50.710987,-1.165322,0.8270238920028783,signage,50000,0.11133004385996409
seg_4808,51.511313,-0.128464,0.8716190982067766,speed_bump,20000,0.18815334174028542
seg_4809,53.140219,-1.175811,0.8775397761816214,signage,50000,0.2535512986744962
seg_4810,53.485632,-1.535196,0.8435173776001321,lighting,50000,0.16217878534404595
seg_4811,53.097069,-1.22506,0.8707721395459898,lighting,30000,0.17631175478145295
seg_4812,51.566779,0.47453,0.8805030066127716,speed_bump,30000,0.22592076545930856
seg_4813,51.742197,-3.277569,0.8160748171164787,speed_bump,50000,0.11109617602317956
seg_4814,53.792634,-1.432158,0.8780836571108344,signage,30000,0.29338700810158347
seg_4815,50.830847,-0.172023,0.858249452909064,lighting,20000,0.13489620212194559
seg_4816,51.173919,-0.383216,0.8126409294121661,signage,20000,0.10533439992925207
seg_4817,56.400525,-3.419939,0.8828627271165255,lighting,50000,0.10106459640808406
seg_4818,55.624626,-3.522146,0.8499335756061954,speed_bump,30000,0.17991087499987915
seg_4819,52.510124,-1.863526,0.852498082687287,signage,20000,0.2768506730950755
seg_4820,56.313077,-3.373851,0.82972095312304,speed_bump,50000,0.26395241584358575
seg_4821,51.017365,-3.834973,0.8596843407540073,signage,20000,0.28240915964993896
seg_4822,51.823648,-0.365426,0.8866175064016307,signage,20000,0.20675646386577978
seg_4823,52.268627,0.768494,0.8456018019893357,signage,30000,0.18974924677503285
seg_4824,51.540866,0.081568,0.8659373966004928,speed_bump,20000,0.1771721952213589
seg_4825,57.482208,-3.195686,0.7657617178232036,speed_bump,30000,0.10928361515826118
seg_4826,54.546902,-1.737165,0.8575538727052617,lighting,50000,0.2819042512610307
seg_4827,53.313318,-3.508179,0.8131377365002426,speed_bump,50000,0.19923521845694547
seg_4828,51.528916,-3.089656,0.8617569211990833,signage,50000,0.191013486210302
seg_4829,52.286347,-1.539785,0.8391780123935494,speed_bump,20000,0.20303349740282345
seg_4830,54.533873,-1.203772,0.8302749903406541,speed_bump,20000,0.2588309036228401
seg_4831,50.955237,-1.455387,0.8133546674501767,lighting,50000,0.1448942171965128
seg_4832,52.907076,-1.1442,0.8400266099823095,speed_bump,30000,0.24198013579898464
seg_4833,53.554266,-1.481914,0.8387206574974276,lighting,50000,0.24215394817080657
seg_4834,53.486562,-2.241097,0.8705563897472253,signage,20000,0.26991055645163653
seg_4835,50.819778,-0.527882,0.8009486962111896,speed_bump,50000,0.10173671969277401
seg_4836,52.18462,0.213482,0.8889670177180423,lighting,30000,0.1340791086470264
seg_4837,51.821742,0.607482,0.7925488258862231,lighting,50000,0.1942093704089511
seg_4838,53.448895,-2.369881,0.8839035364841051,signage,20000,0.2701080774922957
seg_4839,51.732084,-0.344402,0.8266420517280454,signage,30000,0.29302337232559683
seg_4840,52.351265,-1.153875,0.8244407258020671,signage,50000,0.21897372293588024
seg_4841,51.458908,-2.520727,0.7883410009843169,lighting,30000,0.14242679508460404
seg_4842,56.458452,-2.998555,0.8728909250039701,lighting,30000,0.13691693916492914
seg_4843,53.374902,-2.840822,0.8288134167385981,lighting,20000,0.22788879079725347
seg_4844,51.552832,-0.285576,0.8628624605556141,signage,50000,0.14201382941188093
seg_4845,53.745765,-0.326629,0.8849077589639955,signage,20000,0.21061748478417724
seg_4846,51.700951,-0.243948,0.9188329381362805,signage,30000,0.2669623858287804
seg_4847,52.609709,-1.944145,0.8734197448581773,lighting,50000,0.177963929692418
seg_4848,55.913349,-4.434491,0.858249452909064,lighting,30000,0.17569443794838585
seg_4849,51.083513,-1.82041,0.8606370555323578,signage,30000,0.10722806737821476
seg_4850,51.49686,-0.135684,0.832988474289404,signage,20000,0.15081691568491098
seg_4851,53.558503,-2.658317,0.8943914771724963,signage,30000,0.23963829192385488
seg_4852,54.464852,-1.170833,0.8270238920028783,lighting,50000,0.17207824902643928
seg_4853,51.575458,-4.000676,0.8650077810790384,lighting,20000,0.1316597834579844
seg_4854,53.387767,-2.245952,0.8734197448581773,lighting,30000,0.12115354675206542
seg_4855,50.825882,0.166038,0.8364108227637785,signage,30000,0.11901067563014178
seg_4856,51.417273,-2.560519,0.8365440831290601,signage,20000,0.23182668662357903
seg_4857,51.544405,-0.08932,0.8770849122089348,speed_bump,50000,0.22252429575870974
seg_4858,53.369832,-2.930451,0.8858534684033869,lighting,30000,0.20370420112041698
seg_4859,54.139011,-3.201404,0.6960101111348012,signage,20000,0.20006528963182788
seg_4860,51.495586,-3.143171,0.8894539226879051,lighting,30000,0.1306273705375743
seg_4861,53.198821,-2.502796,0.8397229395794316,signage,50000,0.20012084495201743
seg_4862,51.511654,-0.127297,0.8639093590313077,signage,50000,0.11198755532007598
seg_4863,52.689806,-2.802004,0.7661692490229268,signage,30000,0.2851716917205376
seg_4864,50.855631,0.427447,0.8374630841065995,signage,30000,0.11160551080052138
seg_4865,55.343576,-4.779856,0.76751543360898,speed_bump,50000,0.18470603897878368
seg_4866,53.729457,-1.657109,0.8833420383113613,speed_bump,20000,0.10011421128063445
seg_4867,52.377828,-4.074073,0.8246663158858705,lighting,20000,0.2572300877566489
seg_4868,55.852913,-4.30576,0.8703242259405367,signage,30000,0.133234037707126
seg_4869,51.26097,-0.429468,0.8437832584022027,signage,30000,0.2849832035643356
seg_4870,51.458498,-0.373755,0.8849077589639955,lighting,30000,0.1087955495721129
seg_4871,51.531266,-3.682263,0.8778270788896069,signage,20000,0.26415746691288533
seg_4872,51.935301,-0.325149,0.8109533763992033,lighting,50000,0.23132756256311762
seg_4873,51.56653,-0.010471,0.8949167679505976,speed_bump,30000,0.1499471437771781
seg_4874,51.787812,0.632787,0.8828627271165255,lighting,50000,0.14048392184611896
seg_4875,53.394929,-2.973408,0.8610747024180011,speed_bump,50000,0.17153558667540447
seg_4876,51.493053,-0.51802,0.7800490030904871,speed_bump,50000,0.26568057663507094
seg_4877,51.65973,-0.05888,0.858249452909064,speed_bump,30000,0.27239130966709113
seg_4878,53.104408,-1.610117,0.8160748171164787,signage,30000,0.13505707590486515
seg_4879,53.814793,-1.560116,0.8438953416340625,signage,20000,0.17068960793686613
seg_4880,51.44549,-0.408755,0.9041146192726813,speed_bump,30000,0.14749827678045077
seg_4881,52.419576,-1.964236,0.8864427423502513,signage,50000,0.12452856952757958
seg_4882,51.131728,-2.99896,0.8685316766222858,speed_bump,30000,0.22928987750578558
seg_4883,53.250304,-1.428495,0.8757333617299232,lighting,20000,0.16917420464710706
seg_4884,51.499698,-0.361915,0.8720629277573755,lighting,20000,0.1450768089552668
seg_4885,51.665576,-1.296972,0.859675410995263,lighting,30000,0.27319955470039525
seg_4886,51.579478,-0.072983,0.8690513646590824,signage,30000,0.2496635861807133
seg_4887,51.550529,0.027917,0.8609027621681186,speed_bump,50000,0.2547522297392685
seg_4888,52.478977,-0.561093,0.8540816203175006,speed_bump,50000,0.10783917823665604
seg_4889,51.624162,0.008083,0.8432850900957162,speed_bump,30000,0.28302608984621325
seg_4890,52.061038,-0.971391,0.8201023360777607,signage,30000,0.21494767559484704
seg_4891,50.817,-3.087483,0.8273997600387248,speed_bump,50000,0.20076056093690375
seg_4892,53.471738,-2.241756,0.7803474256759896,lighting,20000,0.10211706920555624
seg_4893,53.824943,-2.416679,0.8339709375745882,lighting,30000,0.27953244208682093
seg_4894,53.537392,-2.590391,0.8555788873867246,speed_bump,30000,0.2087780940972001
seg_4895,51.525404,0.029972,0.8547121191250873,speed_bump,50000,0.26503069246810707
seg_4896,51.36702,1.442984,0.8432850900957162,signage,50000,0.23110219214765873
seg_4897,54.284619,-0.396727,0.8816469077358114,speed_bump,30000,0.25933872270217606
seg_4898,51.116941,0.773653,0.7607397427779098,signage,30000,0.23858634971156048
seg_4899,51.57524,-0.01298,0.6448703696111937,speed_bump,50000,0.28419278046716534
seg_4900,51.522766,-0.119201,0.8628624605556141,speed_bump,30000,0.14509683726790995
seg_4901,51.221768,-0.383688,0.7529967042803264,speed_bump,20000,0.14042002094658143
seg_4902,53.642985,-1.770348,0.8759873080403942,speed_bump,20000,0.2425083123890244
seg_4903,53.906882,-1.526118,0.8126409294121661,signage,50000,0.20027896011669377
seg_4904,50.75893,-2.209941,0.8575011927156356,lighting,30000,0.219832234066974
seg_4905,51.516159,-0.222692,0.8703242259405367,speed_bump,20000,0.2417084938382454
seg_4906,51.418692,-0.134408,0.880332736166794,lighting,50000,0.2094856394000005
seg_4907,52.924594,-1.025953,0.8370976048246999,signage,50000,0.2575386895332392
seg_4908,51.518943,-0.196474,0.8680642954332026,signage,30000,0.1637734711871705
seg_4909,51.404466,-0.03434,0.8685316766222858,speed_bump,20000,0.2717980887199384
seg_4910,56.3997,-3.436922,0.8808198036802879,signage,50000,0.12153527058512015
seg_4911,53.575983,-1.522834,0.8276220954073011,speed_bump,20000,0.22680079539223735
seg_4912,51.481485,-0.085615,0.8179727196684982,lighting,30000,0.2780265015053595
seg_4913,53.378036,-1.49112,0.8728909250039701,speed_bump,50000,0.15053882558034093
seg_4914,55.952281,-3.194964,0.8734197448581773,signage,30000,0.16536693498478258
seg_4915,54.006064,-1.537503,0.9329442208309877,lighting,20000,0.1610883556985478
seg_4916,51.26624,0.193564,0.8879122650106923,lighting,20000,0.21285274235500673
seg_4917,51.539341,0.081354,0.8370354181098999,lighting,30000,0.18257436311302971
seg_4918,51.378441,-0.103138,0.8505502618683282,signage,50000,0.12159185699898048
seg_4919,51.723769,-1.214705,0.8662479861618091,speed_bump,50000,0.27825744435129196
seg_4920,50.901085,-1.397144,0.8857442443017308,signage,20000,0.14093532583173482
seg_4921,52.900854,-1.424624,0.8211184457878278,signage,20000,0.2068160021977059
seg_4922,51.570545,0.111641,0.8694049066209935,speed_bump,50000,0.21896097918745228
seg_4923,52.824358,-0.040364,0.9121247651655061,signage,20000,0.10815036872950834
seg_4924,50.851905,0.391278,0.8244407258020671,lighting,20000,0.11914246553086745
seg_4925,53.540609,-2.575949,0.8628624605556141,lighting,30000,0.29433794208591035
seg_4926,50.389579,-4.05986,0.8806777396736573,speed_bump,30000,0.2329024680298765
seg_4927,53.72079,-1.539881,0.8879122650106923,speed_bump,20000,0.1067130354092854
seg_4928,52.234173,-0.286682,0.880118507542614,lighting,20000,0.25883984413059974
seg_4929,51.594272,-0.016336,0.8708335542211875,lighting,20000,0.2017085618554971
seg_4930,53.412656,-2.982087,0.8757333617299232,lighting,30000,0.11503991441569512
seg_4931,50.850261,-2.228391,0.769231611048914,signage,20000,0.23615041960955824
seg_4932,53.599124,-2.095315,0.8738854488064837,signage,20000,0.1998703611736937
seg_4933,53.180409,-1.259136,0.8128633862045094,signage,30000,0.14098396022218465
seg_4934,54.89684,-1.370412,0.8778270788896069,speed_bump,20000,0.27554045441776387
seg_4935,53.12831,-1.488695,0.7371042937706236,speed_bump,20000,0.15827597166005083
seg_4936,53.592503,-1.609717,0.8233185719931672,signage,30000,0.15691132709066155
seg_4937,52.509203,-2.049327,0.817608146137999,speed_bump,20000,0.15455471635845575
seg_4938,51.644283,-0.033089,0.8458254266406374,lighting,30000,0.2534911554178102
seg_4939,53.867319,-1.050175,0.747481359699633,speed_bump,30000,0.24122373407610642
seg_4940,51.234939,-2.313081,0.8600651827956957,signage,30000,0.28062913709407145
seg_4941,50.411967,-4.160679,0.8706424906726796,speed_bump,30000,0.14586784391685595
seg_4942,51.578981,-0.241727,0.8657379100776147,signage,50000,0.25727291910856165
seg_4943,50.906506,0.168783,0.8126409294121661,signage,20000,0.21460911530561919
seg_4944,51.372426,-0.08715,0.8650077810790384,lighting,20000,0.16173592193053357
seg_4945,56.247195,-5.052653,0.8273716252006651,signage,20000,0.10709082648155013
seg_4946,52.046072,1.096023,0.8508048371475456,speed_bump,50000,0.263789509970222
seg_4947,53.688491,-1.48799,0.9286557800964808,speed_bump,50000,0.14821427430267126
seg_4948,52.046138,-0.779075,0.8670132071594837,lighting,50000,0.2263486072429839
seg_4949,51.589573,-0.004415,0.8733134666722852,speed_bump,30000,0.2097735872119625
seg_4950,51.372523,0.558014,0.858705763764342,lighting,30000,0.10088990772935678
seg_4951,50.821191,0.23166,0.8445457845615582,lighting,30000,0.29886872598795244
seg_4952,52.783225,0.124628,0.8400266099823095,signage,20000,0.26286587116002574
seg_4953,51.319738,-2.734401,0.7994416859506625,lighting,30000,0.19729425412733642
seg_4954,52.957217,-1.148718,0.880332736166794,speed_bump,30000,0.2360682740484766
seg_4955,51.45828,-2.656724,0.8223357068929539,lighting,20000,0.19531884731815452
seg_4956,53.443635,-2.165878,0.8718228826828031,lighting,50000,0.24891725425574615
seg_4957,51.445191,-0.33796,0.8879122650106923,speed_bump,50000,0.12686570916377882
seg_4958,55.852288,-4.051797,0.8372817916476127,signage,20000,0.18927019904680606
seg_4959,52.58718,-2.125872,0.8680095281251984,signage,50000,0.16710743541457201
seg_4960,52.499391,-1.882313,0.8680650198970753,speed_bump,20000,0.19193104869880695
seg_4961,51.486496,0.017728,0.7901538110541024,speed_bump,50000,0.19009453057207282
seg_4962,51.513183,-0.304648,0.8849077589639955,signage,50000,0.12861878995583886
seg_4963,50.90825,-1.008144,0.8716190982067766,lighting,20000,0.29529771414180583
seg_4964,52.974649,-1.647472,0.8270238920028783,signage,30000,0.10309842855762562
seg_4965,51.518695,-2.202894,0.856821637326877,lighting,20000,0.10201458896347977
seg_4966,57.282535,-5.630261,0.8607857225670676,lighting,50000,0.17468826370673157
seg_4967,51.515614,-3.181864,0.8867249781439189,speed_bump,20000,0.2240752698693635
seg_4968,51.567063,0.43082,0.8778993593534077,lighting,20000,0.13593064536298566
seg_4969,52.035833,-0.350844,0.873095706495852,signage,20000,0.2066388007808322
seg_4970,51.584224,-1.843225,0.7212147103946015,signage,20000,0.24455439359269576
seg_4971,54.368819,-1.701209,0.8888831607833779,speed_bump,20000,0.11881212180803023
seg_4972,52.867871,-1.426546,0.8550252875604394,signage,30000,0.2968844816031867
seg_4973,51.568514,-1.800571,0.8606370555323578,signage,30000,0.16734012954785887
seg_4974,51.526021,-0.459575,0.8692644364159976,signage,30000,0.2284830827574498
seg_4975,51.625381,-0.059046,0.8559529077497536,signage,20000,0.12214397163731515
seg_4976,54.921192,-2.902241,0.8748687358116625,speed_bump,20000,0.24189727774426528
seg_4977,55.10288,-4.769856,0.8194205884102485,lighting,50000,0.26809126941249717
seg_4978,52.142415,-0.432256,0.8721173266738097,signage,20000,0.12105702846612448
seg_4979,50.552648,-3.510389,0.8806777396736573,speed_bump,20000,0.12517263087401326
seg_4980,52.240599,-2.132213,0.8389692465833248,signage,30000,0.15620948287744554
seg_4981,52.480832,-2.121593,0.858705763764342,signage,20000,0.10238716307506586
seg_4982,51.549253,-0.181738,0.8588482408307422,lighting,30000,0.29721025886744595
seg_4983,50.381654,-4.124626,0.9382799127884407,speed_bump,50000,0.21967681499052993
seg_4984,52.304538,-0.689726,0.8432247340709114,lighting,20000,0.2215178899927091
seg_4985,50.8211,-2.970107,0.833021213410837,lighting,50000,0.29179243393032717
seg_4986,53.670948,-1.630335,0.876133013246341,signage,30000,0.2664058508638854
seg_4987,51.46157,-0.173256,0.8606370555323578,signage,30000,0.2628485861936699
seg_4988,51.533698,-0.173686,0.8910725015393074,signage,30000,0.16790047398032512
seg_4989,52.746301,-0.080717,0.8316624061757316,signage,30000,0.1669726786929291
seg_4990,54.978149,-2.312135,0.7657617178232036,speed_bump,20000,0.15834759196252937
seg_4991,53.813219,-1.597165,0.8610747024180011,speed_bump,20000,0.16933915235526398
seg_4992,54.632799,-1.627397,0.8413212652936808,signage,50000,0.1739017522719701
seg_4993,53.688564,-0.958586,0.7659837115959455,speed_bump,20000,0.12800073779611867
seg_4994,50.907889,-1.341444,0.876804450599008,speed_bump,50000,0.17118957254041872
seg_4995,53.370092,-2.229167,0.8252218669428095,lighting,30000,0.1893494070489455
seg_4996,51.631501,-0.142739,0.8808198036802879,signage,50000,0.1618694677493317
seg_4997,52.522592,-1.841379,0.8831320409771359,signage,30000,0.13306939363150955
seg_4998,53.07576,-0.803512,0.8462839349530258,signage,30000,0.17468207963569954
seg_4999,51.968923,-0.369461,0.8655805870881796,speed_bump,30000,0.19618155464328718
